{"type": "FeatureCollection", "meta": {"region": "三重県 桑名市・いなべ市", "analyzed": "2026-08-16", "pipeline": "全筆→青地除外→面積800→ハザードCLEAR→AI reject<0.5(残す)", "model_auc": 0.857, "count": 414, "by_city": {"いなべ市": 282, "桑名市": 132}, "status": "staging"}, "features": [{"type": "Feature", "geometry": {"type": "Point", "coordinates": [136.50722759300004, 35.13909049800003]}, "properties": {"feature_id": "emaffKI_240340935", "daicho": "240340935", "chiban": "836-1", "city": "いなべ市", "address": "三重県いなべ市北勢町垣内字市之坂836-1", "chimoku": "畑", "area_sqm": 805.0, "reject": 0.149}}, {"type": "Feature", "geometry": {"type": "Point", "coordinates": [136.51444389000005, 35.104245054000046]}, "properties": {"feature_id": "emaffKI_240365439", "daicho": "240365439", "chiban": "2232-2", "city": "いなべ市", "address": "三重県いなべ市大安町石榑東字野畑2232-2", "chimoku": "畑", "area_sqm": 1387.0, "reject": 0.204}}, {"type": "Feature", "geometry": {"type": "Point", "coordinates": [136.654730537, 35.1018652000001]}, "properties": {"feature_id": "emaffKI_240544211", "daicho": "240544211", "chiban": "3570-10", "city": "桑名市", "address": "三重県桑名市大字下深谷部字高座3570-10", "chimoku": "樹園地", "area_sqm": 1636.0, "reject": 0.208}}, {"type": "Feature", "geometry": {"type": "Point", "coordinates": [136.658848631, 35.0807658350001]}, "properties": {"feature_id": "emaffKI_240514527", "daicho": "240514527", "chiban": "1959", "city": "桑名市", "address": "三重県桑名市大字播磨字内代1959", "chimoku": "畑", "area_sqm": 1064.0, "reject": 0.21}}, {"type": "Feature", "geometry": {"type": "Point", "coordinates": [136.646802062, 35.092244927]}, "properties": {"feature_id": "emaffKI_240543459", "daicho": "240543459", "chiban": "2855-17", "city": "桑名市", "address": "三重県桑名市大字下深谷部字桃ノ木谷2855-17", "chimoku": "畑", "area_sqm": 975.0, "reject": 0.217}}, {"type": "Feature", "geometry": {"type": "Point", "coordinates": [136.5371811660001, 35.13995507000004]}, "properties": {"feature_id": "emaffKI_240333640", "daicho": "240333640", "chiban": "3513-1", "city": "いなべ市", "address": "三重県いなべ市北勢町麻生田字麻野3513-1", "chimoku": "田", "area_sqm": 945.0, "reject": 0.229}}, {"type": "Feature", "geometry": {"type": "Point", "coordinates": [136.5164846550001, 35.154662347000055]}, "properties": {"feature_id": "emaffKI_240322349", "daicho": "240322349", "chiban": "1863-1", "city": "いなべ市", "address": "三重県いなべ市北勢町阿下喜字的場1863-1", "chimoku": "畑", "area_sqm": 1208.0, "reject": 0.251}}, {"type": "Feature", "geometry": {"type": "Point", "coordinates": [136.50617685500004, 35.10515920700004]}, "properties": {"feature_id": "emaffKI_240361642", "daicho": "240361642", "chiban": "644-1", "city": "いなべ市", "address": "三重県いなべ市大安町石榑南字東八幡644-1", "chimoku": "田", "area_sqm": 1068.0, "reject": 0.251}}, {"type": "Feature", "geometry": {"type": "Point", "coordinates": [136.650765486, 35.1126947830001]}, "properties": {"feature_id": "emaffKI_240551554", "daicho": "240551554", "chiban": "425", "city": "桑名市", "address": "三重県桑名市多度町下野代字沢南425", "chimoku": "田", "area_sqm": 1709.0, "reject": 0.254}}, {"type": "Feature", "geometry": {"type": "Point", "coordinates": [136.514812548, 35.15515239500007]}, "properties": {"feature_id": "emaffKI_240322237", "daicho": "240322237", "chiban": "1567", "city": "いなべ市", "address": "三重県いなべ市北勢町阿下喜字西別当1567", "chimoku": "畑", "area_sqm": 1249.0, "reject": 0.257}}, {"type": "Feature", "geometry": {"type": "Point", "coordinates": [136.5072827240001, 35.10393043800008]}, "properties": {"feature_id": "emaffKI_240361452", "daicho": "240361452", "chiban": "340", "city": "いなべ市", "address": "三重県いなべ市大安町石榑南字東一色340", "chimoku": "畑", "area_sqm": 1120.0, "reject": 0.259}}, {"type": "Feature", "geometry": {"type": "Point", "coordinates": [136.646696743, 35.092141987]}, "properties": {"feature_id": "emaffKI_240543458", "daicho": "240543458", "chiban": "2855-16", "city": "桑名市", "address": "三重県桑名市大字下深谷部字桃ノ木谷2855-16", "chimoku": "畑", "area_sqm": 1018.0, "reject": 0.264}}, {"type": "Feature", "geometry": {"type": "Point", "coordinates": [136.5339458310001, 35.14385697400007]}, "properties": {"feature_id": "emaffKI_240333525", "daicho": "240333525", "chiban": "3338-1", "city": "いなべ市", "address": "三重県いなべ市北勢町麻生田字麻野3338-1", "chimoku": "畑", "area_sqm": 954.0, "reject": 0.266}}, {"type": "Feature", "geometry": {"type": "Point", "coordinates": [136.620277152, 35.116413037]}, "properties": {"feature_id": "emaffKI_240559562", "daicho": "240559562", "chiban": "2096-1", "city": "桑名市", "address": "三重県桑名市多度町力尾字村中2096-1", "chimoku": "畑", "area_sqm": 849.0, "reject": 0.267}}, {"type": "Feature", "geometry": {"type": "Point", "coordinates": [136.649080777, 35.09539535]}, "properties": {"feature_id": "emaffKI_240543638", "daicho": "240543638", "chiban": "2977-1", "city": "桑名市", "address": "三重県桑名市大字下深谷部字馬ノ頭2977-1", "chimoku": "樹園地", "area_sqm": 3616.0, "reject": 0.269}}, {"type": "Feature", "geometry": {"type": "Point", "coordinates": [136.51286645300002, 35.13563771400004]}, "properties": {"feature_id": "emaffKI_240339553", "daicho": "240339553", "chiban": "230-1", "city": "いなべ市", "address": "三重県いなべ市北勢町東村字西大路230-1", "chimoku": "畑", "area_sqm": 1134.0, "reject": 0.277}}, {"type": "Feature", "geometry": {"type": "Point", "coordinates": [136.50654339200003, 35.10431483800005]}, "properties": {"feature_id": "emaffKI_240361472", "daicho": "240361472", "chiban": "362-1", "city": "いなべ市", "address": "三重県いなべ市大安町石榑南字東一色362-1", "chimoku": "畑", "area_sqm": 876.0, "reject": 0.279}}, {"type": "Feature", "geometry": {"type": "Point", "coordinates": [136.5735329900001, 35.11733663900003]}, "properties": {"feature_id": "emaffKI_240350146", "daicho": "240350146", "chiban": "1227", "city": "いなべ市", "address": "三重県いなべ市員弁町大泉新田字藤谷1227", "chimoku": "畑", "area_sqm": 965.0, "reject": 0.283}}, {"type": "Feature", "geometry": {"type": "Point", "coordinates": [136.52348681800004, 35.10648104400008]}, "properties": {"feature_id": "emaffKI_240365324", "daicho": "240365324", "chiban": "1900", "city": "いなべ市", "address": "三重県いなべ市大安町石榑東字上島ヶ原1900", "chimoku": "田", "area_sqm": 1682.0, "reject": 0.285}}, {"type": "Feature", "geometry": {"type": "Point", "coordinates": [136.617568452, 35.077512041]}, "properties": {"feature_id": "emaffKI_240526557", "daicho": "240526557", "chiban": "1497-9", "city": "桑名市", "address": "三重県桑名市大字芳ケ崎字池城1497-9", "chimoku": "畑", "area_sqm": 1111.0, "reject": 0.285}}, {"type": "Feature", "geometry": {"type": "Point", "coordinates": [136.51312251800005, 35.147932895000054]}, "properties": {"feature_id": "emaffKI_240322007", "daicho": "240322007", "chiban": "1243-2", "city": "いなべ市", "address": "三重県いなべ市北勢町阿下喜字覚正垣内1243-2", "chimoku": "田", "area_sqm": 985.0, "reject": 0.294}}, {"type": "Feature", "geometry": {"type": "Point", "coordinates": [136.52380293700003, 35.10652622600003]}, "properties": {"feature_id": "emaffKI_240365325", "daicho": "240365325", "chiban": "1901", "city": "いなべ市", "address": "三重県いなべ市大安町石榑東字上島ヶ原1901", "chimoku": "田", "area_sqm": 1497.0, "reject": 0.297}}, {"type": "Feature", "geometry": {"type": "Point", "coordinates": [136.52050554200002, 35.108439530000055]}, "properties": {"feature_id": "emaffKI_240364959", "daicho": "240364959", "chiban": "1228", "city": "いなべ市", "address": "三重県いなべ市大安町石榑東字椋里1228", "chimoku": "田", "area_sqm": 1127.0, "reject": 0.297}}, {"type": "Feature", "geometry": {"type": "Point", "coordinates": [136.64808603, 35.0952647820001]}, "properties": {"feature_id": "emaffKI_240543545", "daicho": "240543545", "chiban": "2916-6", "city": "桑名市", "address": "三重県桑名市大字下深谷部字坊ケ谷2916-6", "chimoku": "畑", "area_sqm": 1765.0, "reject": 0.297}}, {"type": "Feature", "geometry": {"type": "Point", "coordinates": [136.655528396, 35.0424053350001]}, "properties": {"feature_id": "emaffKI_240522876", "daicho": "240522876", "chiban": "2793", "city": "桑名市", "address": "三重県桑名市大字桑部字中府2793", "chimoku": "畑", "area_sqm": 905.0, "reject": 0.301}}, {"type": "Feature", "geometry": {"type": "Point", "coordinates": [136.56155930700004, 35.110868235000055]}, "properties": {"feature_id": "emaffKI_240346769", "daicho": "240346769", "chiban": "485", "city": "いなべ市", "address": "三重県いなべ市員弁町楚原字宮之腰485", "chimoku": "畑", "area_sqm": 819.0, "reject": 0.302}}, {"type": "Feature", "geometry": {"type": "Point", "coordinates": [136.50623773900008, 35.10362288400006]}, "properties": {"feature_id": "emaffKI_240361426", "daicho": "240361426", "chiban": "309-2", "city": "いなべ市", "address": "三重県いなべ市大安町石榑南字東一色309-2", "chimoku": "樹園地", "area_sqm": 998.0, "reject": 0.304}}, {"type": "Feature", "geometry": {"type": "Point", "coordinates": [136.655629093, 35.085771048]}, "properties": {"feature_id": "emaffKI_240513802", "daicho": "240513802", "chiban": "1500-99", "city": "桑名市", "address": "三重県桑名市大字播磨字佛谷1500-99", "chimoku": "畑", "area_sqm": 975.0, "reject": 0.307}}, {"type": "Feature", "geometry": {"type": "Point", "coordinates": [136.65016585, 35.112811187]}, "properties": {"feature_id": "emaffKI_240551463", "daicho": "240551463", "chiban": "322-1", "city": "桑名市", "address": "三重県桑名市多度町下野代字沢南322-1", "chimoku": "田", "area_sqm": 1188.0, "reject": 0.308}}, {"type": "Feature", "geometry": {"type": "Point", "coordinates": [136.5190883020001, 35.16782645200004]}, "properties": {"feature_id": "emaffKI_240325030", "daicho": "240325030", "chiban": "1824-1", "city": "いなべ市", "address": "三重県いなべ市北勢町下平字明谷1824-1", "chimoku": "畑", "area_sqm": 1216.0, "reject": 0.312}}, {"type": "Feature", "geometry": {"type": "Point", "coordinates": [136.50834293200012, 35.09161209800004]}, "properties": {"feature_id": "emaffKI_240363370", "daicho": "240363370", "chiban": "567-3", "city": "いなべ市", "address": "三重県いなべ市大安町宇賀字栗林567-3", "chimoku": "畑", "area_sqm": 1032.0, "reject": 0.313}}, {"type": "Feature", "geometry": {"type": "Point", "coordinates": [136.53964318900012, 35.13745143800003]}, "properties": {"feature_id": "emaffKI_240333716", "daicho": "240333716", "chiban": "3632-1", "city": "いなべ市", "address": "三重県いなべ市北勢町麻生田字麻野3632-1", "chimoku": "畑", "area_sqm": 883.0, "reject": 0.314}}, {"type": "Feature", "geometry": {"type": "Point", "coordinates": [136.5197737430001, 35.113150537000024]}, "properties": {"feature_id": "emaffKI_240365066", "daicho": "240365066", "chiban": "1381", "city": "いなべ市", "address": "三重県いなべ市大安町石榑東字新田1381", "chimoku": "畑", "area_sqm": 866.0, "reject": 0.316}}, {"type": "Feature", "geometry": {"type": "Point", "coordinates": [136.646961978, 35.092372208]}, "properties": {"feature_id": "emaffKI_240543460", "daicho": "240543460", "chiban": "2855-18", "city": "桑名市", "address": "三重県桑名市大字下深谷部字桃ノ木谷2855-18", "chimoku": "畑", "area_sqm": 1520.0, "reject": 0.316}}, {"type": "Feature", "geometry": {"type": "Point", "coordinates": [136.619028531, 35.1077628840001]}, "properties": {"feature_id": "emaffKI_240558330", "daicho": "240558330", "chiban": "343-2", "city": "桑名市", "address": "三重県桑名市多度町力尾字阿越343-2", "chimoku": "畑", "area_sqm": 1652.0, "reject": 0.316}}, {"type": "Feature", "geometry": {"type": "Point", "coordinates": [136.53786534200003, 35.14110713800005]}, "properties": {"feature_id": "emaffKI_240333647", "daicho": "240333647", "chiban": "3523-1", "city": "いなべ市", "address": "三重県いなべ市北勢町麻生田字麻野3523-1", "chimoku": "田", "area_sqm": 959.0, "reject": 0.318}}, {"type": "Feature", "geometry": {"type": "Point", "coordinates": [136.52159037700005, 35.152660178000076]}, "properties": {"feature_id": "emaffKI_240322666", "daicho": "240322666", "chiban": "2699-1", "city": "いなべ市", "address": "三重県いなべ市北勢町阿下喜字舞野2699-1", "chimoku": "畑", "area_sqm": 833.0, "reject": 0.322}}, {"type": "Feature", "geometry": {"type": "Point", "coordinates": [136.639050617, 35.1422162860001]}, "properties": {"feature_id": "emaffKI_240549095", "daicho": "240549095", "chiban": "1245", "city": "桑名市", "address": "三重県桑名市多度町柚井字関東1245", "chimoku": "樹園地", "area_sqm": 1527.0, "reject": 0.324}}, {"type": "Feature", "geometry": {"type": "Point", "coordinates": [136.56254218700008, 35.113442804000044]}, "properties": {"feature_id": "emaffKI_240346947", "daicho": "240346947", "chiban": "834-3", "city": "いなべ市", "address": "三重県いなべ市員弁町楚原字一本松834-3", "chimoku": "田", "area_sqm": 839.0, "reject": 0.325}}, {"type": "Feature", "geometry": {"type": "Point", "coordinates": [136.51218528200002, 35.20901781600003]}, "properties": {"feature_id": "emaffKI_240328059", "daicho": "240328059", "chiban": "1102-1", "city": "いなべ市", "address": "三重県いなべ市北勢町川原字上野畑1102-1", "chimoku": "畑", "area_sqm": 1275.81, "reject": 0.326}}, {"type": "Feature", "geometry": {"type": "Point", "coordinates": [136.53143074900004, 35.14228400400003]}, "properties": {"feature_id": "emaffKI_240333396", "daicho": "240333396", "chiban": "3194-3", "city": "いなべ市", "address": "三重県いなべ市北勢町麻生田字麻野3194-3", "chimoku": "畑", "area_sqm": 1189.0, "reject": 0.328}}, {"type": "Feature", "geometry": {"type": "Point", "coordinates": [136.57318501500004, 35.11741843600004]}, "properties": {"feature_id": "emaffKI_240350155", "daicho": "240350155", "chiban": "1231-2", "city": "いなべ市", "address": "三重県いなべ市員弁町大泉新田字藤谷1231-2", "chimoku": "畑", "area_sqm": 1021.0, "reject": 0.328}}, {"type": "Feature", "geometry": {"type": "Point", "coordinates": [136.51019363900002, 35.101626923000026]}, "properties": {"feature_id": "emaffKI_240365596", "daicho": "240365596", "chiban": "2499", "city": "いなべ市", "address": "三重県いなべ市大安町石榑東字野々田2499", "chimoku": "樹園地", "area_sqm": 1335.0, "reject": 0.328}}, {"type": "Feature", "geometry": {"type": "Point", "coordinates": [136.51469233500006, 35.15556042800006]}, "properties": {"feature_id": "emaffKI_240322239", "daicho": "240322239", "chiban": "1569", "city": "いなべ市", "address": "三重県いなべ市北勢町阿下喜字西別当1569", "chimoku": "畑", "area_sqm": 975.0, "reject": 0.333}}, {"type": "Feature", "geometry": {"type": "Point", "coordinates": [136.54020456900003, 35.14044076700003]}, "properties": {"feature_id": "emaffKI_240334511", "daicho": "240334511", "chiban": "2066-1", "city": "いなべ市", "address": "三重県いなべ市北勢町其原字楚里2066-1", "chimoku": "樹園地", "area_sqm": 961.0, "reject": 0.336}}, {"type": "Feature", "geometry": {"type": "Point", "coordinates": [136.54210760900003, 35.09901641600004]}, "properties": {"feature_id": "emaffKI_240359234", "daicho": "240359234", "chiban": "1905", "city": "いなべ市", "address": "三重県いなべ市大安町平塚字下松崎1905", "chimoku": "樹園地", "area_sqm": 1114.0, "reject": 0.337}}, {"type": "Feature", "geometry": {"type": "Point", "coordinates": [136.53592270600006, 35.09631804400004]}, "properties": {"feature_id": "emaffKI_240359280", "daicho": "240359280", "chiban": "1697", "city": "いなべ市", "address": "三重県いなべ市大安町平塚字下小原1697", "chimoku": "畑", "area_sqm": 1186.0, "reject": 0.338}}, {"type": "Feature", "geometry": {"type": "Point", "coordinates": [136.650997669, 35.112769074]}, "properties": {"feature_id": "emaffKI_240551552", "daicho": "240551552", "chiban": "423", "city": "桑名市", "address": "三重県桑名市多度町下野代字沢南423", "chimoku": "田", "area_sqm": 958.0, "reject": 0.339}}, {"type": "Feature", "geometry": {"type": "Point", "coordinates": [136.53236790500011, 35.120491188000074]}, "properties": {"feature_id": "emaffKI_240366795", "daicho": "240366795", "chiban": "1853", "city": "いなべ市", "address": "三重県いなべ市大安町片樋字上垣内1853", "chimoku": "畑", "area_sqm": 819.0, "reject": 0.34}}, {"type": "Feature", "geometry": {"type": "Point", "coordinates": [136.654430426, 35.045454776]}, "properties": {"feature_id": "emaffKI_240522821", "daicho": "240522821", "chiban": "2698", "city": "桑名市", "address": "三重県桑名市大字桑部字中府2698", "chimoku": "畑", "area_sqm": 1064.0, "reject": 0.34}}, {"type": "Feature", "geometry": {"type": "Point", "coordinates": [136.53843566500007, 35.13999301400003]}, "properties": {"feature_id": "emaffKI_240333660", "daicho": "240333660", "chiban": "3538-2", "city": "いなべ市", "address": "三重県いなべ市北勢町麻生田字麻野3538-2", "chimoku": "畑", "area_sqm": 896.0, "reject": 0.341}}, {"type": "Feature", "geometry": {"type": "Point", "coordinates": [136.53592799900002, 35.14351089000007]}, "properties": {"feature_id": "emaffKI_240333573", "daicho": "240333573", "chiban": "3398-1", "city": "いなべ市", "address": "三重県いなべ市北勢町麻生田字麻野3398-1", "chimoku": "畑", "area_sqm": 957.0, "reject": 0.341}}, {"type": "Feature", "geometry": {"type": "Point", "coordinates": [136.654913704, 35.0856311270001]}, "properties": {"feature_id": "emaffKI_240513806", "daicho": "240513806", "chiban": "1500-103", "city": "桑名市", "address": "三重県桑名市大字播磨字佛谷1500-103", "chimoku": "樹園地", "area_sqm": 800.0, "reject": 0.341}}, {"type": "Feature", "geometry": {"type": "Point", "coordinates": [136.647131021, 35.092524471]}, "properties": {"feature_id": "emaffKI_240543461", "daicho": "240543461", "chiban": "2855-19", "city": "桑名市", "address": "三重県桑名市大字下深谷部字桃ノ木谷2855-19", "chimoku": "畑", "area_sqm": 1520.0, "reject": 0.341}}, {"type": "Feature", "geometry": {"type": "Point", "coordinates": [136.53965953700003, 35.10709756600005]}, "properties": {"feature_id": "emaffKI_240358612", "daicho": "240358612", "chiban": "511-1", "city": "いなべ市", "address": "三重県いなべ市大安町平塚字神明511-1", "chimoku": "田", "area_sqm": 1229.0, "reject": 0.343}}, {"type": "Feature", "geometry": {"type": "Point", "coordinates": [136.5144174070001, 35.14912926900007]}, "properties": {"feature_id": "emaffKI_240322026", "daicho": "240322026", "chiban": "1264-3", "city": "いなべ市", "address": "三重県いなべ市北勢町阿下喜字覚正垣内1264-3", "chimoku": "田", "area_sqm": 1058.0, "reject": 0.344}}, {"type": "Feature", "geometry": {"type": "Point", "coordinates": [136.5102648610001, 35.121990278000055]}, "properties": {"feature_id": "emaffKI_240369045", "daicho": "240369045", "chiban": "421", "city": "いなべ市", "address": "三重県いなべ市大安町丹生川上字中街途421", "chimoku": "田", "area_sqm": 1104.13, "reject": 0.346}}, {"type": "Feature", "geometry": {"type": "Point", "coordinates": [136.5060263150001, 35.10264685100003]}, "properties": {"feature_id": "emaffKI_240361415", "daicho": "240361415", "chiban": "298", "city": "いなべ市", "address": "三重県いなべ市大安町石榑南字東一色298", "chimoku": "畑", "area_sqm": 968.0, "reject": 0.347}}, {"type": "Feature", "geometry": {"type": "Point", "coordinates": [136.648875335, 35.0927845780001]}, "properties": {"feature_id": "emaffKI_240543406", "daicho": "240543406", "chiban": "2846-10", "city": "桑名市", "address": "三重県桑名市大字下深谷部字桃ノ木谷2846-10", "chimoku": "畑", "area_sqm": 1084.0, "reject": 0.35}}, {"type": "Feature", "geometry": {"type": "Point", "coordinates": [136.5360729780001, 35.13885456100007]}, "properties": {"feature_id": "emaffKI_240333618", "daicho": "240333618", "chiban": "3483-1", "city": "いなべ市", "address": "三重県いなべ市北勢町麻生田字麻野3483-1", "chimoku": "畑", "area_sqm": 975.0, "reject": 0.352}}, {"type": "Feature", "geometry": {"type": "Point", "coordinates": [136.53737516, 35.137371908000034]}, "properties": {"feature_id": "emaffKI_240333679", "daicho": "240333679", "chiban": "3572-3", "city": "いなべ市", "address": "三重県いなべ市北勢町麻生田字麻野3572-3", "chimoku": "畑", "area_sqm": 999.0, "reject": 0.352}}, {"type": "Feature", "geometry": {"type": "Point", "coordinates": [136.637023068, 35.1306718820001]}, "properties": {"feature_id": "emaffKI_240547170", "daicho": "240547170", "chiban": "2106-1", "city": "桑名市", "address": "三重県桑名市多度町小山字西天王平2106-1", "chimoku": "樹園地", "area_sqm": 1522.0, "reject": 0.352}}, {"type": "Feature", "geometry": {"type": "Point", "coordinates": [136.5377708750001, 35.14634376400005]}, "properties": {"feature_id": "emaffKI_240334600", "daicho": "240334600", "chiban": "101-1", "city": "いなべ市", "address": "三重県いなべ市北勢町大辻新田字大辻野101-1", "chimoku": "畑", "area_sqm": 923.0, "reject": 0.354}}, {"type": "Feature", "geometry": {"type": "Point", "coordinates": [136.576443033, 35.142730602]}, "properties": {"feature_id": "emaffKI_240565260", "daicho": "240565260", "chiban": "1003", "city": "桑名市", "address": "三重県桑名市多度町美鹿字芋治谷1003", "chimoku": "田", "area_sqm": 876.0, "reject": 0.356}}, {"type": "Feature", "geometry": {"type": "Point", "coordinates": [136.56871908300002, 35.11249166600004]}, "properties": {"feature_id": "emaffKI_240349214", "daicho": "240349214", "chiban": "3-1", "city": "いなべ市", "address": "三重県いなべ市員弁町大泉新田字野溜3-1", "chimoku": "畑", "area_sqm": 816.0, "reject": 0.356}}, {"type": "Feature", "geometry": {"type": "Point", "coordinates": [136.55286017000003, 35.11267653500005]}, "properties": {"feature_id": "emaffKI_240346227", "daicho": "240346227", "chiban": "1484-1", "city": "いなべ市", "address": "三重県いなべ市員弁町下笠田字旭1484-1", "chimoku": "畑", "area_sqm": 995.0, "reject": 0.356}}, {"type": "Feature", "geometry": {"type": "Point", "coordinates": [136.647527346, 35.0930629980001]}, "properties": {"feature_id": "emaffKI_240543464", "daicho": "240543464", "chiban": "2855-22", "city": "桑名市", "address": "三重県桑名市大字下深谷部字桃ノ木谷2855-22", "chimoku": "畑", "area_sqm": 1520.0, "reject": 0.357}}, {"type": "Feature", "geometry": {"type": "Point", "coordinates": [136.5213916360001, 35.17272556100005]}, "properties": {"feature_id": "emaffKI_240324436", "daicho": "240324436", "chiban": "430", "city": "いなべ市", "address": "三重県いなべ市北勢町下平字村中430", "chimoku": "畑", "area_sqm": 1355.0, "reject": 0.358}}, {"type": "Feature", "geometry": {"type": "Point", "coordinates": [136.56982446200004, 35.098673493000035]}, "properties": {"feature_id": "emaffKI_240350659", "daicho": "240350659", "chiban": "1282-1", "city": "いなべ市", "address": "三重県いなべ市員弁町大泉字野中1282-1", "chimoku": "田", "area_sqm": 1259.0, "reject": 0.358}}, {"type": "Feature", "geometry": {"type": "Point", "coordinates": [136.5312100110001, 35.14207856200005]}, "properties": {"feature_id": "emaffKI_240333394", "daicho": "240333394", "chiban": "3194-1", "city": "いなべ市", "address": "三重県いなべ市北勢町麻生田字麻野3194-1", "chimoku": "畑", "area_sqm": 2638.0, "reject": 0.359}}, {"type": "Feature", "geometry": {"type": "Point", "coordinates": [136.51235876200008, 35.10419388300005]}, "properties": {"feature_id": "emaffKI_240365646", "daicho": "240365646", "chiban": "2560", "city": "いなべ市", "address": "三重県いなべ市大安町石榑東字南林2560", "chimoku": "畑", "area_sqm": 1219.0, "reject": 0.359}}, {"type": "Feature", "geometry": {"type": "Point", "coordinates": [136.649526196, 35.0925326010001]}, "properties": {"feature_id": "emaffKI_240543422", "daicho": "240543422", "chiban": "2846-33", "city": "桑名市", "address": "三重県桑名市大字下深谷部字桃ノ木谷2846-33", "chimoku": "樹園地", "area_sqm": 869.0, "reject": 0.36}}, {"type": "Feature", "geometry": {"type": "Point", "coordinates": [136.54017992900003, 35.14680662300003]}, "properties": {"feature_id": "emaffKI_240334680", "daicho": "240334680", "chiban": "200-1", "city": "いなべ市", "address": "三重県いなべ市北勢町大辻新田字大辻野200-1", "chimoku": "畑", "area_sqm": 865.0, "reject": 0.361}}, {"type": "Feature", "geometry": {"type": "Point", "coordinates": [136.639089364, 35.0986107530001]}, "properties": {"feature_id": "emaffKI_240561347", "daicho": "240561347", "chiban": "4112", "city": "桑名市", "address": "三重県桑名市多度町御衣野字天ノ子4112", "chimoku": "畑", "area_sqm": 4256.0, "reject": 0.361}}, {"type": "Feature", "geometry": {"type": "Point", "coordinates": [136.650439914, 35.0941425660001]}, "properties": {"feature_id": "emaffKI_240543496", "daicho": "240543496", "chiban": "2885-6", "city": "桑名市", "address": "三重県桑名市大字下深谷部字柿ノ木原2885-6", "chimoku": "畑", "area_sqm": 2234.0, "reject": 0.362}}, {"type": "Feature", "geometry": {"type": "Point", "coordinates": [136.52027631900012, 35.10816525300004]}, "properties": {"feature_id": "emaffKI_240364957", "daicho": "240364957", "chiban": "1227-2", "city": "いなべ市", "address": "三重県いなべ市大安町石榑東字椋里1227-2", "chimoku": "田", "area_sqm": 1183.0, "reject": 0.362}}, {"type": "Feature", "geometry": {"type": "Point", "coordinates": [136.5514584780001, 35.12436487900004]}, "properties": {"feature_id": "emaffKI_240345833", "daicho": "240345833", "chiban": "2120-1", "city": "いなべ市", "address": "三重県いなべ市員弁町笠田新田字西山2120-1", "chimoku": "畑", "area_sqm": 821.0, "reject": 0.363}}, {"type": "Feature", "geometry": {"type": "Point", "coordinates": [136.650809583, 35.111712986]}, "properties": {"feature_id": "emaffKI_240540503", "daicho": "240540503", "chiban": "1491-1", "city": "桑名市", "address": "三重県桑名市大字上深谷部字九反縄1491-1", "chimoku": "田", "area_sqm": 1047.0, "reject": 0.363}}, {"type": "Feature", "geometry": {"type": "Point", "coordinates": [136.52136660200006, 35.102053659000035]}, "properties": {"feature_id": "emaffKI_240365351", "daicho": "240365351", "chiban": "2012-4", "city": "いなべ市", "address": "三重県いなべ市大安町石榑東字下百合沢2012-4", "chimoku": "畑", "area_sqm": 2264.0, "reject": 0.363}}, {"type": "Feature", "geometry": {"type": "Point", "coordinates": [136.650057144, 35.094194902]}, "properties": {"feature_id": "emaffKI_240543508", "daicho": "240543508", "chiban": "2885-22", "city": "桑名市", "address": "三重県桑名市大字下深谷部字柿ノ木原2885-22", "chimoku": "畑", "area_sqm": 945.0, "reject": 0.363}}, {"type": "Feature", "geometry": {"type": "Point", "coordinates": [136.53996699700008, 35.13648436600005]}, "properties": {"feature_id": "emaffKI_240333711", "daicho": "240333711", "chiban": "3627-1", "city": "いなべ市", "address": "三重県いなべ市北勢町麻生田字麻野3627-1", "chimoku": "樹園地", "area_sqm": 1375.0, "reject": 0.364}}, {"type": "Feature", "geometry": {"type": "Point", "coordinates": [136.51260954600002, 35.13574047000003]}, "properties": {"feature_id": "emaffKI_240339561", "daicho": "240339561", "chiban": "239-2", "city": "いなべ市", "address": "三重県いなべ市北勢町東村字西大路239-2", "chimoku": "畑", "area_sqm": 832.0, "reject": 0.364}}, {"type": "Feature", "geometry": {"type": "Point", "coordinates": [136.53912397400006, 35.10846291000007]}, "properties": {"feature_id": "emaffKI_240358318", "daicho": "240358318", "chiban": "483-1", "city": "いなべ市", "address": "三重県いなべ市大安町石榑下字宮■483-1", "chimoku": "畑", "area_sqm": 842.0, "reject": 0.366}}, {"type": "Feature", "geometry": {"type": "Point", "coordinates": [136.5119597470001, 35.13749085400008]}, "properties": {"feature_id": "emaffKI_240339618", "daicho": "240339618", "chiban": "1481", "city": "いなべ市", "address": "三重県いなべ市北勢町東村字西大路1481", "chimoku": "田", "area_sqm": 1296.0, "reject": 0.367}}, {"type": "Feature", "geometry": {"type": "Point", "coordinates": [136.5028580920001, 35.102636620000055]}, "properties": {"feature_id": "emaffKI_240361385", "daicho": "240361385", "chiban": "256", "city": "いなべ市", "address": "三重県いなべ市大安町石榑南字南一色256", "chimoku": "畑", "area_sqm": 1342.0, "reject": 0.368}}, {"type": "Feature", "geometry": {"type": "Point", "coordinates": [136.54261265200012, 35.086338856000054]}, "properties": {"feature_id": "emaffKI_240356602", "daicho": "240356602", "chiban": "1482-5", "city": "いなべ市", "address": "三重県いなべ市大安町門前字北山1482-5", "chimoku": "畑", "area_sqm": 1305.0, "reject": 0.369}}, {"type": "Feature", "geometry": {"type": "Point", "coordinates": [136.655989404, 35.0918784460001]}, "properties": {"feature_id": "emaffKI_240543190", "daicho": "240543190", "chiban": "2700-2", "city": "桑名市", "address": "三重県桑名市大字下深谷部字鞍ノ谷2700-2", "chimoku": "樹園地", "area_sqm": 1679.0, "reject": 0.369}}, {"type": "Feature", "geometry": {"type": "Point", "coordinates": [136.52283586700003, 35.14888209000003]}, "properties": {"feature_id": "emaffKI_240322749", "daicho": "240322749", "chiban": "2842-1", "city": "いなべ市", "address": "三重県いなべ市北勢町阿下喜字正邸2842-1", "chimoku": "畑", "area_sqm": 808.0, "reject": 0.37}}, {"type": "Feature", "geometry": {"type": "Point", "coordinates": [136.55759005700008, 35.105717534000064]}, "properties": {"feature_id": "emaffKI_240348290", "daicho": "240348290", "chiban": "1735-1", "city": "いなべ市", "address": "三重県いなべ市員弁町北金井字名部坂1735-1", "chimoku": "畑", "area_sqm": 891.0, "reject": 0.37}}, {"type": "Feature", "geometry": {"type": "Point", "coordinates": [136.661547534, 35.0766431710001]}, "properties": {"feature_id": "emaffKI_240511522", "daicho": "240511522", "chiban": "1800", "city": "桑名市", "address": "三重県桑名市大字西方字大谷1800", "chimoku": "畑", "area_sqm": 839.0, "reject": 0.37}}, {"type": "Feature", "geometry": {"type": "Point", "coordinates": [136.53916252400006, 35.14426595800006]}, "properties": {"feature_id": "emaffKI_240334060", "daicho": "240334060", "chiban": "717", "city": "いなべ市", "address": "三重県いなべ市北勢町其原字割林717", "chimoku": "畑", "area_sqm": 1011.0, "reject": 0.371}}, {"type": "Feature", "geometry": {"type": "Point", "coordinates": [136.54111472400007, 35.15039404100003]}, "properties": {"feature_id": "emaffKI_240334633", "daicho": "240334633", "chiban": "152", "city": "いなべ市", "address": "三重県いなべ市北勢町大辻新田字大辻野152", "chimoku": "田", "area_sqm": 1060.0, "reject": 0.372}}, {"type": "Feature", "geometry": {"type": "Point", "coordinates": [136.5104842400001, 35.128755590000026]}, "properties": {"feature_id": "emaffKI_240338937", "daicho": "240338937", "chiban": "229-2", "city": "いなべ市", "address": "三重県いなべ市北勢町麓村字丸切229-2", "chimoku": "畑", "area_sqm": 882.0, "reject": 0.372}}, {"type": "Feature", "geometry": {"type": "Point", "coordinates": [136.639670739, 35.13195312]}, "properties": {"feature_id": "emaffKI_240547601", "daicho": "240547601", "chiban": "2463-8", "city": "桑名市", "address": "三重県桑名市多度町小山字天王平2463-8", "chimoku": "畑", "area_sqm": 1005.0, "reject": 0.373}}, {"type": "Feature", "geometry": {"type": "Point", "coordinates": [136.52129245900005, 35.09454937100003]}, "properties": {"feature_id": "emaffKI_240364175", "daicho": "240364175", "chiban": "2363-17", "city": "いなべ市", "address": "三重県いなべ市大安町鍋坂字鍋坂2363-17", "chimoku": "畑", "area_sqm": 991.0, "reject": 0.373}}, {"type": "Feature", "geometry": {"type": "Point", "coordinates": [136.617375842, 35.0905475610001]}, "properties": {"feature_id": "emaffKI_240528498", "daicho": "240528498", "chiban": "1168-6", "city": "桑名市", "address": "三重県桑名市大字嘉例川字中之平1168-6", "chimoku": "畑", "area_sqm": 868.0, "reject": 0.373}}, {"type": "Feature", "geometry": {"type": "Point", "coordinates": [136.647784609, 35.0954436970001]}, "properties": {"feature_id": "emaffKI_240543544", "daicho": "240543544", "chiban": "2916-5", "city": "桑名市", "address": "三重県桑名市大字下深谷部字坊ケ谷2916-5", "chimoku": "畑", "area_sqm": 2138.0, "reject": 0.373}}, {"type": "Feature", "geometry": {"type": "Point", "coordinates": [136.5388527440001, 35.14173578500004]}, "properties": {"feature_id": "emaffKI_240334447", "daicho": "240334447", "chiban": "2002-1", "city": "いなべ市", "address": "三重県いなべ市北勢町其原字楚里2002-1", "chimoku": "畑", "area_sqm": 947.0, "reject": 0.374}}, {"type": "Feature", "geometry": {"type": "Point", "coordinates": [136.51488073000007, 35.134219839000025]}, "properties": {"feature_id": "emaffKI_240339429", "daicho": "240339429", "chiban": "938", "city": "いなべ市", "address": "三重県いなべ市北勢町中山字蘭山938", "chimoku": "畑", "area_sqm": 1239.0, "reject": 0.374}}, {"type": "Feature", "geometry": {"type": "Point", "coordinates": [136.4895329950001, 35.13163239600004]}, "properties": {"feature_id": "emaffKI_240338298", "daicho": "240338298", "chiban": "1266-1", "city": "いなべ市", "address": "三重県いなべ市北勢町新町字長頭子1266-1", "chimoku": "樹園地", "area_sqm": 1168.0, "reject": 0.375}}, {"type": "Feature", "geometry": {"type": "Point", "coordinates": [136.53264230000002, 35.141987818000075]}, "properties": {"feature_id": "emaffKI_240333434", "daicho": "240333434", "chiban": "3266-1", "city": "いなべ市", "address": "三重県いなべ市北勢町麻生田字麻野3266-1", "chimoku": "田", "area_sqm": 952.0, "reject": 0.376}}, {"type": "Feature", "geometry": {"type": "Point", "coordinates": [136.54255746900003, 35.14780042500007]}, "properties": {"feature_id": "emaffKI_240334753", "daicho": "240334753", "chiban": "331", "city": "いなべ市", "address": "三重県いなべ市北勢町大辻新田字大辻野331", "chimoku": "畑", "area_sqm": 1128.0, "reject": 0.376}}, {"type": "Feature", "geometry": {"type": "Point", "coordinates": [136.51558024300004, 35.15416816800007]}, "properties": {"feature_id": "emaffKI_240323283", "daicho": "240323283", "chiban": "555-1", "city": "いなべ市", "address": "三重県いなべ市北勢町瀬木字安喜畑555-1", "chimoku": "畑", "area_sqm": 895.0, "reject": 0.377}}, {"type": "Feature", "geometry": {"type": "Point", "coordinates": [136.51650272100005, 35.12937611500007]}, "properties": {"feature_id": "emaffKI_240339249", "daicho": "240339249", "chiban": "140", "city": "いなべ市", "address": "三重県いなべ市北勢町中山字宮之南140", "chimoku": "樹園地", "area_sqm": 2119.0, "reject": 0.378}}, {"type": "Feature", "geometry": {"type": "Point", "coordinates": [136.50622511100005, 35.103351005000036]}, "properties": {"feature_id": "emaffKI_240361423", "daicho": "240361423", "chiban": "305", "city": "いなべ市", "address": "三重県いなべ市大安町石榑南字東一色305", "chimoku": "畑", "area_sqm": 965.0, "reject": 0.378}}, {"type": "Feature", "geometry": {"type": "Point", "coordinates": [136.51758812000003, 35.093182703000025]}, "properties": {"feature_id": "emaffKI_240364208", "daicho": "240364208", "chiban": "2396-1", "city": "いなべ市", "address": "三重県いなべ市大安町鍋坂字鍋坂2396-1", "chimoku": "畑", "area_sqm": 1761.0, "reject": 0.379}}, {"type": "Feature", "geometry": {"type": "Point", "coordinates": [136.54832218800004, 35.12323565100007]}, "properties": {"feature_id": "emaffKI_240344323", "daicho": "240344323", "chiban": "1948-4", "city": "いなべ市", "address": "三重県いなべ市員弁町上笠田字山垣内1948-4", "chimoku": "畑", "area_sqm": 1388.0, "reject": 0.381}}, {"type": "Feature", "geometry": {"type": "Point", "coordinates": [136.650033674, 35.0946327670001]}, "properties": {"feature_id": "emaffKI_240543654", "daicho": "240543654", "chiban": "2979-26", "city": "桑名市", "address": "三重県桑名市大字下深谷部字馬ノ頭2979-26", "chimoku": "畑", "area_sqm": 2231.0, "reject": 0.383}}, {"type": "Feature", "geometry": {"type": "Point", "coordinates": [136.65534293, 35.09891249]}, "properties": {"feature_id": "emaffKI_240543732", "daicho": "240543732", "chiban": "3106-1", "city": "桑名市", "address": "三重県桑名市大字下深谷部字的場3106-1", "chimoku": "畑", "area_sqm": 1305.0, "reject": 0.383}}, {"type": "Feature", "geometry": {"type": "Point", "coordinates": [136.651134878, 35.0898740330001]}, "properties": {"feature_id": "emaffKI_240543365", "daicho": "240543365", "chiban": "2840-4", "city": "桑名市", "address": "三重県桑名市大字下深谷部字桃ノ木谷2840-4", "chimoku": "畑", "area_sqm": 1586.0, "reject": 0.383}}, {"type": "Feature", "geometry": {"type": "Point", "coordinates": [136.659549883, 35.078650839]}, "properties": {"feature_id": "emaffKI_240511822", "daicho": "240511822", "chiban": "2724", "city": "桑名市", "address": "三重県桑名市大字西方字大鶴2724", "chimoku": "田", "area_sqm": 1277.0, "reject": 0.384}}, {"type": "Feature", "geometry": {"type": "Point", "coordinates": [136.50912113200002, 35.10274890200003]}, "properties": {"feature_id": "emaffKI_240365571", "daicho": "240365571", "chiban": "2461-5", "city": "いなべ市", "address": "三重県いなべ市大安町石榑東字野々田2461-5", "chimoku": "畑", "area_sqm": 970.0, "reject": 0.387}}, {"type": "Feature", "geometry": {"type": "Point", "coordinates": [136.5426276820001, 35.08652440800006]}, "properties": {"feature_id": "emaffKI_240356603", "daicho": "240356603", "chiban": "1482-6", "city": "いなべ市", "address": "三重県いなべ市大安町門前字北山1482-6", "chimoku": "畑", "area_sqm": 928.0, "reject": 0.388}}, {"type": "Feature", "geometry": {"type": "Point", "coordinates": [136.650865247, 35.0890987270001]}, "properties": {"feature_id": "emaffKI_240543368", "daicho": "240543368", "chiban": "2840-7", "city": "桑名市", "address": "三重県桑名市大字下深谷部字桃ノ木谷2840-7", "chimoku": "畑", "area_sqm": 1586.0, "reject": 0.388}}, {"type": "Feature", "geometry": {"type": "Point", "coordinates": [136.54007010100008, 35.07681093000008]}, "properties": {"feature_id": "emaffKI_240355630", "daicho": "240355630", "chiban": "2577-2", "city": "いなべ市", "address": "三重県いなべ市大安町南金井字石佛東2577-2", "chimoku": "畑", "area_sqm": 955.0, "reject": 0.388}}, {"type": "Feature", "geometry": {"type": "Point", "coordinates": [136.51152752400003, 35.13587233700008]}, "properties": {"feature_id": "emaffKI_240340597", "daicho": "240340597", "chiban": "365-1", "city": "いなべ市", "address": "三重県いなべ市北勢町垣内字東垣内365-1", "chimoku": "田", "area_sqm": 1316.0, "reject": 0.39}}, {"type": "Feature", "geometry": {"type": "Point", "coordinates": [136.53656183500004, 35.14419623400005]}, "properties": {"feature_id": "emaffKI_240334378", "daicho": "240334378", "chiban": "1916-1", "city": "いなべ市", "address": "三重県いなべ市北勢町其原字楚里1916-1", "chimoku": "畑", "area_sqm": 1210.0, "reject": 0.391}}, {"type": "Feature", "geometry": {"type": "Point", "coordinates": [136.5562132240001, 35.119569643000034]}, "properties": {"feature_id": "emaffKI_240345402", "daicho": "240345402", "chiban": "1182", "city": "いなべ市", "address": "三重県いなべ市員弁町笠田新田字東永長1182", "chimoku": "畑", "area_sqm": 1258.0, "reject": 0.392}}, {"type": "Feature", "geometry": {"type": "Point", "coordinates": [136.51978038000004, 35.09420015000006]}, "properties": {"feature_id": "emaffKI_240364229", "daicho": "240364229", "chiban": "2424-3", "city": "いなべ市", "address": "三重県いなべ市大安町鍋坂字鍋坂2424-3", "chimoku": "畑", "area_sqm": 1114.0, "reject": 0.392}}, {"type": "Feature", "geometry": {"type": "Point", "coordinates": [136.51854614800004, 35.09301210500007]}, "properties": {"feature_id": "emaffKI_240364217", "daicho": "240364217", "chiban": "2404-2", "city": "いなべ市", "address": "三重県いなべ市大安町鍋坂字鍋坂2404-2", "chimoku": "畑", "area_sqm": 849.0, "reject": 0.392}}, {"type": "Feature", "geometry": {"type": "Point", "coordinates": [136.563340519, 35.10480503600007]}, "properties": {"feature_id": "emaffKI_240349712", "daicho": "240349712", "chiban": "575-1", "city": "いなべ市", "address": "三重県いなべ市員弁町大泉新田字南八畝割575-1", "chimoku": "畑", "area_sqm": 850.0, "reject": 0.392}}, {"type": "Feature", "geometry": {"type": "Point", "coordinates": [136.51335247600002, 35.10598897600005]}, "properties": {"feature_id": "emaffKI_240365471", "daicho": "240365471", "chiban": "2257-1", "city": "いなべ市", "address": "三重県いなべ市大安町石榑東字一色垣内2257-1", "chimoku": "田", "area_sqm": 926.0, "reject": 0.392}}, {"type": "Feature", "geometry": {"type": "Point", "coordinates": [136.638866636, 35.098202148]}, "properties": {"feature_id": "emaffKI_240561357", "daicho": "240561357", "chiban": "4122", "city": "桑名市", "address": "三重県桑名市多度町御衣野字天ノ子4122", "chimoku": "畑", "area_sqm": 4254.0, "reject": 0.392}}, {"type": "Feature", "geometry": {"type": "Point", "coordinates": [136.48900576900007, 35.13156385700006]}, "properties": {"feature_id": "emaffKI_240338320", "daicho": "240338320", "chiban": "1291-1", "city": "いなべ市", "address": "三重県いなべ市北勢町新町字長頭子1291-1", "chimoku": "樹園地", "area_sqm": 952.0, "reject": 0.392}}, {"type": "Feature", "geometry": {"type": "Point", "coordinates": [136.53952709200007, 35.14107711500003]}, "properties": {"feature_id": "emaffKI_240334480", "daicho": "240334480", "chiban": "2029-2", "city": "いなべ市", "address": "三重県いなべ市北勢町其原字楚里2029-2", "chimoku": "畑", "area_sqm": 858.0, "reject": 0.393}}, {"type": "Feature", "geometry": {"type": "Point", "coordinates": [136.55883587300002, 35.114619520000076]}, "properties": {"feature_id": "emaffKI_240345042", "daicho": "240345042", "chiban": "413", "city": "いなべ市", "address": "三重県いなべ市員弁町笠田新田字溝落413", "chimoku": "畑", "area_sqm": 2498.0, "reject": 0.393}}, {"type": "Feature", "geometry": {"type": "Point", "coordinates": [136.654210285, 35.101783568]}, "properties": {"feature_id": "emaffKI_240544184", "daicho": "240544184", "chiban": "3555-24", "city": "桑名市", "address": "三重県桑名市大字下深谷部字高座3555-24", "chimoku": "畑", "area_sqm": 1133.0, "reject": 0.393}}, {"type": "Feature", "geometry": {"type": "Point", "coordinates": [136.5115398260001, 35.13029910400007]}, "properties": {"feature_id": "emaffKI_240338994", "daicho": "240338994", "chiban": "289-1", "city": "いなべ市", "address": "三重県いなべ市北勢町麓村字東野289-1", "chimoku": "畑", "area_sqm": 1328.0, "reject": 0.394}}, {"type": "Feature", "geometry": {"type": "Point", "coordinates": [136.50894945000005, 35.10257269600004]}, "properties": {"feature_id": "emaffKI_240365569", "daicho": "240365569", "chiban": "2461-1", "city": "いなべ市", "address": "三重県いなべ市大安町石榑東字野々田2461-1", "chimoku": "樹園地", "area_sqm": 932.0, "reject": 0.394}}, {"type": "Feature", "geometry": {"type": "Point", "coordinates": [136.51382250000006, 35.11951327400004]}, "properties": {"feature_id": "emaffKI_240368158", "daicho": "240368158", "chiban": "303-1", "city": "いなべ市", "address": "三重県いなべ市大安町丹生川中字小島303-1", "chimoku": "畑", "area_sqm": 971.0, "reject": 0.394}}, {"type": "Feature", "geometry": {"type": "Point", "coordinates": [136.50833125100007, 35.09467852500006]}, "properties": {"feature_id": "emaffKI_240363308", "daicho": "240363308", "chiban": "462-1", "city": "いなべ市", "address": "三重県いなべ市大安町宇賀字瀬木田462-1", "chimoku": "畑", "area_sqm": 1691.0, "reject": 0.394}}, {"type": "Feature", "geometry": {"type": "Point", "coordinates": [136.5130139040001, 35.14824730000004]}, "properties": {"feature_id": "emaffKI_240322006", "daicho": "240322006", "chiban": "1242-2", "city": "いなべ市", "address": "三重県いなべ市北勢町阿下喜字覚正垣内1242-2", "chimoku": "田", "area_sqm": 1070.0, "reject": 0.395}}, {"type": "Feature", "geometry": {"type": "Point", "coordinates": [136.656322088, 35.0491235490001]}, "properties": {"feature_id": "emaffKI_240521220", "daicho": "240521220", "chiban": "3104", "city": "桑名市", "address": "三重県桑名市大字桑部字城下3104", "chimoku": "畑", "area_sqm": 1604.0, "reject": 0.395}}, {"type": "Feature", "geometry": {"type": "Point", "coordinates": [136.51881465300005, 35.09006063900006]}, "properties": {"feature_id": "emaffKI_240356874", "daicho": "240356874", "chiban": "2434-12", "city": "いなべ市", "address": "三重県いなべ市大安町門前字上之端2434-12", "chimoku": "田", "area_sqm": 1530.0, "reject": 0.397}}, {"type": "Feature", "geometry": {"type": "Point", "coordinates": [136.4891552250001, 35.128963913000064]}, "properties": {"feature_id": "emaffKI_240337887", "daicho": "240337887", "chiban": "469-2", "city": "いなべ市", "address": "三重県いなべ市北勢町新町字今起469-2", "chimoku": "樹園地", "area_sqm": 1134.0, "reject": 0.397}}, {"type": "Feature", "geometry": {"type": "Point", "coordinates": [136.53932618700003, 35.10712463200008]}, "properties": {"feature_id": "emaffKI_240358613", "daicho": "240358613", "chiban": "511-5", "city": "いなべ市", "address": "三重県いなべ市大安町平塚字神明511-5", "chimoku": "田", "area_sqm": 1436.0, "reject": 0.398}}, {"type": "Feature", "geometry": {"type": "Point", "coordinates": [136.66045749, 35.088388513]}, "properties": {"feature_id": "emaffKI_240542491", "daicho": "240542491", "chiban": "1704-37", "city": "桑名市", "address": "三重県桑名市大字下深谷部字蛇谷1704-37", "chimoku": "畑", "area_sqm": 2512.0, "reject": 0.398}}, {"type": "Feature", "geometry": {"type": "Point", "coordinates": [136.5383679370001, 35.14309308700007]}, "properties": {"feature_id": "emaffKI_240334437", "daicho": "240334437", "chiban": "1986-1", "city": "いなべ市", "address": "三重県いなべ市北勢町其原字楚里1986-1", "chimoku": "畑", "area_sqm": 957.0, "reject": 0.399}}, {"type": "Feature", "geometry": {"type": "Point", "coordinates": [136.51666111600002, 35.139643584000055]}, "properties": {"feature_id": "emaffKI_240339633", "daicho": "240339633", "chiban": "310-1", "city": "いなべ市", "address": "三重県いなべ市北勢町東村字今村310-1", "chimoku": "畑", "area_sqm": 1655.0, "reject": 0.4}}, {"type": "Feature", "geometry": {"type": "Point", "coordinates": [136.51285614500011, 35.14905612000007]}, "properties": {"feature_id": "emaffKI_240322017", "daicho": "240322017", "chiban": "1250-1", "city": "いなべ市", "address": "三重県いなべ市北勢町阿下喜字覚正垣内1250-1", "chimoku": "畑", "area_sqm": 873.0, "reject": 0.4}}, {"type": "Feature", "geometry": {"type": "Point", "coordinates": [136.653069477, 35.0975438790001]}, "properties": {"feature_id": "emaffKI_240543706", "daicho": "240543706", "chiban": "3018-57", "city": "桑名市", "address": "三重県桑名市大字下深谷部字的場3018-57", "chimoku": "畑", "area_sqm": 867.0, "reject": 0.4}}, {"type": "Feature", "geometry": {"type": "Point", "coordinates": [136.658862709, 35.0787019910001]}, "properties": {"feature_id": "emaffKI_240511772", "daicho": "240511772", "chiban": "2031", "city": "桑名市", "address": "三重県桑名市大字西方字大鶴2031", "chimoku": "樹園地", "area_sqm": 1071.0, "reject": 0.4}}, {"type": "Feature", "geometry": {"type": "Point", "coordinates": [136.561696664, 35.13819249800002]}, "properties": {"feature_id": "emaffKI_240342370", "daicho": "240342370", "chiban": "2845", "city": "いなべ市", "address": "三重県いなべ市員弁町市之原字白岩谷2845", "chimoku": "田", "area_sqm": 1429.0, "reject": 0.401}}, {"type": "Feature", "geometry": {"type": "Point", "coordinates": [136.55831802800003, 35.13555794200005]}, "properties": {"feature_id": "emaffKI_240342719", "daicho": "240342719", "chiban": "76-1", "city": "いなべ市", "address": "三重県いなべ市員弁町坂東新田字三番割76-1", "chimoku": "畑", "area_sqm": 887.0, "reject": 0.402}}, {"type": "Feature", "geometry": {"type": "Point", "coordinates": [136.51701733400012, 35.09407957500008]}, "properties": {"feature_id": "emaffKI_240364195", "daicho": "240364195", "chiban": "2389-1", "city": "いなべ市", "address": "三重県いなべ市大安町鍋坂字鍋坂2389-1", "chimoku": "畑", "area_sqm": 2799.0, "reject": 0.404}}, {"type": "Feature", "geometry": {"type": "Point", "coordinates": [136.61304756, 35.113551941]}, "properties": {"feature_id": "emaffKI_240559197", "daicho": "240559197", "chiban": "1618", "city": "桑名市", "address": "三重県桑名市多度町力尾字寺谷1618", "chimoku": "畑", "area_sqm": 856.0, "reject": 0.406}}, {"type": "Feature", "geometry": {"type": "Point", "coordinates": [136.651181178, 35.090115892]}, "properties": {"feature_id": "emaffKI_240543364", "daicho": "240543364", "chiban": "2840-3", "city": "桑名市", "address": "三重県桑名市大字下深谷部字桃ノ木谷2840-3", "chimoku": "樹園地", "area_sqm": 991.0, "reject": 0.406}}, {"type": "Feature", "geometry": {"type": "Point", "coordinates": [136.61924265, 35.076280238]}, "properties": {"feature_id": "emaffKI_240526581", "daicho": "240526581", "chiban": "1507-1", "city": "桑名市", "address": "三重県桑名市大字芳ケ崎字池城1507-1", "chimoku": "畑", "area_sqm": 11436.0, "reject": 0.406}}, {"type": "Feature", "geometry": {"type": "Point", "coordinates": [136.653023279, 35.0437723580001]}, "properties": {"feature_id": "emaffKI_240522845", "daicho": "240522845", "chiban": "2732-1", "city": "桑名市", "address": "三重県桑名市大字桑部字中府2732-1", "chimoku": "畑", "area_sqm": 1198.0, "reject": 0.406}}, {"type": "Feature", "geometry": {"type": "Point", "coordinates": [136.610429305, 35.0788940890001]}, "properties": {"feature_id": "emaffKI_240529092", "daicho": "240529092", "chiban": "347-3", "city": "桑名市", "address": "三重県桑名市大字大仲新田字屋敷347-3", "chimoku": "畑", "area_sqm": 881.0, "reject": 0.407}}, {"type": "Feature", "geometry": {"type": "Point", "coordinates": [136.53678214900003, 35.14412760400006]}, "properties": {"feature_id": "emaffKI_240334394", "daicho": "240334394", "chiban": "1943", "city": "いなべ市", "address": "三重県いなべ市北勢町其原字楚里1943", "chimoku": "畑", "area_sqm": 1196.0, "reject": 0.408}}, {"type": "Feature", "geometry": {"type": "Point", "coordinates": [136.53194651500007, 35.107892958000036]}, "properties": {"feature_id": "emaffKI_240358112", "daicho": "240358112", "chiban": "95", "city": "いなべ市", "address": "三重県いなべ市大安町石榑下字辻内95", "chimoku": "畑", "area_sqm": 919.0, "reject": 0.408}}, {"type": "Feature", "geometry": {"type": "Point", "coordinates": [136.5157785440001, 35.12005941500007]}, "properties": {"feature_id": "emaffKI_240368272", "daicho": "240368272", "chiban": "512", "city": "いなべ市", "address": "三重県いなべ市大安町丹生川中字中貝戸512", "chimoku": "田", "area_sqm": 1123.0, "reject": 0.408}}, {"type": "Feature", "geometry": {"type": "Point", "coordinates": [136.50949132300002, 35.10227037400006]}, "properties": {"feature_id": "emaffKI_240365566", "daicho": "240365566", "chiban": "2460-3", "city": "いなべ市", "address": "三重県いなべ市大安町石榑東字野々田2460-3", "chimoku": "畑", "area_sqm": 991.0, "reject": 0.408}}, {"type": "Feature", "geometry": {"type": "Point", "coordinates": [136.617536446, 35.0893938400001]}, "properties": {"feature_id": "emaffKI_240528067", "daicho": "240528067", "chiban": "42-1", "city": "桑名市", "address": "三重県桑名市大字嘉例川字村西42-1", "chimoku": "畑", "area_sqm": 2327.0, "reject": 0.41}}, {"type": "Feature", "geometry": {"type": "Point", "coordinates": [136.53092400100002, 35.09567849500007]}, "properties": {"feature_id": "emaffKI_240357864", "daicho": "240357864", "chiban": "2509", "city": "いなべ市", "address": "三重県いなべ市大安町大井田字中小原2509", "chimoku": "畑", "area_sqm": 1256.0, "reject": 0.41}}, {"type": "Feature", "geometry": {"type": "Point", "coordinates": [136.52385881700002, 35.16065853900005]}, "properties": {"feature_id": "emaffKI_240323573", "daicho": "240323573", "chiban": "568-1", "city": "いなべ市", "address": "三重県いなべ市北勢町飯倉字貝戸568-1", "chimoku": "田", "area_sqm": 967.0, "reject": 0.413}}, {"type": "Feature", "geometry": {"type": "Point", "coordinates": [136.55405495700006, 35.11870122100004]}, "properties": {"feature_id": "emaffKI_240345154", "daicho": "240345154", "chiban": "767-1", "city": "いなべ市", "address": "三重県いなべ市員弁町笠田新田字七ツ橋767-1", "chimoku": "田", "area_sqm": 1723.0, "reject": 0.413}}, {"type": "Feature", "geometry": {"type": "Point", "coordinates": [136.54239925500008, 35.08718405500008]}, "properties": {"feature_id": "emaffKI_240357661", "daicho": "240357661", "chiban": "1566-3", "city": "いなべ市", "address": "三重県いなべ市大安町大井田字東山1566-3", "chimoku": "畑", "area_sqm": 2595.0, "reject": 0.413}}, {"type": "Feature", "geometry": {"type": "Point", "coordinates": [136.5095407870001, 35.10242651600004]}, "properties": {"feature_id": "emaffKI_240365565", "daicho": "240365565", "chiban": "2460-2", "city": "いなべ市", "address": "三重県いなべ市大安町石榑東字野々田2460-2", "chimoku": "畑", "area_sqm": 991.0, "reject": 0.414}}, {"type": "Feature", "geometry": {"type": "Point", "coordinates": [136.5397129580001, 35.139562359000024]}, "properties": {"feature_id": "emaffKI_240334498", "daicho": "240334498", "chiban": "2052-1", "city": "いなべ市", "address": "三重県いなべ市北勢町其原字楚里2052-1", "chimoku": "畑", "area_sqm": 1009.0, "reject": 0.415}}, {"type": "Feature", "geometry": {"type": "Point", "coordinates": [136.51394042900006, 35.10679244600004]}, "properties": {"feature_id": "emaffKI_240364813", "daicho": "240364813", "chiban": "1048-1", "city": "いなべ市", "address": "三重県いなべ市大安町石榑東字山垣内1048-1", "chimoku": "田", "area_sqm": 853.0, "reject": 0.415}}, {"type": "Feature", "geometry": {"type": "Point", "coordinates": [136.51055160600004, 35.13537013500007]}, "properties": {"feature_id": "emaffKI_240340649", "daicho": "240340649", "chiban": "443-3", "city": "いなべ市", "address": "三重県いなべ市北勢町垣内字東垣内443-3", "chimoku": "田", "area_sqm": 893.0, "reject": 0.415}}, {"type": "Feature", "geometry": {"type": "Point", "coordinates": [136.51392188500006, 35.094804897000074]}, "properties": {"feature_id": "emaffKI_240364016", "daicho": "240364016", "chiban": "257-2", "city": "いなべ市", "address": "三重県いなべ市大安町宇賀新田字鍋坂257-2", "chimoku": "畑", "area_sqm": 852.0, "reject": 0.416}}, {"type": "Feature", "geometry": {"type": "Point", "coordinates": [136.671415641, 35.0861433600001]}, "properties": {"feature_id": "emaffKI_240512588", "daicho": "240512588", "chiban": "453-1", "city": "桑名市", "address": "三重県桑名市大字西汰上字弥平田453-1", "chimoku": "田", "area_sqm": 830.0, "reject": 0.416}}, {"type": "Feature", "geometry": {"type": "Point", "coordinates": [136.5390987500001, 35.13832234200004]}, "properties": {"feature_id": "emaffKI_240333692", "daicho": "240333692", "chiban": "3594-1", "city": "いなべ市", "address": "三重県いなべ市北勢町麻生田字麻野3594-1", "chimoku": "田", "area_sqm": 959.0, "reject": 0.418}}, {"type": "Feature", "geometry": {"type": "Point", "coordinates": [136.51698144800002, 35.13821233900006]}, "properties": {"feature_id": "emaffKI_240339679", "daicho": "240339679", "chiban": "359-1", "city": "いなべ市", "address": "三重県いなべ市北勢町東村字上之方359-1", "chimoku": "畑", "area_sqm": 2382.0, "reject": 0.418}}, {"type": "Feature", "geometry": {"type": "Point", "coordinates": [136.52099598400002, 35.11278058600004]}, "properties": {"feature_id": "emaffKI_240365048", "daicho": "240365048", "chiban": "1366-1", "city": "いなべ市", "address": "三重県いなべ市大安町石榑東字新田1366-1", "chimoku": "畑", "area_sqm": 943.0, "reject": 0.418}}, {"type": "Feature", "geometry": {"type": "Point", "coordinates": [136.54382514700012, 35.099982115000046]}, "properties": {"feature_id": "emaffKI_240358882", "daicho": "240358882", "chiban": "968", "city": "いなべ市", "address": "三重県いなべ市大安町平塚字尼ヶ谷968", "chimoku": "畑", "area_sqm": 882.0, "reject": 0.418}}, {"type": "Feature", "geometry": {"type": "Point", "coordinates": [136.51621935000003, 35.11978942700006]}, "properties": {"feature_id": "emaffKI_240368302", "daicho": "240368302", "chiban": "617", "city": "いなべ市", "address": "三重県いなべ市大安町丹生川中字中貝戸617", "chimoku": "田", "area_sqm": 1001.0, "reject": 0.418}}, {"type": "Feature", "geometry": {"type": "Point", "coordinates": [136.51784792700005, 35.15458750700003]}, "properties": {"feature_id": "emaffKI_240322323", "daicho": "240322323", "chiban": "1826", "city": "いなべ市", "address": "三重県いなべ市北勢町阿下喜字的場1826", "chimoku": "畑", "area_sqm": 819.0, "reject": 0.419}}, {"type": "Feature", "geometry": {"type": "Point", "coordinates": [136.51732169100012, 35.138775801000065]}, "properties": {"feature_id": "emaffKI_240339678", "daicho": "240339678", "chiban": "358-1", "city": "いなべ市", "address": "三重県いなべ市北勢町東村字今村358-1", "chimoku": "畑", "area_sqm": 885.0, "reject": 0.419}}, {"type": "Feature", "geometry": {"type": "Point", "coordinates": [136.616566114, 35.0529386360001]}, "properties": {"feature_id": "emaffKI_240532787", "daicho": "240532787", "chiban": "3538", "city": "桑名市", "address": "三重県桑名市大字志知字掛木3538", "chimoku": "畑", "area_sqm": 1397.0, "reject": 0.419}}, {"type": "Feature", "geometry": {"type": "Point", "coordinates": [136.49244705900003, 35.17825116800003]}, "properties": {"feature_id": "emaffKI_240376359", "daicho": "240376359", "chiban": "689", "city": "いなべ市", "address": "三重県いなべ市藤原町市場字北之貝戸689", "chimoku": "田", "area_sqm": 1031.0, "reject": 0.419}}, {"type": "Feature", "geometry": {"type": "Point", "coordinates": [136.53990390800004, 35.14076239600007]}, "properties": {"feature_id": "emaffKI_240334504", "daicho": "240334504", "chiban": "2061", "city": "いなべ市", "address": "三重県いなべ市北勢町其原字楚里2061", "chimoku": "樹園地", "area_sqm": 991.0, "reject": 0.42}}, {"type": "Feature", "geometry": {"type": "Point", "coordinates": [136.50731731200005, 35.163836235000076]}, "properties": {"feature_id": "emaffKI_240323083", "daicho": "240323083", "chiban": "646", "city": "いなべ市", "address": "三重県いなべ市北勢町瀬木字北山田646", "chimoku": "田", "area_sqm": 1062.0, "reject": 0.421}}, {"type": "Feature", "geometry": {"type": "Point", "coordinates": [136.647240305, 35.0926646620001]}, "properties": {"feature_id": "emaffKI_240543462", "daicho": "240543462", "chiban": "2855-20", "city": "桑名市", "address": "三重県桑名市大字下深谷部字桃ノ木谷2855-20", "chimoku": "樹園地", "area_sqm": 1520.0, "reject": 0.421}}, {"type": "Feature", "geometry": {"type": "Point", "coordinates": [136.615262904, 35.0752355430001]}, "properties": {"feature_id": "emaffKI_240527684", "daicho": "240527684", "chiban": "1506-1", "city": "桑名市", "address": "三重県桑名市大字五反田字小山1506-1", "chimoku": "畑", "area_sqm": 945.0, "reject": 0.421}}, {"type": "Feature", "geometry": {"type": "Point", "coordinates": [136.54265724800007, 35.15121677600007]}, "properties": {"feature_id": "emaffKI_240334545", "daicho": "240334545", "chiban": "35-4", "city": "いなべ市", "address": "三重県いなべ市北勢町大辻新田字下ノ切35-4", "chimoku": "畑", "area_sqm": 1040.0, "reject": 0.422}}, {"type": "Feature", "geometry": {"type": "Point", "coordinates": [136.5168136530001, 35.15294056600004]}, "properties": {"feature_id": "emaffKI_240322369", "daicho": "240322369", "chiban": "1893", "city": "いなべ市", "address": "三重県いなべ市北勢町阿下喜字的場1893", "chimoku": "畑", "area_sqm": 1071.0, "reject": 0.423}}, {"type": "Feature", "geometry": {"type": "Point", "coordinates": [136.5367744340001, 35.14336976900006]}, "properties": {"feature_id": "emaffKI_240334391", "daicho": "240334391", "chiban": "1938-1", "city": "いなべ市", "address": "三重県いなべ市北勢町其原字楚里1938-1", "chimoku": "畑", "area_sqm": 963.0, "reject": 0.423}}, {"type": "Feature", "geometry": {"type": "Point", "coordinates": [136.49941634800007, 35.160208831000034]}, "properties": {"feature_id": "emaffKI_240370884", "daicho": "240370884", "chiban": "490-1", "city": "いなべ市", "address": "三重県いなべ市藤原町下野尻字下畑田490-1", "chimoku": "畑", "area_sqm": 800.0, "reject": 0.423}}, {"type": "Feature", "geometry": {"type": "Point", "coordinates": [136.58231903600006, 35.13196602100004]}, "properties": {"feature_id": "emaffKI_240349063", "daicho": "240349063", "chiban": "64-1", "city": "いなべ市", "address": "三重県いなべ市員弁町平古字六之郭64-1", "chimoku": "畑", "area_sqm": 1321.0, "reject": 0.423}}, {"type": "Feature", "geometry": {"type": "Point", "coordinates": [136.655714709, 35.0875662330001]}, "properties": {"feature_id": "emaffKI_240513723", "daicho": "240513723", "chiban": "1500-14", "city": "桑名市", "address": "三重県桑名市大字播磨字佛谷1500-14", "chimoku": "畑", "area_sqm": 971.0, "reject": 0.423}}, {"type": "Feature", "geometry": {"type": "Point", "coordinates": [136.50766874900012, 35.10233831000005]}, "properties": {"feature_id": "emaffKI_240361220", "daicho": "240361220", "chiban": "168-1", "city": "いなべ市", "address": "三重県いなべ市大安町石榑南字野々田168-1", "chimoku": "畑", "area_sqm": 812.0, "reject": 0.423}}, {"type": "Feature", "geometry": {"type": "Point", "coordinates": [136.53971911600001, 35.137682480000024]}, "properties": {"feature_id": "emaffKI_240333719", "daicho": "240333719", "chiban": "3635", "city": "いなべ市", "address": "三重県いなべ市北勢町麻生田字麻野3635", "chimoku": "畑", "area_sqm": 991.0, "reject": 0.424}}, {"type": "Feature", "geometry": {"type": "Point", "coordinates": [136.647395104, 35.0938076730001]}, "properties": {"feature_id": "emaffKI_240543443", "daicho": "240543443", "chiban": "2855-1", "city": "桑名市", "address": "三重県桑名市大字下深谷部字桃ノ木谷2855-1", "chimoku": "畑", "area_sqm": 1051.0, "reject": 0.424}}, {"type": "Feature", "geometry": {"type": "Point", "coordinates": [136.5251143600001, 35.10127913500003]}, "properties": {"feature_id": "emaffKI_240365906", "daicho": "240365906", "chiban": "2961-24", "city": "いなべ市", "address": "三重県いなべ市大安町石榑東字中大野2961-24", "chimoku": "畑", "area_sqm": 826.0, "reject": 0.424}}, {"type": "Feature", "geometry": {"type": "Point", "coordinates": [136.5544118360001, 35.11750285100004]}, "properties": {"feature_id": "emaffKI_240345200", "daicho": "240345200", "chiban": "2592", "city": "いなべ市", "address": "三重県いなべ市員弁町笠田新田字七ツ橋2592", "chimoku": "畑", "area_sqm": 978.0, "reject": 0.425}}, {"type": "Feature", "geometry": {"type": "Point", "coordinates": [136.620926029, 35.1098000870001]}, "properties": {"feature_id": "emaffKI_240558452", "daicho": "240558452", "chiban": "519", "city": "桑名市", "address": "三重県桑名市多度町力尾字八反田519", "chimoku": "田", "area_sqm": 1001.0, "reject": 0.425}}, {"type": "Feature", "geometry": {"type": "Point", "coordinates": [136.600248599, 35.1323286150001]}, "properties": {"feature_id": "emaffKI_240563018", "daicho": "240563018", "chiban": "1845-3", "city": "桑名市", "address": "三重県桑名市多度町古野字平尾1845-3", "chimoku": "田", "area_sqm": 2152.0, "reject": 0.425}}, {"type": "Feature", "geometry": {"type": "Point", "coordinates": [136.649879978, 35.094253961]}, "properties": {"feature_id": "emaffKI_240543507", "daicho": "240543507", "chiban": "2885-21", "city": "桑名市", "address": "三重県桑名市大字下深谷部字柿ノ木原2885-21", "chimoku": "畑", "area_sqm": 955.0, "reject": 0.425}}, {"type": "Feature", "geometry": {"type": "Point", "coordinates": [136.63546339, 35.1029586010001]}, "properties": {"feature_id": "emaffKI_240560507", "daicho": "240560507", "chiban": "1502-3", "city": "桑名市", "address": "三重県桑名市多度町御衣野字田代1502-3", "chimoku": "樹園地", "area_sqm": 829.0, "reject": 0.426}}, {"type": "Feature", "geometry": {"type": "Point", "coordinates": [136.633885285, 35.046679752]}, "properties": {"feature_id": "emaffKI_240524898", "daicho": "240524898", "chiban": "917-3", "city": "桑名市", "address": "三重県桑名市大字能部字深谷917-3", "chimoku": "畑", "area_sqm": 963.0, "reject": 0.426}}, {"type": "Feature", "geometry": {"type": "Point", "coordinates": [136.654362173, 35.099760304]}, "properties": {"feature_id": "emaffKI_240544108", "daicho": "240544108", "chiban": "3505-15", "city": "桑名市", "address": "三重県桑名市大字下深谷部字高座3505-15", "chimoku": "畑", "area_sqm": 1424.0, "reject": 0.427}}, {"type": "Feature", "geometry": {"type": "Point", "coordinates": [136.635555714, 35.098925894]}, "properties": {"feature_id": "emaffKI_240561362", "daicho": "240561362", "chiban": "4127-1", "city": "桑名市", "address": "三重県桑名市多度町御衣野字天ノ子4127-1", "chimoku": "畑", "area_sqm": 2874.0, "reject": 0.428}}, {"type": "Feature", "geometry": {"type": "Point", "coordinates": [136.664607566, 35.077163666]}, "properties": {"feature_id": "emaffKI_240511326", "daicho": "240511326", "chiban": "1574-1", "city": "桑名市", "address": "三重県桑名市大字西方字梅ノ木戸1574-1", "chimoku": "樹園地", "area_sqm": 3361.0, "reject": 0.428}}, {"type": "Feature", "geometry": {"type": "Point", "coordinates": [136.53535138400002, 35.14283783700006]}, "properties": {"feature_id": "emaffKI_240333568", "daicho": "240333568", "chiban": "3392", "city": "いなべ市", "address": "三重県いなべ市北勢町麻生田字麻野3392", "chimoku": "畑", "area_sqm": 991.0, "reject": 0.43}}, {"type": "Feature", "geometry": {"type": "Point", "coordinates": [136.56409888400003, 35.10509186000007]}, "properties": {"feature_id": "emaffKI_240349704", "daicho": "240349704", "chiban": "569-1", "city": "いなべ市", "address": "三重県いなべ市員弁町大泉新田字南八畝割569-1", "chimoku": "田", "area_sqm": 1639.0, "reject": 0.43}}, {"type": "Feature", "geometry": {"type": "Point", "coordinates": [136.65390313, 35.0997972690001]}, "properties": {"feature_id": "emaffKI_240544109", "daicho": "240544109", "chiban": "3505-16", "city": "桑名市", "address": "三重県桑名市大字下深谷部字高座3505-16", "chimoku": "畑", "area_sqm": 1814.0, "reject": 0.43}}, {"type": "Feature", "geometry": {"type": "Point", "coordinates": [136.5089119800001, 35.13577036700008]}, "properties": {"feature_id": "emaffKI_240340619", "daicho": "240340619", "chiban": "415-1", "city": "いなべ市", "address": "三重県いなべ市北勢町垣内字東垣内415-1", "chimoku": "畑", "area_sqm": 958.0, "reject": 0.43}}, {"type": "Feature", "geometry": {"type": "Point", "coordinates": [136.50953654900002, 35.13652340500005]}, "properties": {"feature_id": "emaffKI_240340668", "daicho": "240340668", "chiban": "1199", "city": "いなべ市", "address": "三重県いなべ市北勢町垣内字東垣内1199", "chimoku": "畑", "area_sqm": 1145.0, "reject": 0.433}}, {"type": "Feature", "geometry": {"type": "Point", "coordinates": [136.53973605500005, 35.14184082300005]}, "properties": {"feature_id": "emaffKI_240334475", "daicho": "240334475", "chiban": "2024-1", "city": "いなべ市", "address": "三重県いなべ市北勢町其原字楚里2024-1", "chimoku": "田", "area_sqm": 1005.0, "reject": 0.434}}, {"type": "Feature", "geometry": {"type": "Point", "coordinates": [136.637302416, 35.0987932530001]}, "properties": {"feature_id": "emaffKI_240561345", "daicho": "240561345", "chiban": "4110", "city": "桑名市", "address": "三重県桑名市多度町御衣野字天ノ子4110", "chimoku": "畑", "area_sqm": 2651.0, "reject": 0.434}}, {"type": "Feature", "geometry": {"type": "Point", "coordinates": [136.52866731900008, 35.14436458700004]}, "properties": {"feature_id": "emaffKI_240340043", "daicho": "240340043", "chiban": "1306", "city": "いなべ市", "address": "三重県いなべ市北勢町東村字小山1306", "chimoku": "畑", "area_sqm": 1107.0, "reject": 0.435}}, {"type": "Feature", "geometry": {"type": "Point", "coordinates": [136.51381757000001, 35.15059839000003]}, "properties": {"feature_id": "emaffKI_240322068", "daicho": "240322068", "chiban": "1319-1", "city": "いなべ市", "address": "三重県いなべ市北勢町阿下喜字南垣内1319-1", "chimoku": "田", "area_sqm": 979.0, "reject": 0.435}}, {"type": "Feature", "geometry": {"type": "Point", "coordinates": [136.52891643600003, 35.14432064500005]}, "properties": {"feature_id": "emaffKI_240340044", "daicho": "240340044", "chiban": "1307", "city": "いなべ市", "address": "三重県いなべ市北勢町東村字小山1307", "chimoku": "畑", "area_sqm": 1051.0, "reject": 0.435}}, {"type": "Feature", "geometry": {"type": "Point", "coordinates": [136.54358617200012, 35.12302230900008]}, "properties": {"feature_id": "emaffKI_240344382", "daicho": "240344382", "chiban": "2166", "city": "いなべ市", "address": "三重県いなべ市員弁町上笠田字出合2166", "chimoku": "畑", "area_sqm": 859.0, "reject": 0.435}}, {"type": "Feature", "geometry": {"type": "Point", "coordinates": [136.656196251, 35.0499768550001]}, "properties": {"feature_id": "emaffKI_240521195", "daicho": "240521195", "chiban": "3076-1", "city": "桑名市", "address": "三重県桑名市大字桑部字城下3076-1", "chimoku": "畑", "area_sqm": 1125.0, "reject": 0.435}}, {"type": "Feature", "geometry": {"type": "Point", "coordinates": [136.5701008630001, 35.09833036600003]}, "properties": {"feature_id": "emaffKI_240349981", "daicho": "240349981", "chiban": "1086-1", "city": "いなべ市", "address": "三重県いなべ市員弁町大泉新田字大泉1086-1", "chimoku": "田", "area_sqm": 919.0, "reject": 0.436}}, {"type": "Feature", "geometry": {"type": "Point", "coordinates": [136.649967765, 35.089814459]}, "properties": {"feature_id": "emaffKI_240543375", "daicho": "240543375", "chiban": "2840-14", "city": "桑名市", "address": "三重県桑名市大字下深谷部字桃ノ木谷2840-14", "chimoku": "畑", "area_sqm": 1006.0, "reject": 0.437}}, {"type": "Feature", "geometry": {"type": "Point", "coordinates": [136.4927390570001, 35.17916940400005]}, "properties": {"feature_id": "emaffKI_240376395", "daicho": "240376395", "chiban": "747-5", "city": "いなべ市", "address": "三重県いなべ市藤原町市場字北之貝戸747-5", "chimoku": "田", "area_sqm": 925.0, "reject": 0.437}}, {"type": "Feature", "geometry": {"type": "Point", "coordinates": [136.5103259880001, 35.12939135200003]}, "properties": {"feature_id": "emaffKI_240338983", "daicho": "240338983", "chiban": "267-5", "city": "いなべ市", "address": "三重県いなべ市北勢町麓村字東野267-5", "chimoku": "畑", "area_sqm": 1097.0, "reject": 0.437}}, {"type": "Feature", "geometry": {"type": "Point", "coordinates": [136.5140612140001, 35.149226714000065]}, "properties": {"feature_id": "emaffKI_240322042", "daicho": "240322042", "chiban": "1279-1", "city": "いなべ市", "address": "三重県いなべ市北勢町阿下喜字覚正垣内1279-1", "chimoku": "田", "area_sqm": 845.0, "reject": 0.438}}, {"type": "Feature", "geometry": {"type": "Point", "coordinates": [136.52313991200003, 35.15041801700005]}, "properties": {"feature_id": "emaffKI_240322770", "daicho": "240322770", "chiban": "2866", "city": "いなべ市", "address": "三重県いなべ市北勢町阿下喜字正邸2866", "chimoku": "田", "area_sqm": 1629.0, "reject": 0.438}}, {"type": "Feature", "geometry": {"type": "Point", "coordinates": [136.538838993, 35.139922983000076]}, "properties": {"feature_id": "emaffKI_240334491", "daicho": "240334491", "chiban": "2040", "city": "いなべ市", "address": "三重県いなべ市北勢町其原字楚里2040", "chimoku": "畑", "area_sqm": 991.0, "reject": 0.438}}, {"type": "Feature", "geometry": {"type": "Point", "coordinates": [136.61647672, 35.112378452]}, "properties": {"feature_id": "emaffKI_240558879", "daicho": "240558879", "chiban": "1049", "city": "桑名市", "address": "三重県桑名市多度町力尾字大平1049", "chimoku": "樹園地", "area_sqm": 1266.0, "reject": 0.438}}, {"type": "Feature", "geometry": {"type": "Point", "coordinates": [136.50877510600003, 35.13259343100003]}, "properties": {"feature_id": "emaffKI_240339096", "daicho": "240339096", "chiban": "526", "city": "いなべ市", "address": "三重県いなべ市北勢町麓村字谷口526", "chimoku": "畑", "area_sqm": 1034.0, "reject": 0.438}}, {"type": "Feature", "geometry": {"type": "Point", "coordinates": [136.5152668290001, 35.10659923800006]}, "properties": {"feature_id": "emaffKI_240365443", "daicho": "240365443", "chiban": "3846", "city": "いなべ市", "address": "三重県いなべ市大安町石榑東字野畑3846", "chimoku": "畑", "area_sqm": 1575.0, "reject": 0.439}}, {"type": "Feature", "geometry": {"type": "Point", "coordinates": [136.50891626100008, 35.119106567000074]}, "properties": {"feature_id": "emaffKI_240368976", "daicho": "240368976", "chiban": "1945", "city": "いなべ市", "address": "三重県いなべ市大安町丹生川上字中島1945", "chimoku": "田", "area_sqm": 1290.0, "reject": 0.44}}, {"type": "Feature", "geometry": {"type": "Point", "coordinates": [136.5194381010001, 35.155459058000076]}, "properties": {"feature_id": "emaffKI_240322507", "daicho": "240322507", "chiban": "3862", "city": "いなべ市", "address": "三重県いなべ市北勢町阿下喜字下北田3862", "chimoku": "畑", "area_sqm": 1260.0, "reject": 0.441}}, {"type": "Feature", "geometry": {"type": "Point", "coordinates": [136.614426253, 35.1131204910001]}, "properties": {"feature_id": "emaffKI_240559218", "daicho": "240559218", "chiban": "1635", "city": "桑名市", "address": "三重県桑名市多度町力尾字寺谷1635", "chimoku": "畑", "area_sqm": 1537.0, "reject": 0.441}}, {"type": "Feature", "geometry": {"type": "Point", "coordinates": [136.52563898200003, 35.16510932600005]}, "properties": {"feature_id": "emaffKI_240323606", "daicho": "240323606", "chiban": "54", "city": "いなべ市", "address": "三重県いなべ市北勢町西貝野字下名野54", "chimoku": "田", "area_sqm": 1715.0, "reject": 0.442}}, {"type": "Feature", "geometry": {"type": "Point", "coordinates": [136.6498299, 35.1047835100001]}, "properties": {"feature_id": "emaffKI_240541004", "daicho": "240541004", "chiban": "2004", "city": "桑名市", "address": "三重県桑名市大字上深谷部字北谷2004", "chimoku": "畑", "area_sqm": 1500.0, "reject": 0.442}}, {"type": "Feature", "geometry": {"type": "Point", "coordinates": [136.53811303300006, 35.14211322800003]}, "properties": {"feature_id": "emaffKI_240334432", "daicho": "240334432", "chiban": "1981-1", "city": "いなべ市", "address": "三重県いなべ市北勢町其原字楚里1981-1", "chimoku": "田", "area_sqm": 952.0, "reject": 0.443}}, {"type": "Feature", "geometry": {"type": "Point", "coordinates": [136.51314291800009, 35.14715205700003]}, "properties": {"feature_id": "emaffKI_240321568", "daicho": "240321568", "chiban": "533-1", "city": "いなべ市", "address": "三重県いなべ市北勢町阿下喜字落合533-1", "chimoku": "田", "area_sqm": 1092.0, "reject": 0.444}}, {"type": "Feature", "geometry": {"type": "Point", "coordinates": [136.53420011800006, 35.14328142800008]}, "properties": {"feature_id": "emaffKI_240333516", "daicho": "240333516", "chiban": "3330-2", "city": "いなべ市", "address": "三重県いなべ市北勢町麻生田字麻野3330-2", "chimoku": "田", "area_sqm": 941.0, "reject": 0.445}}, {"type": "Feature", "geometry": {"type": "Point", "coordinates": [136.618858207, 35.0849388600001]}, "properties": {"feature_id": "emaffKI_240528299", "daicho": "240528299", "chiban": "398-2", "city": "桑名市", "address": "三重県桑名市大字嘉例川字下小屋田398-2", "chimoku": "畑", "area_sqm": 952.0, "reject": 0.445}}, {"type": "Feature", "geometry": {"type": "Point", "coordinates": [136.636779408, 35.0980016870001]}, "properties": {"feature_id": "emaffKI_240561373", "daicho": "240561373", "chiban": "4136", "city": "桑名市", "address": "三重県桑名市多度町御衣野字天ノ子4136", "chimoku": "畑", "area_sqm": 3385.0, "reject": 0.445}}, {"type": "Feature", "geometry": {"type": "Point", "coordinates": [136.53300758800003, 35.09684592600007]}, "properties": {"feature_id": "emaffKI_240359268", "daicho": "240359268", "chiban": "1649", "city": "いなべ市", "address": "三重県いなべ市大安町平塚字下小原1649", "chimoku": "田", "area_sqm": 872.0, "reject": 0.445}}, {"type": "Feature", "geometry": {"type": "Point", "coordinates": [136.614584445, 35.076156811]}, "properties": {"feature_id": "emaffKI_240527786", "daicho": "240527786", "chiban": "1673", "city": "桑名市", "address": "三重県桑名市大字五反田字西池城1673", "chimoku": "畑", "area_sqm": 945.0, "reject": 0.445}}, {"type": "Feature", "geometry": {"type": "Point", "coordinates": [136.53196335100006, 35.14107850500005]}, "properties": {"feature_id": "emaffKI_240333399", "daicho": "240333399", "chiban": "3200-2", "city": "いなべ市", "address": "三重県いなべ市北勢町麻生田字麻野3200-2", "chimoku": "畑", "area_sqm": 975.0, "reject": 0.446}}, {"type": "Feature", "geometry": {"type": "Point", "coordinates": [136.53369988800011, 35.14287336900003]}, "properties": {"feature_id": "emaffKI_240333511", "daicho": "240333511", "chiban": "3325-1", "city": "いなべ市", "address": "三重県いなべ市北勢町麻生田字麻野3325-1", "chimoku": "田", "area_sqm": 955.0, "reject": 0.446}}, {"type": "Feature", "geometry": {"type": "Point", "coordinates": [136.51304683800004, 35.15069658900006]}, "properties": {"feature_id": "emaffKI_240322080", "daicho": "240322080", "chiban": "1328", "city": "いなべ市", "address": "三重県いなべ市北勢町阿下喜字南垣内1328", "chimoku": "田", "area_sqm": 842.0, "reject": 0.446}}, {"type": "Feature", "geometry": {"type": "Point", "coordinates": [136.575537806, 35.142918761]}, "properties": {"feature_id": "emaffKI_240565248", "daicho": "240565248", "chiban": "993", "city": "桑名市", "address": "三重県桑名市多度町美鹿字芋治谷993", "chimoku": "田", "area_sqm": 1791.0, "reject": 0.447}}, {"type": "Feature", "geometry": {"type": "Point", "coordinates": [136.52205480400005, 35.101865589000056]}, "properties": {"feature_id": "emaffKI_240365350", "daicho": "240365350", "chiban": "2012-3", "city": "いなべ市", "address": "三重県いなべ市大安町石榑東字下百合沢2012-3", "chimoku": "畑", "area_sqm": 1032.0, "reject": 0.447}}, {"type": "Feature", "geometry": {"type": "Point", "coordinates": [136.5705031990001, 35.10365348900007]}, "properties": {"feature_id": "emaffKI_240349537", "daicho": "240349537", "chiban": "1604", "city": "いなべ市", "address": "三重県いなべ市員弁町大泉新田字矢田1604", "chimoku": "田", "area_sqm": 836.0, "reject": 0.447}}, {"type": "Feature", "geometry": {"type": "Point", "coordinates": [136.50264165200008, 35.10131889200005]}, "properties": {"feature_id": "emaffKI_240361322", "daicho": "240361322", "chiban": "203-7", "city": "いなべ市", "address": "三重県いなべ市大安町石榑南字南一色203-7", "chimoku": "畑", "area_sqm": 1990.0, "reject": 0.448}}, {"type": "Feature", "geometry": {"type": "Point", "coordinates": [136.51629673900004, 35.08966598200004]}, "properties": {"feature_id": "emaffKI_240363813", "daicho": "240363813", "chiban": "19", "city": "いなべ市", "address": "三重県いなべ市大安町宇賀新田字東野19", "chimoku": "畑", "area_sqm": 1348.0, "reject": 0.449}}, {"type": "Feature", "geometry": {"type": "Point", "coordinates": [136.5163845290001, 35.106979660000036]}, "properties": {"feature_id": "emaffKI_240364868", "daicho": "240364868", "chiban": "1117", "city": "いなべ市", "address": "三重県いなべ市大安町石榑東字山垣内1117", "chimoku": "畑", "area_sqm": 800.0, "reject": 0.45}}, {"type": "Feature", "geometry": {"type": "Point", "coordinates": [136.637322025, 35.1002968120001]}, "properties": {"feature_id": "emaffKI_240561317", "daicho": "240561317", "chiban": "4084", "city": "桑名市", "address": "三重県桑名市多度町御衣野字天ノ子4084", "chimoku": "畑", "area_sqm": 3170.0, "reject": 0.45}}, {"type": "Feature", "geometry": {"type": "Point", "coordinates": [136.51111240700004, 35.10288240400007]}, "properties": {"feature_id": "emaffKI_240365629", "daicho": "240365629", "chiban": "2544", "city": "いなべ市", "address": "三重県いなべ市大安町石榑東字南林2544", "chimoku": "樹園地", "area_sqm": 1051.0, "reject": 0.45}}, {"type": "Feature", "geometry": {"type": "Point", "coordinates": [136.5342392330001, 35.141715429000044]}, "properties": {"feature_id": "emaffKI_240333540", "daicho": "240333540", "chiban": "3359-1", "city": "いなべ市", "address": "三重県いなべ市北勢町麻生田字麻野3359-1", "chimoku": "畑", "area_sqm": 988.0, "reject": 0.451}}, {"type": "Feature", "geometry": {"type": "Point", "coordinates": [136.534778081, 35.12041491800005]}, "properties": {"feature_id": "emaffKI_240366584", "daicho": "240366584", "chiban": "1471-1", "city": "いなべ市", "address": "三重県いなべ市大安町片樋字中垣内1471-1", "chimoku": "田", "area_sqm": 861.0, "reject": 0.451}}, {"type": "Feature", "geometry": {"type": "Point", "coordinates": [136.614631562, 35.116039293]}, "properties": {"feature_id": "emaffKI_240559289", "daicho": "240559289", "chiban": "1736", "city": "桑名市", "address": "三重県桑名市多度町力尾字北谷1736", "chimoku": "樹園地", "area_sqm": 872.0, "reject": 0.451}}, {"type": "Feature", "geometry": {"type": "Point", "coordinates": [136.53277809400004, 35.18952724700006]}, "properties": {"feature_id": "emaffKI_240326548", "daicho": "240326548", "chiban": "1172", "city": "いなべ市", "address": "三重県いなべ市北勢町塩崎字東谷1172", "chimoku": "田", "area_sqm": 978.0, "reject": 0.452}}, {"type": "Feature", "geometry": {"type": "Point", "coordinates": [136.639684749, 35.098390006]}, "properties": {"feature_id": "emaffKI_240561348", "daicho": "240561348", "chiban": "4113", "city": "桑名市", "address": "三重県桑名市多度町御衣野字天ノ子4113", "chimoku": "畑", "area_sqm": 1028.0, "reject": 0.452}}, {"type": "Feature", "geometry": {"type": "Point", "coordinates": [136.662540578, 35.0497618800001]}, "properties": {"feature_id": "emaffKI_240523379", "daicho": "240523379", "chiban": "303", "city": "桑名市", "address": "三重県桑名市大字西金井字村中303", "chimoku": "畑", "area_sqm": 1064.0, "reject": 0.452}}, {"type": "Feature", "geometry": {"type": "Point", "coordinates": [136.647781909, 35.0455205850001]}, "properties": {"feature_id": "emaffKI_240522114", "daicho": "240522114", "chiban": "1889-1", "city": "桑名市", "address": "三重県桑名市大字桑部字大佛谷1889-1", "chimoku": "畑", "area_sqm": 899.0, "reject": 0.452}}, {"type": "Feature", "geometry": {"type": "Point", "coordinates": [136.50160655900004, 35.10175084400004]}, "properties": {"feature_id": "emaffKI_240361316", "daicho": "240361316", "chiban": "195", "city": "いなべ市", "address": "三重県いなべ市大安町石榑南字南一色195", "chimoku": "畑", "area_sqm": 2109.0, "reject": 0.452}}, {"type": "Feature", "geometry": {"type": "Point", "coordinates": [136.51460094800007, 35.12066895000004]}, "properties": {"feature_id": "emaffKI_240368166", "daicho": "240368166", "chiban": "312-1", "city": "いなべ市", "address": "三重県いなべ市大安町丹生川中字小島312-1", "chimoku": "畑", "area_sqm": 950.0, "reject": 0.452}}, {"type": "Feature", "geometry": {"type": "Point", "coordinates": [136.5639596430001, 35.09240058000006]}, "properties": {"feature_id": "emaffKI_240350871", "daicho": "240350871", "chiban": "338", "city": "いなべ市", "address": "三重県いなべ市員弁町西方字城屋敷338", "chimoku": "畑", "area_sqm": 846.0, "reject": 0.453}}, {"type": "Feature", "geometry": {"type": "Point", "coordinates": [136.50277296000002, 35.101788905000035]}, "properties": {"feature_id": "emaffKI_240361320", "daicho": "240361320", "chiban": "203-1", "city": "いなべ市", "address": "三重県いなべ市大安町石榑南字南一色203-1", "chimoku": "畑", "area_sqm": 1525.0, "reject": 0.454}}, {"type": "Feature", "geometry": {"type": "Point", "coordinates": [136.5626387110001, 35.13829916200007]}, "properties": {"feature_id": "emaffKI_240342368", "daicho": "240342368", "chiban": "2841", "city": "いなべ市", "address": "三重県いなべ市員弁町市之原字白岩谷2841", "chimoku": "田", "area_sqm": 1117.0, "reject": 0.455}}, {"type": "Feature", "geometry": {"type": "Point", "coordinates": [136.51639762000002, 35.13152129500003]}, "properties": {"feature_id": "emaffKI_240339306", "daicho": "240339306", "chiban": "211", "city": "いなべ市", "address": "三重県いなべ市北勢町中山字宮之西211", "chimoku": "畑", "area_sqm": 1302.0, "reject": 0.455}}, {"type": "Feature", "geometry": {"type": "Point", "coordinates": [136.5167179660001, 35.09131395500003]}, "properties": {"feature_id": "emaffKI_240363827", "daicho": "240363827", "chiban": "32-1", "city": "いなべ市", "address": "三重県いなべ市大安町宇賀新田字東野32-1", "chimoku": "畑", "area_sqm": 935.0, "reject": 0.456}}, {"type": "Feature", "geometry": {"type": "Point", "coordinates": [136.654582174, 35.09427121]}, "properties": {"feature_id": "emaffKI_240543257", "daicho": "240543257", "chiban": "2765-3", "city": "桑名市", "address": "三重県桑名市大字下深谷部字奥條2765-3", "chimoku": "畑", "area_sqm": 2542.0, "reject": 0.456}}, {"type": "Feature", "geometry": {"type": "Point", "coordinates": [136.52435046900007, 35.12451254100006]}, "properties": {"feature_id": "emaffKI_240367740", "daicho": "240367740", "chiban": "1732-1", "city": "いなべ市", "address": "三重県いなべ市大安町丹生川久下字野■1732-1", "chimoku": "畑", "area_sqm": 803.0, "reject": 0.457}}, {"type": "Feature", "geometry": {"type": "Point", "coordinates": [136.5221039060001, 35.10859526400003]}, "properties": {"feature_id": "emaffKI_240365289", "daicho": "240365289", "chiban": "1860-3", "city": "いなべ市", "address": "三重県いなべ市大安町石榑東字上島ヶ原1860-3", "chimoku": "畑", "area_sqm": 830.0, "reject": 0.457}}, {"type": "Feature", "geometry": {"type": "Point", "coordinates": [136.655678688, 35.049911278]}, "properties": {"feature_id": "emaffKI_240521197", "daicho": "240521197", "chiban": "3078-1", "city": "桑名市", "address": "三重県桑名市大字桑部字城下3078-1", "chimoku": "畑", "area_sqm": 1763.0, "reject": 0.457}}, {"type": "Feature", "geometry": {"type": "Point", "coordinates": [136.49461919400005, 35.10203360100007]}, "properties": {"feature_id": "emaffKI_240362218", "daicho": "240362218", "chiban": "1690", "city": "いなべ市", "address": "三重県いなべ市大安町石榑南字前林1690", "chimoku": "畑", "area_sqm": 3319.0, "reject": 0.457}}, {"type": "Feature", "geometry": {"type": "Point", "coordinates": [136.53333380900006, 35.14318246900007]}, "properties": {"feature_id": "emaffKI_240333425", "daicho": "240333425", "chiban": "3250-1", "city": "いなべ市", "address": "三重県いなべ市北勢町麻生田字麻野3250-1", "chimoku": "田", "area_sqm": 955.0, "reject": 0.458}}, {"type": "Feature", "geometry": {"type": "Point", "coordinates": [136.53902640900003, 35.140659742000025]}, "properties": {"feature_id": "emaffKI_240334486", "daicho": "240334486", "chiban": "2034", "city": "いなべ市", "address": "三重県いなべ市北勢町其原字楚里2034", "chimoku": "田", "area_sqm": 991.0, "reject": 0.458}}, {"type": "Feature", "geometry": {"type": "Point", "coordinates": [136.51391267400004, 35.105105148000064]}, "properties": {"feature_id": "emaffKI_240365430", "daicho": "240365430", "chiban": "2221", "city": "いなべ市", "address": "三重県いなべ市大安町石榑東字野畑2221", "chimoku": "畑", "area_sqm": 852.0, "reject": 0.458}}, {"type": "Feature", "geometry": {"type": "Point", "coordinates": [136.49278405100006, 35.170692307000024]}, "properties": {"feature_id": "emaffKI_240376562", "daicho": "240376562", "chiban": "86-1", "city": "いなべ市", "address": "三重県いなべ市藤原町志礼石新田字宮之貝戸86-1", "chimoku": "畑", "area_sqm": 1377.0, "reject": 0.458}}, {"type": "Feature", "geometry": {"type": "Point", "coordinates": [136.51255560900006, 35.13690217800007]}, "properties": {"feature_id": "emaffKI_240339575", "daicho": "240339575", "chiban": "254-1", "city": "いなべ市", "address": "三重県いなべ市北勢町東村字西大路254-1", "chimoku": "畑", "area_sqm": 1515.0, "reject": 0.458}}, {"type": "Feature", "geometry": {"type": "Point", "coordinates": [136.53996545200005, 35.139695833000076]}, "properties": {"feature_id": "emaffKI_240334515", "daicho": "240334515", "chiban": "2070-2", "city": "いなべ市", "address": "三重県いなべ市北勢町其原字楚里2070-2", "chimoku": "畑", "area_sqm": 951.0, "reject": 0.459}}, {"type": "Feature", "geometry": {"type": "Point", "coordinates": [136.52637506200006, 35.085926518000065]}, "properties": {"feature_id": "emaffKI_240356846", "daicho": "240356846", "chiban": "2383-1", "city": "いなべ市", "address": "三重県いなべ市大安町門前字西北谷2383-1", "chimoku": "田", "area_sqm": 1510.0, "reject": 0.459}}, {"type": "Feature", "geometry": {"type": "Point", "coordinates": [136.542501248, 35.086816561000035]}, "properties": {"feature_id": "emaffKI_240357670", "daicho": "240357670", "chiban": "1602-4", "city": "いなべ市", "address": "三重県いなべ市大安町大井田字東山1602-4", "chimoku": "畑", "area_sqm": 3075.0, "reject": 0.46}}, {"type": "Feature", "geometry": {"type": "Point", "coordinates": [136.53430267200008, 35.14195939000007]}, "properties": {"feature_id": "emaffKI_240333539", "daicho": "240333539", "chiban": "3358", "city": "いなべ市", "address": "三重県いなべ市北勢町麻生田字麻野3358", "chimoku": "畑", "area_sqm": 991.0, "reject": 0.462}}, {"type": "Feature", "geometry": {"type": "Point", "coordinates": [136.53893832100005, 35.14665015700007]}, "properties": {"feature_id": "emaffKI_240334612", "daicho": "240334612", "chiban": "118", "city": "いなべ市", "address": "三重県いなべ市北勢町大辻新田字大辻野118", "chimoku": "畑", "area_sqm": 860.0, "reject": 0.462}}, {"type": "Feature", "geometry": {"type": "Point", "coordinates": [136.654179123, 35.111873818]}, "properties": {"feature_id": "emaffKI_240540410", "daicho": "240540410", "chiban": "2560", "city": "桑名市", "address": "三重県桑名市大字上深谷部字宮西2560", "chimoku": "田", "area_sqm": 1381.0, "reject": 0.462}}, {"type": "Feature", "geometry": {"type": "Point", "coordinates": [136.53921042800005, 35.13804393600003]}, "properties": {"feature_id": "emaffKI_240333693", "daicho": "240333693", "chiban": "3595-1", "city": "いなべ市", "address": "三重県いなべ市北勢町麻生田字麻野3595-1", "chimoku": "畑", "area_sqm": 1952.0, "reject": 0.463}}, {"type": "Feature", "geometry": {"type": "Point", "coordinates": [136.51364872600004, 35.16538402600003]}, "properties": {"feature_id": "emaffKI_240325548", "daicho": "240325548", "chiban": "860", "city": "いなべ市", "address": "三重県いなべ市北勢町向平字権現860", "chimoku": "田", "area_sqm": 1500.0, "reject": 0.463}}, {"type": "Feature", "geometry": {"type": "Point", "coordinates": [136.624378958, 35.110019885]}, "properties": {"feature_id": "emaffKI_240558400", "daicho": "240558400", "chiban": "425-2", "city": "桑名市", "address": "三重県桑名市多度町力尾字八反田425-2", "chimoku": "畑", "area_sqm": 1358.0, "reject": 0.463}}, {"type": "Feature", "geometry": {"type": "Point", "coordinates": [136.54896157200005, 35.119490194000036]}, "properties": {"feature_id": "emaffKI_240344237", "daicho": "240344237", "chiban": "1752-1", "city": "いなべ市", "address": "三重県いなべ市員弁町上笠田字東垣内1752-1", "chimoku": "畑", "area_sqm": 1254.0, "reject": 0.463}}, {"type": "Feature", "geometry": {"type": "Point", "coordinates": [136.5360614880001, 35.106431360000045]}, "properties": {"feature_id": "emaffKI_240358622", "daicho": "240358622", "chiban": "536-1", "city": "いなべ市", "address": "三重県いなべ市大安町平塚字神明536-1", "chimoku": "樹園地", "area_sqm": 911.0, "reject": 0.463}}, {"type": "Feature", "geometry": {"type": "Point", "coordinates": [136.50424480100003, 35.10316336400007]}, "properties": {"feature_id": "emaffKI_240361525", "daicho": "240361525", "chiban": "414", "city": "いなべ市", "address": "三重県いなべ市大安町石榑南字北一色414", "chimoku": "畑", "area_sqm": 1487.0, "reject": 0.463}}, {"type": "Feature", "geometry": {"type": "Point", "coordinates": [136.601938012, 35.1258855130001]}, "properties": {"feature_id": "emaffKI_240563988", "daicho": "240563988", "chiban": "3026-1", "city": "桑名市", "address": "三重県桑名市多度町古野字鈍頃3026-1", "chimoku": "樹園地", "area_sqm": 991.0, "reject": 0.464}}, {"type": "Feature", "geometry": {"type": "Point", "coordinates": [136.53234884200003, 35.13331247100007]}, "properties": {"feature_id": "emaffKI_240333034", "daicho": "240333034", "chiban": "2569-1", "city": "いなべ市", "address": "三重県いなべ市北勢町麻生田字下垣内2569-1", "chimoku": "畑", "area_sqm": 844.0, "reject": 0.464}}, {"type": "Feature", "geometry": {"type": "Point", "coordinates": [136.623981161, 35.1255410630001]}, "properties": {"feature_id": "emaffKI_240555275", "daicho": "240555275", "chiban": "109", "city": "桑名市", "address": "三重県桑名市多度町北猪飼字東谷109", "chimoku": "畑", "area_sqm": 819.0, "reject": 0.464}}, {"type": "Feature", "geometry": {"type": "Point", "coordinates": [136.53830727900004, 35.14285992900005]}, "properties": {"feature_id": "emaffKI_240334436", "daicho": "240334436", "chiban": "1985-1", "city": "いなべ市", "address": "三重県いなべ市北勢町其原字楚里1985-1", "chimoku": "田", "area_sqm": 907.0, "reject": 0.465}}, {"type": "Feature", "geometry": {"type": "Point", "coordinates": [136.55603416600002, 35.122729880000065]}, "properties": {"feature_id": "emaffKI_240345461", "daicho": "240345461", "chiban": "1238-1", "city": "いなべ市", "address": "三重県いなべ市員弁町笠田新田字西永長1238-1", "chimoku": "畑", "area_sqm": 991.0, "reject": 0.465}}, {"type": "Feature", "geometry": {"type": "Point", "coordinates": [136.5251089420001, 35.10148088500006]}, "properties": {"feature_id": "emaffKI_240365903", "daicho": "240365903", "chiban": "2960", "city": "いなべ市", "address": "三重県いなべ市大安町石榑東字中大野2960", "chimoku": "畑", "area_sqm": 1309.0, "reject": 0.465}}, {"type": "Feature", "geometry": {"type": "Point", "coordinates": [136.615878136, 35.0910476650001]}, "properties": {"feature_id": "emaffKI_240528602", "daicho": "240528602", "chiban": "1260", "city": "桑名市", "address": "三重県桑名市大字嘉例川字京之木1260", "chimoku": "畑", "area_sqm": 1028.0, "reject": 0.465}}, {"type": "Feature", "geometry": {"type": "Point", "coordinates": [136.649560929, 35.0971558840001]}, "properties": {"feature_id": "emaffKI_240543682", "daicho": "240543682", "chiban": "3018-9", "city": "桑名市", "address": "三重県桑名市大字下深谷部字的場3018-9", "chimoku": "樹園地", "area_sqm": 985.0, "reject": 0.465}}, {"type": "Feature", "geometry": {"type": "Point", "coordinates": [136.654059315, 35.0878102520001]}, "properties": {"feature_id": "emaffKI_240513844", "daicho": "240513844", "chiban": "1500-141", "city": "桑名市", "address": "三重県桑名市大字播磨字佛谷1500-141", "chimoku": "畑", "area_sqm": 866.0, "reject": 0.465}}, {"type": "Feature", "geometry": {"type": "Point", "coordinates": [136.650695413, 35.089598041]}, "properties": {"feature_id": "emaffKI_240543371", "daicho": "240543371", "chiban": "2840-10", "city": "桑名市", "address": "三重県桑名市大字下深谷部字桃ノ木谷2840-10", "chimoku": "畑", "area_sqm": 991.0, "reject": 0.465}}, {"type": "Feature", "geometry": {"type": "Point", "coordinates": [136.57764994600007, 35.12930953800003]}, "properties": {"feature_id": "emaffKI_240349090", "daicho": "240349090", "chiban": "171-1", "city": "いなべ市", "address": "三重県いなべ市員弁町平古字二之郭中171-1", "chimoku": "畑", "area_sqm": 3260.0, "reject": 0.466}}, {"type": "Feature", "geometry": {"type": "Point", "coordinates": [136.5661411110001, 35.09133320700005]}, "properties": {"feature_id": "emaffKI_240350397", "daicho": "240350397", "chiban": "760-1", "city": "いなべ市", "address": "三重県いなべ市員弁町大泉字垣内760-1", "chimoku": "田", "area_sqm": 964.0, "reject": 0.466}}, {"type": "Feature", "geometry": {"type": "Point", "coordinates": [136.619990774, 35.0772755940001]}, "properties": {"feature_id": "emaffKI_240526012", "daicho": "240526012", "chiban": "1758-1", "city": "桑名市", "address": "三重県桑名市大字森忠字乗越平1758-1", "chimoku": "畑", "area_sqm": 2984.0, "reject": 0.466}}, {"type": "Feature", "geometry": {"type": "Point", "coordinates": [136.651907632, 35.0897136450001]}, "properties": {"feature_id": "emaffKI_240543325", "daicho": "240543325", "chiban": "2823-4", "city": "桑名市", "address": "三重県桑名市大字下深谷部字小次郎谷2823-4", "chimoku": "畑", "area_sqm": 3147.0, "reject": 0.468}}, {"type": "Feature", "geometry": {"type": "Point", "coordinates": [136.650543717, 35.086917606]}, "properties": {"feature_id": "emaffKI_240514185", "daicho": "240514185", "chiban": "2844", "city": "桑名市", "address": "三重県桑名市大字播磨字笹尾2844", "chimoku": "畑", "area_sqm": 958.0, "reject": 0.468}}, {"type": "Feature", "geometry": {"type": "Point", "coordinates": [136.5186994290001, 35.15450039700005]}, "properties": {"feature_id": "emaffKI_240322459", "daicho": "240322459", "chiban": "2133", "city": "いなべ市", "address": "三重県いなべ市北勢町阿下喜字下北田2133", "chimoku": "田", "area_sqm": 1646.0, "reject": 0.469}}, {"type": "Feature", "geometry": {"type": "Point", "coordinates": [136.5162117000001, 35.14916375700005]}, "properties": {"feature_id": "emaffKI_240321935", "daicho": "240321935", "chiban": "1132-1", "city": "いなべ市", "address": "三重県いなべ市北勢町阿下喜字町1132-1", "chimoku": "畑", "area_sqm": 2194.0, "reject": 0.469}}, {"type": "Feature", "geometry": {"type": "Point", "coordinates": [136.5398045500001, 35.14207881300007]}, "properties": {"feature_id": "emaffKI_240334472", "daicho": "240334472", "chiban": "2021-1", "city": "いなべ市", "address": "三重県いなべ市北勢町其原字楚里2021-1", "chimoku": "田", "area_sqm": 1056.0, "reject": 0.469}}, {"type": "Feature", "geometry": {"type": "Point", "coordinates": [136.54049671300004, 35.14979223200004]}, "properties": {"feature_id": "emaffKI_240334638", "daicho": "240334638", "chiban": "156", "city": "いなべ市", "address": "三重県いなべ市北勢町大辻新田字大辻野156", "chimoku": "畑", "area_sqm": 904.0, "reject": 0.469}}, {"type": "Feature", "geometry": {"type": "Point", "coordinates": [136.5437916940001, 35.128646943000035]}, "properties": {"feature_id": "emaffKI_240337323", "daicho": "240337323", "chiban": "1721", "city": "いなべ市", "address": "三重県いなべ市北勢町皷字其原向1721", "chimoku": "田", "area_sqm": 1196.0, "reject": 0.469}}, {"type": "Feature", "geometry": {"type": "Point", "coordinates": [136.5176152560001, 35.091061755000055]}, "properties": {"feature_id": "emaffKI_240363826", "daicho": "240363826", "chiban": "28-2", "city": "いなべ市", "address": "三重県いなべ市大安町宇賀新田字東野28-2", "chimoku": "畑", "area_sqm": 889.0, "reject": 0.469}}, {"type": "Feature", "geometry": {"type": "Point", "coordinates": [136.524566251, 35.100494979000075]}, "properties": {"feature_id": "emaffKI_240365837", "daicho": "240365837", "chiban": "2827-2", "city": "いなべ市", "address": "三重県いなべ市大安町石榑東字下小原2827-2", "chimoku": "畑", "area_sqm": 2337.0, "reject": 0.469}}, {"type": "Feature", "geometry": {"type": "Point", "coordinates": [136.5330029700001, 35.16607899200005]}, "properties": {"feature_id": "emaffKI_240322881", "daicho": "240322881", "chiban": "3173-2", "city": "いなべ市", "address": "三重県いなべ市北勢町阿下喜字落入ヶ谷3173-2", "chimoku": "畑", "area_sqm": 1185.0, "reject": 0.47}}, {"type": "Feature", "geometry": {"type": "Point", "coordinates": [136.62154032, 35.112665286]}, "properties": {"feature_id": "emaffKI_240558749", "daicho": "240558749", "chiban": "2806", "city": "桑名市", "address": "三重県桑名市多度町力尾字茸谷2806", "chimoku": "田", "area_sqm": 3533.0, "reject": 0.47}}, {"type": "Feature", "geometry": {"type": "Point", "coordinates": [136.646813405, 35.1019832050001]}, "properties": {"feature_id": "emaffKI_240541101", "daicho": "240541101", "chiban": "2110-2", "city": "桑名市", "address": "三重県桑名市大字上深谷部字蛇谷2110-2", "chimoku": "畑", "area_sqm": 806.0, "reject": 0.47}}, {"type": "Feature", "geometry": {"type": "Point", "coordinates": [136.51264837300005, 35.208236001000046]}, "properties": {"feature_id": "emaffKI_240328067", "daicho": "240328067", "chiban": "1117-1", "city": "いなべ市", "address": "三重県いなべ市北勢町川原字上野畑1117-1", "chimoku": "畑", "area_sqm": 1462.0, "reject": 0.47}}, {"type": "Feature", "geometry": {"type": "Point", "coordinates": [136.4988547270001, 35.16781356000007]}, "properties": {"feature_id": "emaffKI_240371774", "daicho": "240371774", "chiban": "1745-4", "city": "いなべ市", "address": "三重県いなべ市藤原町西野尻字北野1745-4", "chimoku": "畑", "area_sqm": 1419.0, "reject": 0.471}}, {"type": "Feature", "geometry": {"type": "Point", "coordinates": [136.5386600700001, 35.142516870000065]}, "properties": {"feature_id": "emaffKI_240334444", "daicho": "240334444", "chiban": "1996-1", "city": "いなべ市", "address": "三重県いなべ市北勢町其原字楚里1996-1", "chimoku": "田", "area_sqm": 902.0, "reject": 0.471}}, {"type": "Feature", "geometry": {"type": "Point", "coordinates": [136.57026681600007, 35.12576483200007]}, "properties": {"feature_id": "emaffKI_240348518", "daicho": "240348518", "chiban": "10-1", "city": "いなべ市", "address": "三重県いなべ市員弁町畑新田字溜岸10-1", "chimoku": "田", "area_sqm": 968.0, "reject": 0.471}}, {"type": "Feature", "geometry": {"type": "Point", "coordinates": [136.669758452, 35.085729316]}, "properties": {"feature_id": "emaffKI_240512450", "daicho": "240512450", "chiban": "300-1", "city": "桑名市", "address": "三重県桑名市大字西汰上字大畔300-1", "chimoku": "田", "area_sqm": 1307.0, "reject": 0.471}}, {"type": "Feature", "geometry": {"type": "Point", "coordinates": [136.54222860100003, 35.08637303300003]}, "properties": {"feature_id": "emaffKI_240356601", "daicho": "240356601", "chiban": "1482-4", "city": "いなべ市", "address": "三重県いなべ市大安町門前字北山1482-4", "chimoku": "畑", "area_sqm": 1171.0, "reject": 0.472}}, {"type": "Feature", "geometry": {"type": "Point", "coordinates": [136.51273116000004, 35.10409090500008]}, "properties": {"feature_id": "emaffKI_240365652", "daicho": "240365652", "chiban": "2563", "city": "いなべ市", "address": "三重県いなべ市大安町石榑東字南林2563", "chimoku": "畑", "area_sqm": 1031.0, "reject": 0.472}}, {"type": "Feature", "geometry": {"type": "Point", "coordinates": [136.665987242, 35.088142926]}, "properties": {"feature_id": "emaffKI_240509397", "daicho": "240509397", "chiban": "768-2", "city": "桑名市", "address": "三重県桑名市大字蛎塚新田字北五右エ門768-2", "chimoku": "田", "area_sqm": 1195.0, "reject": 0.472}}, {"type": "Feature", "geometry": {"type": "Point", "coordinates": [136.50821895600006, 35.128555593000044]}, "properties": {"feature_id": "emaffKI_240338917", "daicho": "240338917", "chiban": "204", "city": "いなべ市", "address": "三重県いなべ市北勢町麓村字丸切204", "chimoku": "畑", "area_sqm": 975.0, "reject": 0.472}}, {"type": "Feature", "geometry": {"type": "Point", "coordinates": [136.49924585400004, 35.10392187800005]}, "properties": {"feature_id": "emaffKI_240362134", "daicho": "240362134", "chiban": "1470-3", "city": "いなべ市", "address": "三重県いなべ市大安町石榑南字寺内1470-3", "chimoku": "畑", "area_sqm": 991.0, "reject": 0.472}}, {"type": "Feature", "geometry": {"type": "Point", "coordinates": [136.57463079600006, 35.123690356000054]}, "properties": {"feature_id": "emaffKI_240349175", "daicho": "240349175", "chiban": "449-1", "city": "いなべ市", "address": "三重県いなべ市員弁町平古字二之郭下449-1", "chimoku": "畑", "area_sqm": 1042.0, "reject": 0.473}}, {"type": "Feature", "geometry": {"type": "Point", "coordinates": [136.5154432500001, 35.104256656000075]}, "properties": {"feature_id": "emaffKI_240365407", "daicho": "240365407", "chiban": "2198-2", "city": "いなべ市", "address": "三重県いなべ市大安町石榑東字野畑2198-2", "chimoku": "畑", "area_sqm": 803.0, "reject": 0.473}}, {"type": "Feature", "geometry": {"type": "Point", "coordinates": [136.625615306, 35.0539316640001]}, "properties": {"feature_id": "emaffKI_240529769", "daicho": "240529769", "chiban": "2191", "city": "桑名市", "address": "三重県桑名市大字赤尾字三瀬2191", "chimoku": "畑", "area_sqm": 1081.0, "reject": 0.473}}, {"type": "Feature", "geometry": {"type": "Point", "coordinates": [136.653552517, 35.0490042540001]}, "properties": {"feature_id": "emaffKI_240522470", "daicho": "240522470", "chiban": "2289-2", "city": "桑名市", "address": "三重県桑名市大字桑部字寺狹間2289-2", "chimoku": "田", "area_sqm": 1266.0, "reject": 0.473}}, {"type": "Feature", "geometry": {"type": "Point", "coordinates": [136.5051291000001, 35.10409853300007]}, "properties": {"feature_id": "emaffKI_240361492", "daicho": "240361492", "chiban": "384", "city": "いなべ市", "address": "三重県いなべ市大安町石榑南字北一色384", "chimoku": "畑", "area_sqm": 1008.0, "reject": 0.473}}, {"type": "Feature", "geometry": {"type": "Point", "coordinates": [136.51700530900007, 35.13959478400005]}, "properties": {"feature_id": "emaffKI_240339664", "daicho": "240339664", "chiban": "338", "city": "いなべ市", "address": "三重県いなべ市北勢町東村字今村338", "chimoku": "畑", "area_sqm": 971.0, "reject": 0.474}}, {"type": "Feature", "geometry": {"type": "Point", "coordinates": [136.57392102000006, 35.11868336400005]}, "properties": {"feature_id": "emaffKI_240349123", "daicho": "240349123", "chiban": "360-2", "city": "いなべ市", "address": "三重県いなべ市員弁町平古字七之郭360-2", "chimoku": "畑", "area_sqm": 1385.0, "reject": 0.474}}, {"type": "Feature", "geometry": {"type": "Point", "coordinates": [136.57417323000004, 35.12636433900008]}, "properties": {"feature_id": "emaffKI_240349179", "daicho": "240349179", "chiban": "457-2", "city": "いなべ市", "address": "三重県いなべ市員弁町平古字一之郭457-2", "chimoku": "田", "area_sqm": 1074.0, "reject": 0.474}}, {"type": "Feature", "geometry": {"type": "Point", "coordinates": [136.537952549, 35.10481888400005]}, "properties": {"feature_id": "emaffKI_240358697", "daicho": "240358697", "chiban": "2218", "city": "いなべ市", "address": "三重県いなべ市大安町平塚字内山2218", "chimoku": "田", "area_sqm": 1091.0, "reject": 0.474}}, {"type": "Feature", "geometry": {"type": "Point", "coordinates": [136.58027317, 35.138710781]}, "properties": {"feature_id": "emaffKI_240565381", "daicho": "240565381", "chiban": "1756", "city": "桑名市", "address": "三重県桑名市多度町美鹿字前山1756", "chimoku": "畑", "area_sqm": 1109.0, "reject": 0.475}}, {"type": "Feature", "geometry": {"type": "Point", "coordinates": [136.621435566, 35.1123948010001]}, "properties": {"feature_id": "emaffKI_240558750", "daicho": "240558750", "chiban": "2807", "city": "桑名市", "address": "三重県桑名市多度町力尾字茸谷2807", "chimoku": "田", "area_sqm": 3582.0, "reject": 0.475}}, {"type": "Feature", "geometry": {"type": "Point", "coordinates": [136.625140566, 35.053902254]}, "properties": {"feature_id": "emaffKI_240529767", "daicho": "240529767", "chiban": "2189", "city": "桑名市", "address": "三重県桑名市大字赤尾字三瀬2189", "chimoku": "田", "area_sqm": 892.0, "reject": 0.475}}, {"type": "Feature", "geometry": {"type": "Point", "coordinates": [136.51652540200007, 35.13077154100006]}, "properties": {"feature_id": "emaffKI_240339285", "daicho": "240339285", "chiban": "163-1", "city": "いなべ市", "address": "三重県いなべ市北勢町中山字宮之西163-1", "chimoku": "畑", "area_sqm": 1410.0, "reject": 0.475}}, {"type": "Feature", "geometry": {"type": "Point", "coordinates": [136.51316211300002, 35.12162820200007]}, "properties": {"feature_id": "emaffKI_240369245", "daicho": "240369245", "chiban": "762-2", "city": "いなべ市", "address": "三重県いなべ市大安町丹生川上字下街途762-2", "chimoku": "田", "area_sqm": 815.0, "reject": 0.475}}, {"type": "Feature", "geometry": {"type": "Point", "coordinates": [136.52192256600006, 35.16187285900003]}, "properties": {"feature_id": "emaffKI_240323526", "daicho": "240323526", "chiban": "459-1", "city": "いなべ市", "address": "三重県いなべ市北勢町飯倉字上野459-1", "chimoku": "畑", "area_sqm": 1338.0, "reject": 0.476}}, {"type": "Feature", "geometry": {"type": "Point", "coordinates": [136.623963711, 35.1257521800001]}, "properties": {"feature_id": "emaffKI_240555276", "daicho": "240555276", "chiban": "109-1", "city": "桑名市", "address": "三重県桑名市多度町北猪飼字東谷109-1", "chimoku": "その他", "area_sqm": 1011.0, "reject": 0.476}}, {"type": "Feature", "geometry": {"type": "Point", "coordinates": [136.51553366100006, 35.108254180000074]}, "properties": {"feature_id": "emaffKI_240364859", "daicho": "240364859", "chiban": "1102", "city": "いなべ市", "address": "三重県いなべ市大安町石榑東字山垣内1102", "chimoku": "畑", "area_sqm": 846.0, "reject": 0.476}}, {"type": "Feature", "geometry": {"type": "Point", "coordinates": [136.637096434, 35.0999021700001]}, "properties": {"feature_id": "emaffKI_240561322", "daicho": "240561322", "chiban": "4089", "city": "桑名市", "address": "三重県桑名市多度町御衣野字天ノ子4089", "chimoku": "畑", "area_sqm": 3135.0, "reject": 0.476}}, {"type": "Feature", "geometry": {"type": "Point", "coordinates": [136.620250782, 35.076677628]}, "properties": {"feature_id": "emaffKI_240525979", "daicho": "240525979", "chiban": "1495-1", "city": "桑名市", "address": "三重県桑名市大字森忠字広見1495-1", "chimoku": "畑", "area_sqm": 2006.0, "reject": 0.476}}, {"type": "Feature", "geometry": {"type": "Point", "coordinates": [136.667124149, 35.0490154390001]}, "properties": {"feature_id": "emaffKI_240524429", "daicho": "240524429", "chiban": "912-1", "city": "桑名市", "address": "三重県桑名市大字東金井字西谷912-1", "chimoku": "畑", "area_sqm": 872.0, "reject": 0.476}}, {"type": "Feature", "geometry": {"type": "Point", "coordinates": [136.650537188, 35.106384292]}, "properties": {"feature_id": "emaffKI_240541044", "daicho": "240541044", "chiban": "2044-2", "city": "桑名市", "address": "三重県桑名市大字上深谷部字北谷2044-2", "chimoku": "畑", "area_sqm": 899.0, "reject": 0.477}}, {"type": "Feature", "geometry": {"type": "Point", "coordinates": [136.55269407800006, 35.131091911000055]}, "properties": {"feature_id": "emaffKI_240344579", "daicho": "240344579", "chiban": "2856", "city": "いなべ市", "address": "三重県いなべ市員弁町上笠田字鳩岡2856", "chimoku": "田", "area_sqm": 803.0, "reject": 0.478}}, {"type": "Feature", "geometry": {"type": "Point", "coordinates": [136.648787219, 35.095070031]}, "properties": {"feature_id": "emaffKI_240543546", "daicho": "240543546", "chiban": "2916-7", "city": "桑名市", "address": "三重県桑名市大字下深谷部字坊ケ谷2916-7", "chimoku": "畑", "area_sqm": 2327.0, "reject": 0.478}}, {"type": "Feature", "geometry": {"type": "Point", "coordinates": [136.50326630300003, 35.10161689900008]}, "properties": {"feature_id": "emaffKI_240361323", "daicho": "240361323", "chiban": "204-4", "city": "いなべ市", "address": "三重県いなべ市大安町石榑南字南一色204-4", "chimoku": "畑", "area_sqm": 2910.0, "reject": 0.478}}, {"type": "Feature", "geometry": {"type": "Point", "coordinates": [136.540316017, 35.147919314000035]}, "properties": {"feature_id": "emaffKI_240334663", "daicho": "240334663", "chiban": "183-2", "city": "いなべ市", "address": "三重県いなべ市北勢町大辻新田字大辻野183-2", "chimoku": "畑", "area_sqm": 957.0, "reject": 0.479}}, {"type": "Feature", "geometry": {"type": "Point", "coordinates": [136.5392317410001, 35.13583255100008]}, "properties": {"feature_id": "emaffKI_240332662", "daicho": "240332662", "chiban": "1475", "city": "いなべ市", "address": "三重県いなべ市北勢町麻生田字中道1475", "chimoku": "畑", "area_sqm": 833.0, "reject": 0.479}}, {"type": "Feature", "geometry": {"type": "Point", "coordinates": [136.657766788, 35.0872148300001]}, "properties": {"feature_id": "emaffKI_240542471", "daicho": "240542471", "chiban": "1704-9", "city": "桑名市", "address": "三重県桑名市大字下深谷部字蛇谷1704-9", "chimoku": "畑", "area_sqm": 2876.0, "reject": 0.479}}, {"type": "Feature", "geometry": {"type": "Point", "coordinates": [136.57098459000008, 35.09525533400006]}, "properties": {"feature_id": "emaffKI_240350496", "daicho": "240350496", "chiban": "2519-1", "city": "いなべ市", "address": "三重県いなべ市員弁町大泉字山上2519-1", "chimoku": "田", "area_sqm": 1187.0, "reject": 0.48}}, {"type": "Feature", "geometry": {"type": "Point", "coordinates": [136.54153596900005, 35.13933527900008]}, "properties": {"feature_id": "emaffKI_240334519", "daicho": "240334519", "chiban": "2103-2", "city": "いなべ市", "address": "三重県いなべ市北勢町其原字楚里2103-2", "chimoku": "畑", "area_sqm": 923.0, "reject": 0.481}}, {"type": "Feature", "geometry": {"type": "Point", "coordinates": [136.53498522200005, 35.120644163000065]}, "properties": {"feature_id": "emaffKI_240366582", "daicho": "240366582", "chiban": "1469-1", "city": "いなべ市", "address": "三重県いなべ市大安町片樋字中垣内1469-1", "chimoku": "畑", "area_sqm": 1021.0, "reject": 0.481}}, {"type": "Feature", "geometry": {"type": "Point", "coordinates": [136.654939474, 35.100447763]}, "properties": {"feature_id": "emaffKI_240544171", "daicho": "240544171", "chiban": "3555-3", "city": "桑名市", "address": "三重県桑名市大字下深谷部字高座3555-3", "chimoku": "樹園地", "area_sqm": 1143.0, "reject": 0.481}}, {"type": "Feature", "geometry": {"type": "Point", "coordinates": [136.5067994100001, 35.16275952500007]}, "properties": {"feature_id": "emaffKI_240323141", "daicho": "240323141", "chiban": "171-1", "city": "いなべ市", "address": "三重県いなべ市北勢町瀬木字井水西171-1", "chimoku": "田", "area_sqm": 869.0, "reject": 0.482}}, {"type": "Feature", "geometry": {"type": "Point", "coordinates": [136.636493906, 35.138574943]}, "properties": {"feature_id": "emaffKI_240549813", "daicho": "240549813", "chiban": "1938-1", "city": "桑名市", "address": "三重県桑名市多度町柚井字長尾1938-1", "chimoku": "畑", "area_sqm": 1067.0, "reject": 0.482}}, {"type": "Feature", "geometry": {"type": "Point", "coordinates": [136.56312012500007, 35.144734647000064]}, "properties": {"feature_id": "emaffKI_240341992", "daicho": "240341992", "chiban": "1056", "city": "いなべ市", "address": "三重県いなべ市員弁町市之原字前田1056", "chimoku": "田", "area_sqm": 1150.0, "reject": 0.483}}, {"type": "Feature", "geometry": {"type": "Point", "coordinates": [136.5486610590001, 35.12139846600007]}, "properties": {"feature_id": "emaffKI_240344203", "daicho": "240344203", "chiban": "1718-2", "city": "いなべ市", "address": "三重県いなべ市員弁町上笠田字東垣内1718-2", "chimoku": "畑", "area_sqm": 1166.0, "reject": 0.483}}, {"type": "Feature", "geometry": {"type": "Point", "coordinates": [136.56656923000003, 35.114898898000035]}, "properties": {"feature_id": "emaffKI_240348832", "daicho": "240348832", "chiban": "611", "city": "いなべ市", "address": "三重県いなべ市員弁町畑新田字西垣内611", "chimoku": "畑", "area_sqm": 899.0, "reject": 0.483}}, {"type": "Feature", "geometry": {"type": "Point", "coordinates": [136.5546698070001, 35.11788562000004]}, "properties": {"feature_id": "emaffKI_240345151", "daicho": "240345151", "chiban": "754", "city": "いなべ市", "address": "三重県いなべ市員弁町笠田新田字七ツ橋754", "chimoku": "田", "area_sqm": 1057.0, "reject": 0.483}}, {"type": "Feature", "geometry": {"type": "Point", "coordinates": [136.53024242700008, 35.07936811700006]}, "properties": {"feature_id": "emaffKI_240355650", "daicho": "240355650", "chiban": "2746-17", "city": "いなべ市", "address": "三重県いなべ市大安町南金井字馬盥2746-17", "chimoku": "畑", "area_sqm": 813.0, "reject": 0.483}}, {"type": "Feature", "geometry": {"type": "Point", "coordinates": [136.666679883, 35.0487880700001]}, "properties": {"feature_id": "emaffKI_240524438", "daicho": "240524438", "chiban": "913-1", "city": "桑名市", "address": "三重県桑名市大字東金井字西谷913-1", "chimoku": "畑", "area_sqm": 1603.0, "reject": 0.483}}, {"type": "Feature", "geometry": {"type": "Point", "coordinates": [136.653226145, 35.0939150720001]}, "properties": {"feature_id": "emaffKI_240543260", "daicho": "240543260", "chiban": "2765-8", "city": "桑名市", "address": "三重県桑名市大字下深谷部字奥條2765-8", "chimoku": "畑", "area_sqm": 5811.0, "reject": 0.484}}, {"type": "Feature", "geometry": {"type": "Point", "coordinates": [136.5246844080001, 35.15082370500005]}, "properties": {"feature_id": "emaffKI_240322776", "daicho": "240322776", "chiban": "2874", "city": "いなべ市", "address": "三重県いなべ市北勢町阿下喜字正邸2874", "chimoku": "畑", "area_sqm": 961.0, "reject": 0.485}}, {"type": "Feature", "geometry": {"type": "Point", "coordinates": [136.659302108, 35.0803532800001]}, "properties": {"feature_id": "emaffKI_240511802", "daicho": "240511802", "chiban": "2076-1", "city": "桑名市", "address": "三重県桑名市大字西方字大鶴2076-1", "chimoku": "畑", "area_sqm": 1342.0, "reject": 0.485}}, {"type": "Feature", "geometry": {"type": "Point", "coordinates": [136.53955865800003, 35.138477256000044]}, "properties": {"feature_id": "emaffKI_240333690", "daicho": "240333690", "chiban": "3592-2", "city": "いなべ市", "address": "三重県いなべ市北勢町麻生田字麻野3592-2", "chimoku": "田", "area_sqm": 980.0, "reject": 0.486}}, {"type": "Feature", "geometry": {"type": "Point", "coordinates": [136.551440726, 35.12224701700006]}, "properties": {"feature_id": "emaffKI_240344833", "daicho": "240344833", "chiban": "363-1", "city": "いなべ市", "address": "三重県いなべ市員弁町宇野字屋敷363-1", "chimoku": "畑", "area_sqm": 979.0, "reject": 0.486}}, {"type": "Feature", "geometry": {"type": "Point", "coordinates": [136.5606446800001, 35.10818237900003]}, "properties": {"feature_id": "emaffKI_240346708", "daicho": "240346708", "chiban": "375-6", "city": "いなべ市", "address": "三重県いなべ市員弁町楚原字東渓375-6", "chimoku": "田", "area_sqm": 1473.0, "reject": 0.486}}, {"type": "Feature", "geometry": {"type": "Point", "coordinates": [136.52693152300003, 35.09588964100004]}, "properties": {"feature_id": "emaffKI_240357802", "daicho": "240357802", "chiban": "2400-1", "city": "いなべ市", "address": "三重県いなべ市大安町大井田字上小原2400-1", "chimoku": "畑", "area_sqm": 938.0, "reject": 0.486}}, {"type": "Feature", "geometry": {"type": "Point", "coordinates": [136.523537217, 35.16321208000005]}, "properties": {"feature_id": "emaffKI_240323485", "daicho": "240323485", "chiban": "409", "city": "いなべ市", "address": "三重県いなべ市北勢町飯倉字上野409", "chimoku": "畑", "area_sqm": 998.0, "reject": 0.487}}, {"type": "Feature", "geometry": {"type": "Point", "coordinates": [136.619502782, 35.129258631]}, "properties": {"feature_id": "emaffKI_240557343", "daicho": "240557343", "chiban": "1135", "city": "桑名市", "address": "三重県桑名市多度町猪飼字北山1135", "chimoku": "その他", "area_sqm": 1395.0, "reject": 0.487}}, {"type": "Feature", "geometry": {"type": "Point", "coordinates": [136.54044637900006, 35.137267896000026]}, "properties": {"feature_id": "emaffKI_240333731", "daicho": "240333731", "chiban": "3655-1", "city": "いなべ市", "address": "三重県いなべ市北勢町麻生田字麻野3655-1", "chimoku": "田", "area_sqm": 905.0, "reject": 0.487}}, {"type": "Feature", "geometry": {"type": "Point", "coordinates": [136.52115377500002, 35.10635201700006]}, "properties": {"feature_id": "emaffKI_240365310", "daicho": "240365310", "chiban": "1888", "city": "いなべ市", "address": "三重県いなべ市大安町石榑東字上島ヶ原1888", "chimoku": "畑", "area_sqm": 1074.0, "reject": 0.487}}, {"type": "Feature", "geometry": {"type": "Point", "coordinates": [136.638716487, 35.101856679]}, "properties": {"feature_id": "emaffKI_240561251", "daicho": "240561251", "chiban": "4040", "city": "桑名市", "address": "三重県桑名市多度町御衣野字天ノ子4040", "chimoku": "畑", "area_sqm": 6972.0, "reject": 0.487}}, {"type": "Feature", "geometry": {"type": "Point", "coordinates": [136.649841606, 35.0908230410001]}, "properties": {"feature_id": "emaffKI_240543394", "daicho": "240543394", "chiban": "2840-33", "city": "桑名市", "address": "三重県桑名市大字下深谷部字桃ノ木谷2840-33", "chimoku": "樹園地", "area_sqm": 1586.0, "reject": 0.487}}, {"type": "Feature", "geometry": {"type": "Point", "coordinates": [136.57841352100002, 35.12951335200006]}, "properties": {"feature_id": "emaffKI_240349083", "daicho": "240349083", "chiban": "158-1", "city": "いなべ市", "address": "三重県いなべ市員弁町平古字二之郭中158-1", "chimoku": "畑", "area_sqm": 997.0, "reject": 0.488}}, {"type": "Feature", "geometry": {"type": "Point", "coordinates": [136.53949599500004, 35.091436774000044]}, "properties": {"feature_id": "emaffKI_240357679", "daicho": "240357679", "chiban": "2028-3", "city": "いなべ市", "address": "三重県いなべ市大安町大井田字幸治郎谷2028-3", "chimoku": "畑", "area_sqm": 1171.0, "reject": 0.488}}, {"type": "Feature", "geometry": {"type": "Point", "coordinates": [136.51408077700012, 35.15740645200003]}, "properties": {"feature_id": "emaffKI_240321262", "daicho": "240321262", "chiban": "52", "city": "いなべ市", "address": "三重県いなべ市北勢町阿下喜字北河原52", "chimoku": "田", "area_sqm": 1157.0, "reject": 0.489}}, {"type": "Feature", "geometry": {"type": "Point", "coordinates": [136.53948230100002, 35.13824105400005]}, "properties": {"feature_id": "emaffKI_240333691", "daicho": "240333691", "chiban": "3593", "city": "いなべ市", "address": "三重県いなべ市北勢町麻生田字麻野3593", "chimoku": "田", "area_sqm": 991.0, "reject": 0.489}}, {"type": "Feature", "geometry": {"type": "Point", "coordinates": [136.56989445600004, 35.11304499400006]}, "properties": {"feature_id": "emaffKI_240348749", "daicho": "240348749", "chiban": "431-1", "city": "いなべ市", "address": "三重県いなべ市員弁町畑新田字中垣内431-1", "chimoku": "畑", "area_sqm": 1567.0, "reject": 0.489}}, {"type": "Feature", "geometry": {"type": "Point", "coordinates": [136.638042668, 35.131660196]}, "properties": {"feature_id": "emaffKI_240547285", "daicho": "240547285", "chiban": "2185-1", "city": "桑名市", "address": "三重県桑名市多度町小山字西天王平2185-1", "chimoku": "樹園地", "area_sqm": 1464.0, "reject": 0.489}}, {"type": "Feature", "geometry": {"type": "Point", "coordinates": [136.51858893400004, 35.135321254000075]}, "properties": {"feature_id": "emaffKI_240339906", "daicho": "240339906", "chiban": "592-1", "city": "いなべ市", "address": "三重県いなべ市北勢町東村字神ヶ崎592-1", "chimoku": "畑", "area_sqm": 1186.0, "reject": 0.489}}, {"type": "Feature", "geometry": {"type": "Point", "coordinates": [136.656560674, 35.0818527480001]}, "properties": {"feature_id": "emaffKI_240511852", "daicho": "240511852", "chiban": "2098-1", "city": "桑名市", "address": "三重県桑名市大字西方字焼尾2098-1", "chimoku": "畑", "area_sqm": 813.0, "reject": 0.489}}, {"type": "Feature", "geometry": {"type": "Point", "coordinates": [136.51749495600006, 35.154541030000075]}, "properties": {"feature_id": "emaffKI_240322326", "daicho": "240322326", "chiban": "1829", "city": "いなべ市", "address": "三重県いなべ市北勢町阿下喜字的場1829", "chimoku": "畑", "area_sqm": 938.0, "reject": 0.49}}, {"type": "Feature", "geometry": {"type": "Point", "coordinates": [136.523903463, 35.16003376900005]}, "properties": {"feature_id": "emaffKI_240323566", "daicho": "240323566", "chiban": "556-2", "city": "いなべ市", "address": "三重県いなべ市北勢町飯倉字貝戸556-2", "chimoku": "田", "area_sqm": 917.0, "reject": 0.49}}, {"type": "Feature", "geometry": {"type": "Point", "coordinates": [136.618169024, 35.114147345]}, "properties": {"feature_id": "emaffKI_240559364", "daicho": "240559364", "chiban": "1835", "city": "桑名市", "address": "三重県桑名市多度町力尾字北谷1835", "chimoku": "畑", "area_sqm": 1047.0, "reject": 0.49}}, {"type": "Feature", "geometry": {"type": "Point", "coordinates": [136.656575119, 35.0868899390001]}, "properties": {"feature_id": "emaffKI_240513710", "daicho": "240513710", "chiban": "1500-1", "city": "桑名市", "address": "三重県桑名市大字播磨字佛谷1500-1", "chimoku": "畑", "area_sqm": 935.0, "reject": 0.49}}, {"type": "Feature", "geometry": {"type": "Point", "coordinates": [136.618074505, 35.0776475380001]}, "properties": {"feature_id": "emaffKI_240526556", "daicho": "240526556", "chiban": "1497-3", "city": "桑名市", "address": "三重県桑名市大字芳ケ崎字池城1497-3", "chimoku": "畑", "area_sqm": 912.0, "reject": 0.49}}, {"type": "Feature", "geometry": {"type": "Point", "coordinates": [136.5171350910001, 35.15468490100005]}, "properties": {"feature_id": "emaffKI_240322329", "daicho": "240322329", "chiban": "1835", "city": "いなべ市", "address": "三重県いなべ市北勢町阿下喜字的場1835", "chimoku": "畑", "area_sqm": 1064.0, "reject": 0.491}}, {"type": "Feature", "geometry": {"type": "Point", "coordinates": [136.5283052960001, 35.09295617600003]}, "properties": {"feature_id": "emaffKI_240357704", "daicho": "240357704", "chiban": "2319-2", "city": "いなべ市", "address": "三重県いなべ市大安町大井田字野■2319-2", "chimoku": "畑", "area_sqm": 938.0, "reject": 0.491}}, {"type": "Feature", "geometry": {"type": "Point", "coordinates": [136.653327876, 35.1002667330001]}, "properties": {"feature_id": "emaffKI_240544172", "daicho": "240544172", "chiban": "3555-6", "city": "桑名市", "address": "三重県桑名市大字下深谷部字高座3555-6", "chimoku": "畑", "area_sqm": 1894.0, "reject": 0.491}}, {"type": "Feature", "geometry": {"type": "Point", "coordinates": [136.640062383, 35.067132257]}, "properties": {"feature_id": "emaffKI_240520023", "daicho": "240520023", "chiban": "1135-3", "city": "桑名市", "address": "三重県桑名市大字額田字黒石1135-3", "chimoku": "畑", "area_sqm": 819.0, "reject": 0.491}}, {"type": "Feature", "geometry": {"type": "Point", "coordinates": [136.54051690100005, 35.134342626000034]}, "properties": {"feature_id": "emaffKI_240332639", "daicho": "240332639", "chiban": "1442", "city": "いなべ市", "address": "三重県いなべ市北勢町麻生田字中道1442", "chimoku": "畑", "area_sqm": 1004.0, "reject": 0.492}}, {"type": "Feature", "geometry": {"type": "Point", "coordinates": [136.640597716, 35.1321439560001]}, "properties": {"feature_id": "emaffKI_240546966", "daicho": "240546966", "chiban": "1758-1", "city": "桑名市", "address": "三重県桑名市多度町小山字尾津平1758-1", "chimoku": "樹園地", "area_sqm": 814.0, "reject": 0.492}}, {"type": "Feature", "geometry": {"type": "Point", "coordinates": [136.5708478670001, 35.128246596000054]}, "properties": {"feature_id": "emaffKI_240349209", "daicho": "240349209", "chiban": "587-2", "city": "いなべ市", "address": "三重県いなべ市員弁町平古字若ボイ587-2", "chimoku": "畑", "area_sqm": 1463.0, "reject": 0.492}}, {"type": "Feature", "geometry": {"type": "Point", "coordinates": [136.53549379300011, 35.119471256000054]}, "properties": {"feature_id": "emaffKI_240366527", "daicho": "240366527", "chiban": "1355-4", "city": "いなべ市", "address": "三重県いなべ市大安町片樋字中垣内1355-4", "chimoku": "田", "area_sqm": 978.0, "reject": 0.492}}, {"type": "Feature", "geometry": {"type": "Point", "coordinates": [136.536574964, 35.14262344900004]}, "properties": {"feature_id": "emaffKI_240334388", "daicho": "240334388", "chiban": "1933-1", "city": "いなべ市", "address": "三重県いなべ市北勢町其原字楚里1933-1", "chimoku": "畑", "area_sqm": 959.0, "reject": 0.493}}, {"type": "Feature", "geometry": {"type": "Point", "coordinates": [136.5393371030001, 35.141912311000056]}, "properties": {"feature_id": "emaffKI_240334474", "daicho": "240334474", "chiban": "2023-1", "city": "いなべ市", "address": "三重県いなべ市北勢町其原字楚里2023-1", "chimoku": "田", "area_sqm": 968.0, "reject": 0.493}}, {"type": "Feature", "geometry": {"type": "Point", "coordinates": [136.54066527200007, 35.13669773700008]}, "properties": {"feature_id": "emaffKI_240333737", "daicho": "240333737", "chiban": "3660-1", "city": "いなべ市", "address": "三重県いなべ市北勢町麻生田字麻野3660-1", "chimoku": "田", "area_sqm": 943.0, "reject": 0.493}}, {"type": "Feature", "geometry": {"type": "Point", "coordinates": [136.53861249300007, 35.138671045000024]}, "properties": {"feature_id": "emaffKI_240333689", "daicho": "240333689", "chiban": "3590-2", "city": "いなべ市", "address": "三重県いなべ市北勢町麻生田字麻野3590-2", "chimoku": "畑", "area_sqm": 1375.0, "reject": 0.494}}, {"type": "Feature", "geometry": {"type": "Point", "coordinates": [136.57303393000007, 35.109965432000024]}, "properties": {"feature_id": "emaffKI_240352352", "daicho": "240352352", "chiban": "1842-1", "city": "いなべ市", "address": "三重県いなべ市員弁町松之木字五軒屋1842-1", "chimoku": "畑", "area_sqm": 808.0, "reject": 0.494}}, {"type": "Feature", "geometry": {"type": "Point", "coordinates": [136.5520548400001, 35.123751420000076]}, "properties": {"feature_id": "emaffKI_240345823", "daicho": "240345823", "chiban": "2105", "city": "いなべ市", "address": "三重県いなべ市員弁町笠田新田字西山2105", "chimoku": "畑", "area_sqm": 1391.0, "reject": 0.494}}, {"type": "Feature", "geometry": {"type": "Point", "coordinates": [136.642542599, 35.1151216920001]}, "properties": {"feature_id": "emaffKI_240552923", "daicho": "240552923", "chiban": "3603", "city": "桑名市", "address": "三重県桑名市多度町下野代字谷3603", "chimoku": "畑", "area_sqm": 6684.0, "reject": 0.495}}, {"type": "Feature", "geometry": {"type": "Point", "coordinates": [136.55904770200004, 35.11016060500003]}, "properties": {"feature_id": "emaffKI_240346778", "daicho": "240346778", "chiban": "557-1", "city": "いなべ市", "address": "三重県いなべ市員弁町楚原字宮之腰557-1", "chimoku": "田", "area_sqm": 1289.0, "reject": 0.495}}, {"type": "Feature", "geometry": {"type": "Point", "coordinates": [136.56757931800007, 35.11017128700007]}, "properties": {"feature_id": "emaffKI_240349255", "daicho": "240349255", "chiban": "61-1", "city": "いなべ市", "address": "三重県いなべ市員弁町大泉新田字野溜61-1", "chimoku": "田", "area_sqm": 1014.0, "reject": 0.495}}, {"type": "Feature", "geometry": {"type": "Point", "coordinates": [136.51307146200008, 35.12140647500007]}, "properties": {"feature_id": "emaffKI_240369244", "daicho": "240369244", "chiban": "762-1", "city": "いなべ市", "address": "三重県いなべ市大安町丹生川上字下街途762-1", "chimoku": "田", "area_sqm": 902.0, "reject": 0.495}}, {"type": "Feature", "geometry": {"type": "Point", "coordinates": [136.55173722300003, 35.120227870000065]}, "properties": {"feature_id": "emaffKI_240344845", "daicho": "240344845", "chiban": "391", "city": "いなべ市", "address": "三重県いなべ市員弁町宇野字野添391", "chimoku": "田", "area_sqm": 806.0, "reject": 0.496}}, {"type": "Feature", "geometry": {"type": "Point", "coordinates": [136.5192508230001, 35.11165429700003]}, "properties": {"feature_id": "emaffKI_240365035", "daicho": "240365035", "chiban": "1351", "city": "いなべ市", "address": "三重県いなべ市大安町石榑東字新田1351", "chimoku": "畑", "area_sqm": 885.0, "reject": 0.496}}, {"type": "Feature", "geometry": {"type": "Point", "coordinates": [136.649071289, 35.105249003]}, "properties": {"feature_id": "emaffKI_240541031", "daicho": "240541031", "chiban": "2028-9", "city": "桑名市", "address": "三重県桑名市大字上深谷部字北谷2028-9", "chimoku": "畑", "area_sqm": 935.0, "reject": 0.496}}, {"type": "Feature", "geometry": {"type": "Point", "coordinates": [136.5350683040001, 35.14341022900004]}, "properties": {"feature_id": "emaffKI_240333531", "daicho": "240333531", "chiban": "3347-2", "city": "いなべ市", "address": "三重県いなべ市北勢町麻生田字麻野3347-2", "chimoku": "田", "area_sqm": 940.0, "reject": 0.497}}, {"type": "Feature", "geometry": {"type": "Point", "coordinates": [136.55608326800007, 35.12165949700005]}, "properties": {"feature_id": "emaffKI_240345434", "daicho": "240345434", "chiban": "1207", "city": "いなべ市", "address": "三重県いなべ市員弁町笠田新田字西永長1207", "chimoku": "田", "area_sqm": 1024.0, "reject": 0.497}}, {"type": "Feature", "geometry": {"type": "Point", "coordinates": [136.53992001900008, 35.149359556000036]}, "properties": {"feature_id": "emaffKI_240334630", "daicho": "240334630", "chiban": "149-1", "city": "いなべ市", "address": "三重県いなべ市北勢町大辻新田字大辻野149-1", "chimoku": "田", "area_sqm": 818.0, "reject": 0.498}}, {"type": "Feature", "geometry": {"type": "Point", "coordinates": [136.54000335500007, 35.146435430000054]}, "properties": {"feature_id": "emaffKI_240334684", "daicho": "240334684", "chiban": "206-1", "city": "いなべ市", "address": "三重県いなべ市北勢町大辻新田字大辻野206-1", "chimoku": "畑", "area_sqm": 1108.0, "reject": 0.498}}, {"type": "Feature", "geometry": {"type": "Point", "coordinates": [136.55968840900005, 35.11432784400006]}, "properties": {"feature_id": "emaffKI_240346900", "daicho": "240346900", "chiban": "710-4", "city": "いなべ市", "address": "三重県いなべ市員弁町楚原字森北710-4", "chimoku": "畑", "area_sqm": 1729.0, "reject": 0.498}}, {"type": "Feature", "geometry": {"type": "Point", "coordinates": [136.5780718090001, 35.12900007500008]}, "properties": {"feature_id": "emaffKI_240349091", "daicho": "240349091", "chiban": "173", "city": "いなべ市", "address": "三重県いなべ市員弁町平古字二之郭中173", "chimoku": "畑", "area_sqm": 1157.0, "reject": 0.498}}, {"type": "Feature", "geometry": {"type": "Point", "coordinates": [136.637717469, 35.0981301950001]}, "properties": {"feature_id": "emaffKI_240561371", "daicho": "240561371", "chiban": "4134", "city": "桑名市", "address": "三重県桑名市多度町御衣野字天ノ子4134", "chimoku": "畑", "area_sqm": 3482.0, "reject": 0.498}}, {"type": "Feature", "geometry": {"type": "Point", "coordinates": [136.48997593700005, 35.13276561400005]}, "properties": {"feature_id": "emaffKI_240338277", "daicho": "240338277", "chiban": "1243-1", "city": "いなべ市", "address": "三重県いなべ市北勢町新町字長頭子1243-1", "chimoku": "畑", "area_sqm": 1156.0, "reject": 0.498}}, {"type": "Feature", "geometry": {"type": "Point", "coordinates": [136.53631867500008, 35.13826746900003]}, "properties": {"feature_id": "emaffKI_240333621", "daicho": "240333621", "chiban": "3486-2", "city": "いなべ市", "address": "三重県いなべ市北勢町麻生田字麻野3486-2", "chimoku": "田", "area_sqm": 1134.0, "reject": 0.499}}, {"type": "Feature", "geometry": {"type": "Point", "coordinates": [136.53804991900006, 35.141870383000025]}, "properties": {"feature_id": "emaffKI_240334431", "daicho": "240334431", "chiban": "1980-1", "city": "いなべ市", "address": "三重県いなべ市北勢町其原字楚里1980-1", "chimoku": "田", "area_sqm": 954.0, "reject": 0.499}}, {"type": "Feature", "geometry": {"type": "Point", "coordinates": [136.57739365100008, 35.12850852500003]}, "properties": {"feature_id": "emaffKI_240349099", "daicho": "240349099", "chiban": "202", "city": "いなべ市", "address": "三重県いなべ市員弁町平古字二之郭中202", "chimoku": "田", "area_sqm": 1553.0, "reject": 0.499}}, {"type": "Feature", "geometry": {"type": "Point", "coordinates": [136.653788224, 35.0890453910001]}, "properties": {"feature_id": "emaffKI_240513766", "daicho": "240513766", "chiban": "1500-57", "city": "桑名市", "address": "三重県桑名市大字播磨字佛谷1500-57", "chimoku": "樹園地", "area_sqm": 1497.0, "reject": 0.499}}, {"type": "Feature", "geometry": {"type": "Point", "coordinates": [136.651254736, 35.0903057640001]}, "properties": {"feature_id": "emaffKI_240543363", "daicho": "240543363", "chiban": "2840-2", "city": "桑名市", "address": "三重県桑名市大字下深谷部字桃ノ木谷2840-2", "chimoku": "畑", "area_sqm": 991.0, "reject": 0.499}}, {"type": "Feature", "geometry": {"type": "Point", "coordinates": [136.649668572, 35.089741497]}, "properties": {"feature_id": "emaffKI_240543378", "daicho": "240543378", "chiban": "2840-17", "city": "桑名市", "address": "三重県桑名市大字下深谷部字桃ノ木谷2840-17", "chimoku": "樹園地", "area_sqm": 1190.0, "reject": 0.499}}, {"type": "Feature", "geometry": {"type": "Point", "coordinates": [136.655943359, 35.096536648]}, "properties": {"feature_id": "emaffKI_240543811", "daicho": "240543811", "chiban": "3168-22", "city": "桑名市", "address": "三重県桑名市大字下深谷部字本堂3168-22", "chimoku": "畑", "area_sqm": 1018.0, "reject": 0.5}}]}