{"type": "FeatureCollection", "meta": {"generated_at": "2026-09-17 20:59:32", "source": "computeCyanLive(farmland-tracker-analysis.html)と同一ロジックのPython再現(母集団) + reject_classifier.pklによる3値判定(score_ai.pyと同一閾値方式)", "population_note": "依頼文の「適地候補749件」に対し、今回のライブ再計算では734件(投入時点との差15件は主にfarmland_ng_list手動NG件数がn_manual_ng 1386→13079へ急増=直近の大量手動NG判定の反映と、本番配信中data/reject_threshold.jsonが2026-09-01時点のまま未更新であること等、DBが継続的に変化しているため)。件数を人為的に749へ合わせる操作はしていない。", "population_steps": {"gate": 6684, "regionRemoved": 67, "shadeTerrainRemoved": 1125, "dupFid": 0, "model": 1893, "aochiRemoved": 15, "afterAochi": null, "investRemoved": 963, "deliveredRemoved": 69, "mergeRemoved": 112, "result": 734}, "model": {"file": "reject_classifier.pkl", "trained_by": "train_reject_classifier.py (栗本さんの手動NG判定=farmland_ng_list manual系を負例、現候補を正例にした「人が目視で手動NGにする筆か」を予測するモデル)", "auc_initial": 0.833, "auc_current": 0.905, "auc_deployed_threshold_source": 0.972, "cut_ok": 0.45, "cut_ng_deployed": 0.5144}, "thresholds": {"cut_ok": 0.45, "cut_ng": 0.5144}, "count": 734, "distribution": {"適当": 650, "検討": 84, "不可": 0, "不明": 0}}, "features": [{"type": "Feature", "geometry": {"type": "Point", "coordinates": [136.54030841, 35.0503839]}, "properties": {"feature_id": "492656383", "city": "四日市市", "area_sqm": 1278, "reject": 0.1175, "ai_level": "適当", "ai_symbol": "○", "confidence": 0.8825, "reason": "①青地外(農振)②ハザード外③接道④系統連系 ゲート通過済み(computeCyanLive母集団) / AI衛星判定reject score=0.1175(低いほど優良地寄り) / 閾値cut_ok=0.45未満→AI適地(○)", "noshin_status": "CLEAR", "hazard_status": "CLEAR"}}, {"type": "Feature", "geometry": {"type": "Point", "coordinates": [136.49650039, 34.96052888]}, "properties": {"feature_id": "492649518", "city": "四日市市", "area_sqm": 1004, "reject": 0.1229, "ai_level": "適当", "ai_symbol": "○", "confidence": 0.8771, "reason": "①青地外(農振)②ハザード外③接道④系統連系 ゲート通過済み(computeCyanLive母集団) / AI衛星判定reject score=0.1229(低いほど優良地寄り) / 閾値cut_ok=0.45未満→AI適地(○)", "noshin_status": "CLEAR", "hazard_status": "CLEAR"}}, {"type": "Feature", "geometry": {"type": "Point", "coordinates": [136.54600213, 34.95379548]}, "properties": {"feature_id": "492581547", "city": "四日市市", "area_sqm": 975, "reject": 0.1237, "ai_level": "適当", "ai_symbol": "○", "confidence": 0.8763, "reason": "①青地外(農振)②ハザード外③接道④系統連系 ゲート通過済み(computeCyanLive母集団) / AI衛星判定reject score=0.1237(低いほど優良地寄り) / 閾値cut_ok=0.45未満→AI適地(○)", "noshin_status": "CLEAR", "hazard_status": "CLEAR"}}, {"type": "Feature", "geometry": {"type": "Point", "coordinates": [136.55765497, 35.00624213]}, "properties": {"feature_id": "492626989", "city": "四日市市", "area_sqm": 985, "reject": 0.1243, "ai_level": "適当", "ai_symbol": "○", "confidence": 0.8757, "reason": "①青地外(農振)②ハザード外③接道④系統連系 ゲート通過済み(computeCyanLive母集団) / AI衛星判定reject score=0.1243(低いほど優良地寄り) / 閾値cut_ok=0.45未満→AI適地(○)", "noshin_status": "CLEAR", "hazard_status": "CLEAR"}}, {"type": "Feature", "geometry": {"type": "Point", "coordinates": [136.54212748, 34.98857527]}, "properties": {"feature_id": "492613339", "city": "四日市市", "area_sqm": 2309, "reject": 0.1254, "ai_level": "適当", "ai_symbol": "○", "confidence": 0.8746, "reason": "①青地外(農振)②ハザード外③接道④系統連系 ゲート通過済み(computeCyanLive母集団) / AI衛星判定reject score=0.1254(低いほど優良地寄り) / 閾値cut_ok=0.45未満→AI適地(○)", "noshin_status": "CLEAR", "hazard_status": "CLEAR"}}, {"type": "Feature", "geometry": {"type": "Point", "coordinates": [136.60379801, 35.00845054]}, "properties": {"feature_id": "492619387", "city": "四日市市", "area_sqm": 1087, "reject": 0.1255, "ai_level": "適当", "ai_symbol": "○", "confidence": 0.8745, "reason": "①青地外(農振)②ハザード外③接道④系統連系 ゲート通過済み(computeCyanLive母集団) / AI衛星判定reject score=0.1255(低いほど優良地寄り) / 閾値cut_ok=0.45未満→AI適地(○)", "noshin_status": "CLEAR", "hazard_status": "CLEAR"}}, {"type": "Feature", "geometry": {"type": "Point", "coordinates": [136.47631519, 34.97526603]}, "properties": {"feature_id": "492648121", "city": "四日市市", "area_sqm": 1914, "reject": 0.1264, "ai_level": "適当", "ai_symbol": "○", "confidence": 0.8736, "reason": "①青地外(農振)②ハザード外③接道④系統連系 ゲート通過済み(computeCyanLive母集団) / AI衛星判定reject score=0.1264(低いほど優良地寄り) / 閾値cut_ok=0.45未満→AI適地(○)", "noshin_status": "CLEAR", "hazard_status": "CLEAR"}}, {"type": "Feature", "geometry": {"type": "Point", "coordinates": [136.51066254, 34.99027571]}, "properties": {"feature_id": "492615773", "city": "四日市市", "area_sqm": 860, "reject": 0.1266, "ai_level": "適当", "ai_symbol": "○", "confidence": 0.8734, "reason": "①青地外(農振)②ハザード外③接道④系統連系 ゲート通過済み(computeCyanLive母集団) / AI衛星判定reject score=0.1266(低いほど優良地寄り) / 閾値cut_ok=0.45未満→AI適地(○)", "noshin_status": "CLEAR", "hazard_status": "CLEAR"}}, {"type": "Feature", "geometry": {"type": "Point", "coordinates": [136.54018837, 34.95465048]}, "properties": {"feature_id": "492581650", "city": "四日市市", "area_sqm": 1763, "reject": 0.1269, "ai_level": "適当", "ai_symbol": "○", "confidence": 0.8731, "reason": "①青地外(農振)②ハザード外③接道④系統連系 ゲート通過済み(computeCyanLive母集団) / AI衛星判定reject score=0.1269(低いほど優良地寄り) / 閾値cut_ok=0.45未満→AI適地(○)", "noshin_status": "CLEAR", "hazard_status": "CLEAR"}}, {"type": "Feature", "geometry": {"type": "Point", "coordinates": [136.47351607, 34.9781154]}, "properties": {"feature_id": "492647143", "city": "四日市市", "area_sqm": 2661, "reject": 0.127, "ai_level": "適当", "ai_symbol": "○", "confidence": 0.873, "reason": "①青地外(農振)②ハザード外③接道④系統連系 ゲート通過済み(computeCyanLive母集団) / AI衛星判定reject score=0.1270(低いほど優良地寄り) / 閾値cut_ok=0.45未満→AI適地(○)", "noshin_status": "CLEAR", "hazard_status": "CLEAR"}}, {"type": "Feature", "geometry": {"type": "Point", "coordinates": [136.59640777, 35.00982128]}, "properties": {"feature_id": "492619118", "city": "四日市市", "area_sqm": 1083, "reject": 0.1273, "ai_level": "適当", "ai_symbol": "○", "confidence": 0.8727, "reason": "①青地外(農振)②ハザード外③接道④系統連系 ゲート通過済み(computeCyanLive母集団) / AI衛星判定reject score=0.1273(低いほど優良地寄り) / 閾値cut_ok=0.45未満→AI適地(○)", "noshin_status": "CLEAR", "hazard_status": "CLEAR"}}, {"type": "Feature", "geometry": {"type": "Point", "coordinates": [136.54226963, 34.95570112]}, "properties": {"feature_id": "492581587", "city": "四日市市", "area_sqm": 961, "reject": 0.1277, "ai_level": "適当", "ai_symbol": "○", "confidence": 0.8723, "reason": "①青地外(農振)②ハザード外③接道④系統連系 ゲート通過済み(computeCyanLive母集団) / AI衛星判定reject score=0.1277(低いほど優良地寄り) / 閾値cut_ok=0.45未満→AI適地(○)", "noshin_status": "CLEAR", "hazard_status": "CLEAR"}}, {"type": "Feature", "geometry": {"type": "Point", "coordinates": [136.54652346, 34.95353557]}, "properties": {"feature_id": "492581550", "city": "四日市市", "area_sqm": 948, "reject": 0.1279, "ai_level": "適当", "ai_symbol": "○", "confidence": 0.8721, "reason": "①青地外(農振)②ハザード外③接道④系統連系 ゲート通過済み(computeCyanLive母集団) / AI衛星判定reject score=0.1279(低いほど優良地寄り) / 閾値cut_ok=0.45未満→AI適地(○)", "noshin_status": "CLEAR", "hazard_status": "CLEAR"}}, {"type": "Feature", "geometry": {"type": "Point", "coordinates": [136.57160456, 35.00719841]}, "properties": {"feature_id": "492625375", "city": "四日市市", "area_sqm": 2152, "reject": 0.128, "ai_level": "適当", "ai_symbol": "○", "confidence": 0.872, "reason": "①青地外(農振)②ハザード外③接道④系統連系 ゲート通過済み(computeCyanLive母集団) / AI衛星判定reject score=0.1280(低いほど優良地寄り) / 閾値cut_ok=0.45未満→AI適地(○)", "noshin_status": "CLEAR", "hazard_status": "CLEAR"}}, {"type": "Feature", "geometry": {"type": "Point", "coordinates": [136.53979112, 34.95619486]}, "properties": {"feature_id": "492581763", "city": "四日市市", "area_sqm": 1215, "reject": 0.1288, "ai_level": "適当", "ai_symbol": "○", "confidence": 0.8712, "reason": "①青地外(農振)②ハザード外③接道④系統連系 ゲート通過済み(computeCyanLive母集団) / AI衛星判定reject score=0.1288(低いほど優良地寄り) / 閾値cut_ok=0.45未満→AI適地(○)", "noshin_status": "CLEAR", "hazard_status": "CLEAR"}}, {"type": "Feature", "geometry": {"type": "Point", "coordinates": [136.5969521, 35.00814203]}, "properties": {"feature_id": "492619155", "city": "四日市市", "area_sqm": 901, "reject": 0.1292, "ai_level": "適当", "ai_symbol": "○", "confidence": 0.8708, "reason": "①青地外(農振)②ハザード外③接道④系統連系 ゲート通過済み(computeCyanLive母集団) / AI衛星判定reject score=0.1292(低いほど優良地寄り) / 閾値cut_ok=0.45未満→AI適地(○)", "noshin_status": "CLEAR", "hazard_status": "CLEAR"}}, {"type": "Feature", "geometry": {"type": "Point", "coordinates": [136.51437654, 34.93893811]}, "properties": {"feature_id": "492601732", "city": "四日市市", "area_sqm": 1657, "reject": 0.1306, "ai_level": "適当", "ai_symbol": "○", "confidence": 0.8694, "reason": "①青地外(農振)②ハザード外③接道④系統連系 ゲート通過済み(computeCyanLive母集団) / AI衛星判定reject score=0.1306(低いほど優良地寄り) / 閾値cut_ok=0.45未満→AI適地(○)", "noshin_status": "CLEAR", "hazard_status": "CLEAR"}}, {"type": "Feature", "geometry": {"type": "Point", "coordinates": [136.60170874, 34.99899606]}, "properties": {"feature_id": "492617919", "city": "四日市市", "area_sqm": 949, "reject": 0.1311, "ai_level": "適当", "ai_symbol": "○", "confidence": 0.8689, "reason": "①青地外(農振)②ハザード外③接道④系統連系 ゲート通過済み(computeCyanLive母集団) / AI衛星判定reject score=0.1311(低いほど優良地寄り) / 閾値cut_ok=0.45未満→AI適地(○)", "noshin_status": "CLEAR", "hazard_status": "CLEAR"}}, {"type": "Feature", "geometry": {"type": "Point", "coordinates": [136.50413416, 34.97042291]}, "properties": {"feature_id": "492649972", "city": "四日市市", "area_sqm": 1621, "reject": 0.1313, "ai_level": "適当", "ai_symbol": "○", "confidence": 0.8687, "reason": "①青地外(農振)②ハザード外③接道④系統連系 ゲート通過済み(computeCyanLive母集団) / AI衛星判定reject score=0.1313(低いほど優良地寄り) / 閾値cut_ok=0.45未満→AI適地(○)", "noshin_status": "CLEAR", "hazard_status": "CLEAR"}}, {"type": "Feature", "geometry": {"type": "Point", "coordinates": [136.5580192, 35.00614603]}, "properties": {"feature_id": "492626991", "city": "四日市市", "area_sqm": 985, "reject": 0.1323, "ai_level": "適当", "ai_symbol": "○", "confidence": 0.8677, "reason": "①青地外(農振)②ハザード外③接道④系統連系 ゲート通過済み(computeCyanLive母集団) / AI衛星判定reject score=0.1323(低いほど優良地寄り) / 閾値cut_ok=0.45未満→AI適地(○)", "noshin_status": "CLEAR", "hazard_status": "CLEAR"}}, {"type": "Feature", "geometry": {"type": "Point", "coordinates": [136.60410252, 35.0248204]}, "properties": {"feature_id": "492634213", "city": "四日市市", "area_sqm": 1902, "reject": 0.133, "ai_level": "適当", "ai_symbol": "○", "confidence": 0.867, "reason": "①青地外(農振)②ハザード外③接道④系統連系 ゲート通過済み(computeCyanLive母集団) / AI衛星判定reject score=0.1330(低いほど優良地寄り) / 閾値cut_ok=0.45未満→AI適地(○)", "noshin_status": "CLEAR", "hazard_status": "CLEAR"}}, {"type": "Feature", "geometry": {"type": "Point", "coordinates": [136.53181375, 34.9611027]}, "properties": {"feature_id": "492581836", "city": "四日市市", "area_sqm": 809, "reject": 0.1337, "ai_level": "適当", "ai_symbol": "○", "confidence": 0.8663, "reason": "①青地外(農振)②ハザード外③接道④系統連系 ゲート通過済み(computeCyanLive母集団) / AI衛星判定reject score=0.1337(低いほど優良地寄り) / 閾値cut_ok=0.45未満→AI適地(○)", "noshin_status": "CLEAR", "hazard_status": "CLEAR"}}, {"type": "Feature", "geometry": {"type": "Point", "coordinates": [136.57116527, 35.00775655]}, "properties": {"feature_id": "492625393", "city": "四日市市", "area_sqm": 2631, "reject": 0.1345, "ai_level": "適当", "ai_symbol": "○", "confidence": 0.8655, "reason": "①青地外(農振)②ハザード外③接道④系統連系 ゲート通過済み(computeCyanLive母集団) / AI衛星判定reject score=0.1345(低いほど優良地寄り) / 閾値cut_ok=0.45未満→AI適地(○)", "noshin_status": "CLEAR", "hazard_status": "CLEAR"}}, {"type": "Feature", "geometry": {"type": "Point", "coordinates": [136.54299317, 34.92401728]}, "properties": {"feature_id": "492599179", "city": "四日市市", "area_sqm": 1420, "reject": 0.1349, "ai_level": "適当", "ai_symbol": "○", "confidence": 0.8651, "reason": "①青地外(農振)②ハザード外③接道④系統連系 ゲート通過済み(computeCyanLive母集団) / AI衛星判定reject score=0.1349(低いほど優良地寄り) / 閾値cut_ok=0.45未満→AI適地(○)", "noshin_status": "CLEAR", "hazard_status": "CLEAR"}}, {"type": "Feature", "geometry": {"type": "Point", "coordinates": [136.50131001, 34.97312609]}, "properties": {"feature_id": "492650005", "city": "四日市市", "area_sqm": 1369, "reject": 0.1358, "ai_level": "適当", "ai_symbol": "○", "confidence": 0.8642, "reason": "①青地外(農振)②ハザード外③接道④系統連系 ゲート通過済み(computeCyanLive母集団) / AI衛星判定reject score=0.1358(低いほど優良地寄り) / 閾値cut_ok=0.45未満→AI適地(○)", "noshin_status": "CLEAR", "hazard_status": "CLEAR"}}, {"type": "Feature", "geometry": {"type": "Point", "coordinates": [136.61806167, 35.00366046]}, "properties": {"feature_id": "492641243", "city": "四日市市", "area_sqm": 1000, "reject": 0.1361, "ai_level": "適当", "ai_symbol": "○", "confidence": 0.8639, "reason": "①青地外(農振)②ハザード外③接道④系統連系 ゲート通過済み(computeCyanLive母集団) / AI衛星判定reject score=0.1361(低いほど優良地寄り) / 閾値cut_ok=0.45未満→AI適地(○)", "noshin_status": "CLEAR", "hazard_status": "CLEAR"}}, {"type": "Feature", "geometry": {"type": "Point", "coordinates": [136.62598768, 35.00522999]}, "properties": {"feature_id": "492641155", "city": "四日市市", "area_sqm": 1537, "reject": 0.1379, "ai_level": "適当", "ai_symbol": "○", "confidence": 0.8621, "reason": "①青地外(農振)②ハザード外③接道④系統連系 ゲート通過済み(computeCyanLive母集団) / AI衛星判定reject score=0.1379(低いほど優良地寄り) / 閾値cut_ok=0.45未満→AI適地(○)", "noshin_status": "CLEAR", "hazard_status": "CLEAR"}}, {"type": "Feature", "geometry": {"type": "Point", "coordinates": [136.6024124, 35.00514111]}, "properties": {"feature_id": "492618228", "city": "四日市市", "area_sqm": 1627, "reject": 0.1386, "ai_level": "適当", "ai_symbol": "○", "confidence": 0.8614, "reason": "①青地外(農振)②ハザード外③接道④系統連系 ゲート通過済み(computeCyanLive母集団) / AI衛星判定reject score=0.1386(低いほど優良地寄り) / 閾値cut_ok=0.45未満→AI適地(○)", "noshin_status": "CLEAR", "hazard_status": "CLEAR"}}, {"type": "Feature", "geometry": {"type": "Point", "coordinates": [136.55821693, 35.00557478]}, "properties": {"feature_id": "492626999", "city": "四日市市", "area_sqm": 991, "reject": 0.1388, "ai_level": "適当", "ai_symbol": "○", "confidence": 0.8612, "reason": "①青地外(農振)②ハザード外③接道④系統連系 ゲート通過済み(computeCyanLive母集団) / AI衛星判定reject score=0.1388(低いほど優良地寄り) / 閾値cut_ok=0.45未満→AI適地(○)", "noshin_status": "CLEAR", "hazard_status": "CLEAR"}}, {"type": "Feature", "geometry": {"type": "Point", "coordinates": [136.5221476, 34.96297609]}, "properties": {"feature_id": "492596398", "city": "四日市市", "area_sqm": 832, "reject": 0.1388, "ai_level": "適当", "ai_symbol": "○", "confidence": 0.8612, "reason": "①青地外(農振)②ハザード外③接道④系統連系 ゲート通過済み(computeCyanLive母集団) / AI衛星判定reject score=0.1388(低いほど優良地寄り) / 閾値cut_ok=0.45未満→AI適地(○)", "noshin_status": "CLEAR", "hazard_status": "CLEAR"}}, {"type": "Feature", "geometry": {"type": "Point", "coordinates": [136.60645954, 35.03900887]}, "properties": {"feature_id": "492633331", "city": "四日市市", "area_sqm": 998, "reject": 0.1398, "ai_level": "適当", "ai_symbol": "○", "confidence": 0.8602, "reason": "①青地外(農振)②ハザード外③接道④系統連系 ゲート通過済み(computeCyanLive母集団) / AI衛星判定reject score=0.1398(低いほど優良地寄り) / 閾値cut_ok=0.45未満→AI適地(○)", "noshin_status": "CLEAR", "hazard_status": "CLEAR"}}, {"type": "Feature", "geometry": {"type": "Point", "coordinates": [136.54450597, 34.95149874]}, "properties": {"feature_id": "492594388", "city": "四日市市", "area_sqm": 2581, "reject": 0.1399, "ai_level": "適当", "ai_symbol": "○", "confidence": 0.8601, "reason": "①青地外(農振)②ハザード外③接道④系統連系 ゲート通過済み(computeCyanLive母集団) / AI衛星判定reject score=0.1399(低いほど優良地寄り) / 閾値cut_ok=0.45未満→AI適地(○)", "noshin_status": "CLEAR", "hazard_status": "CLEAR"}}, {"type": "Feature", "geometry": {"type": "Point", "coordinates": [136.60606717, 35.03951534]}, "properties": {"feature_id": "492633320", "city": "四日市市", "area_sqm": 985, "reject": 0.1403, "ai_level": "適当", "ai_symbol": "○", "confidence": 0.8597, "reason": "①青地外(農振)②ハザード外③接道④系統連系 ゲート通過済み(computeCyanLive母集団) / AI衛星判定reject score=0.1403(低いほど優良地寄り) / 閾値cut_ok=0.45未満→AI適地(○)", "noshin_status": "CLEAR", "hazard_status": "CLEAR"}}, {"type": "Feature", "geometry": {"type": "Point", "coordinates": [136.57724486, 35.01895869]}, "properties": {"feature_id": "492626308", "city": "四日市市", "area_sqm": 872, "reject": 0.1414, "ai_level": "適当", "ai_symbol": "○", "confidence": 0.8586, "reason": "①青地外(農振)②ハザード外③接道④系統連系 ゲート通過済み(computeCyanLive母集団) / AI衛星判定reject score=0.1414(低いほど優良地寄り) / 閾値cut_ok=0.45未満→AI適地(○)", "noshin_status": "CLEAR", "hazard_status": "CLEAR"}}, {"type": "Feature", "geometry": {"type": "Point", "coordinates": [136.56154954, 34.99444038]}, "properties": {"feature_id": "492608197", "city": "四日市市", "area_sqm": 926, "reject": 0.1416, "ai_level": "適当", "ai_symbol": "○", "confidence": 0.8584, "reason": "①青地外(農振)②ハザード外③接道④系統連系 ゲート通過済み(computeCyanLive母集団) / AI衛星判定reject score=0.1416(低いほど優良地寄り) / 閾値cut_ok=0.45未満→AI適地(○)", "noshin_status": "CLEAR", "hazard_status": "CLEAR"}}, {"type": "Feature", "geometry": {"type": "Point", "coordinates": [136.55949552, 34.93348927]}, "properties": {"feature_id": "492583633", "city": "四日市市", "area_sqm": 1084, "reject": 0.1423, "ai_level": "適当", "ai_symbol": "○", "confidence": 0.8577, "reason": "①青地外(農振)②ハザード外③接道④系統連系 ゲート通過済み(computeCyanLive母集団) / AI衛星判定reject score=0.1423(低いほど優良地寄り) / 閾値cut_ok=0.45未満→AI適地(○)", "noshin_status": "CLEAR", "hazard_status": "CLEAR"}}, {"type": "Feature", "geometry": {"type": "Point", "coordinates": [136.55999157, 34.99220528]}, "properties": {"feature_id": "492607791", "city": "四日市市", "area_sqm": 1302, "reject": 0.1432, "ai_level": "適当", "ai_symbol": "○", "confidence": 0.8568, "reason": "①青地外(農振)②ハザード外③接道④系統連系 ゲート通過済み(computeCyanLive母集団) / AI衛星判定reject score=0.1432(低いほど優良地寄り) / 閾値cut_ok=0.45未満→AI適地(○)", "noshin_status": "CLEAR", "hazard_status": "CLEAR"}}, {"type": "Feature", "geometry": {"type": "Point", "coordinates": [136.60724968, 35.03934952]}, "properties": {"feature_id": "492633371", "city": "四日市市", "area_sqm": 984, "reject": 0.1446, "ai_level": "適当", "ai_symbol": "○", "confidence": 0.8554, "reason": "①青地外(農振)②ハザード外③接道④系統連系 ゲート通過済み(computeCyanLive母集団) / AI衛星判定reject score=0.1446(低いほど優良地寄り) / 閾値cut_ok=0.45未満→AI適地(○)", "noshin_status": "CLEAR", "hazard_status": "CLEAR"}}, {"type": "Feature", "geometry": {"type": "Point", "coordinates": [136.54585498, 34.95325462]}, "properties": {"feature_id": "492581579", "city": "四日市市", "area_sqm": 1002, "reject": 0.145, "ai_level": "適当", "ai_symbol": "○", "confidence": 0.855, "reason": "①青地外(農振)②ハザード外③接道④系統連系 ゲート通過済み(computeCyanLive母集団) / AI衛星判定reject score=0.1450(低いほど優良地寄り) / 閾値cut_ok=0.45未満→AI適地(○)", "noshin_status": "CLEAR", "hazard_status": "CLEAR"}}, {"type": "Feature", "geometry": {"type": "Point", "coordinates": [136.59221775, 35.04349112]}, "properties": {"feature_id": "492631343", "city": "四日市市", "area_sqm": 1465, "reject": 0.1451, "ai_level": "適当", "ai_symbol": "○", "confidence": 0.8549, "reason": "①青地外(農振)②ハザード外③接道④系統連系 ゲート通過済み(computeCyanLive母集団) / AI衛星判定reject score=0.1451(低いほど優良地寄り) / 閾値cut_ok=0.45未満→AI適地(○)", "noshin_status": "CLEAR", "hazard_status": "CLEAR"}}, {"type": "Feature", "geometry": {"type": "Point", "coordinates": [136.54431278, 34.95402816]}, "properties": {"feature_id": "492581568", "city": "四日市市", "area_sqm": 1481, "reject": 0.1457, "ai_level": "適当", "ai_symbol": "○", "confidence": 0.8543, "reason": "①青地外(農振)②ハザード外③接道④系統連系 ゲート通過済み(computeCyanLive母集団) / AI衛星判定reject score=0.1457(低いほど優良地寄り) / 閾値cut_ok=0.45未満→AI適地(○)", "noshin_status": "CLEAR", "hazard_status": "CLEAR"}}, {"type": "Feature", "geometry": {"type": "Point", "coordinates": [136.54340342, 34.95450628]}, "properties": {"feature_id": "492581520", "city": "四日市市", "area_sqm": 1057, "reject": 0.1457, "ai_level": "適当", "ai_symbol": "○", "confidence": 0.8543, "reason": "①青地外(農振)②ハザード外③接道④系統連系 ゲート通過済み(computeCyanLive母集団) / AI衛星判定reject score=0.1457(低いほど優良地寄り) / 閾値cut_ok=0.45未満→AI適地(○)", "noshin_status": "CLEAR", "hazard_status": "CLEAR"}}, {"type": "Feature", "geometry": {"type": "Point", "coordinates": [136.47366231, 34.97853989]}, "properties": {"feature_id": "492647185", "city": "四日市市", "area_sqm": 800, "reject": 0.1467, "ai_level": "適当", "ai_symbol": "○", "confidence": 0.8533, "reason": "①青地外(農振)②ハザード外③接道④系統連系 ゲート通過済み(computeCyanLive母集団) / AI衛星判定reject score=0.1467(低いほど優良地寄り) / 閾値cut_ok=0.45未満→AI適地(○)", "noshin_status": "CLEAR", "hazard_status": "CLEAR"}}, {"type": "Feature", "geometry": {"type": "Point", "coordinates": [136.59335526, 35.01741248]}, "properties": {"feature_id": "492618957", "city": "四日市市", "area_sqm": 3927, "reject": 0.1479, "ai_level": "適当", "ai_symbol": "○", "confidence": 0.8521, "reason": "①青地外(農振)②ハザード外③接道④系統連系 ゲート通過済み(computeCyanLive母集団) / AI衛星判定reject score=0.1479(低いほど優良地寄り) / 閾値cut_ok=0.45未満→AI適地(○)", "noshin_status": "CLEAR", "hazard_status": "CLEAR"}}, {"type": "Feature", "geometry": {"type": "Point", "coordinates": [136.50347526, 34.96700555]}, "properties": {"feature_id": "492602438", "city": "四日市市", "area_sqm": 1031, "reject": 0.1479, "ai_level": "適当", "ai_symbol": "○", "confidence": 0.8521, "reason": "①青地外(農振)②ハザード外③接道④系統連系 ゲート通過済み(computeCyanLive母集団) / AI衛星判定reject score=0.1479(低いほど優良地寄り) / 閾値cut_ok=0.45未満→AI適地(○)", "noshin_status": "CLEAR", "hazard_status": "CLEAR"}}, {"type": "Feature", "geometry": {"type": "Point", "coordinates": [136.49239363, 34.96194289]}, "properties": {"feature_id": "492649122", "city": "四日市市", "area_sqm": 1314, "reject": 0.148, "ai_level": "適当", "ai_symbol": "○", "confidence": 0.852, "reason": "①青地外(農振)②ハザード外③接道④系統連系 ゲート通過済み(computeCyanLive母集団) / AI衛星判定reject score=0.1480(低いほど優良地寄り) / 閾値cut_ok=0.45未満→AI適地(○)", "noshin_status": "CLEAR", "hazard_status": "CLEAR"}}, {"type": "Feature", "geometry": {"type": "Point", "coordinates": [136.50062980100006, 34.85059363200003]}, "properties": {"feature_id": "241383472", "city": "鈴鹿市", "area_sqm": 983, "reject": 0.1481, "ai_level": "適当", "ai_symbol": "○", "confidence": 0.8519, "reason": "①青地外(農振)②ハザード外③接道④系統連系 ゲート通過済み(computeCyanLive母集団) / AI衛星判定reject score=0.1481(低いほど優良地寄り) / 閾値cut_ok=0.45未満→AI適地(○)", "noshin_status": "CLEAR", "hazard_status": "CLEAR"}}, {"type": "Feature", "geometry": {"type": "Point", "coordinates": [136.55859916, 35.00654294]}, "properties": {"feature_id": "492626981", "city": "四日市市", "area_sqm": 985, "reject": 0.1489, "ai_level": "適当", "ai_symbol": "○", "confidence": 0.8511, "reason": "①青地外(農振)②ハザード外③接道④系統連系 ゲート通過済み(computeCyanLive母集団) / AI衛星判定reject score=0.1489(低いほど優良地寄り) / 閾値cut_ok=0.45未満→AI適地(○)", "noshin_status": "CLEAR", "hazard_status": "CLEAR"}}, {"type": "Feature", "geometry": {"type": "Point", "coordinates": [136.54298879, 34.92439577]}, "properties": {"feature_id": "492599178", "city": "四日市市", "area_sqm": 1028, "reject": 0.1491, "ai_level": "適当", "ai_symbol": "○", "confidence": 0.8509, "reason": "①青地外(農振)②ハザード外③接道④系統連系 ゲート通過済み(computeCyanLive母集団) / AI衛星判定reject score=0.1491(低いほど優良地寄り) / 閾値cut_ok=0.45未満→AI適地(○)", "noshin_status": "CLEAR", "hazard_status": "CLEAR"}}, {"type": "Feature", "geometry": {"type": "Point", "coordinates": [136.58547731, 34.99520457]}, "properties": {"feature_id": "492623034", "city": "四日市市", "area_sqm": 862, "reject": 0.1502, "ai_level": "適当", "ai_symbol": "○", "confidence": 0.8498, "reason": "①青地外(農振)②ハザード外③接道④系統連系 ゲート通過済み(computeCyanLive母集団) / AI衛星判定reject score=0.1502(低いほど優良地寄り) / 閾値cut_ok=0.45未満→AI適地(○)", "noshin_status": "CLEAR", "hazard_status": "CLEAR"}}, {"type": "Feature", "geometry": {"type": "Point", "coordinates": [136.60748946, 35.03987869]}, "properties": {"feature_id": "492633380", "city": "四日市市", "area_sqm": 877, "reject": 0.1512, "ai_level": "適当", "ai_symbol": "○", "confidence": 0.8488, "reason": "①青地外(農振)②ハザード外③接道④系統連系 ゲート通過済み(computeCyanLive母集団) / AI衛星判定reject score=0.1512(低いほど優良地寄り) / 閾値cut_ok=0.45未満→AI適地(○)", "noshin_status": "CLEAR", "hazard_status": "CLEAR"}}, {"type": "Feature", "geometry": {"type": "Point", "coordinates": [136.62519792800003, 34.43378114800004]}, "properties": {"feature_id": "242586695", "city": "度会町", "area_sqm": 862, "reject": 0.1521, "ai_level": "適当", "ai_symbol": "○", "confidence": 0.8479, "reason": "①青地外(農振)②ハザード外③接道④系統連系 ゲート通過済み(computeCyanLive母集団) / AI衛星判定reject score=0.1521(低いほど優良地寄り) / 閾値cut_ok=0.45未満→AI適地(○)", "noshin_status": "CLEAR", "hazard_status": "CLEAR"}}, {"type": "Feature", "geometry": {"type": "Point", "coordinates": [136.60621808, 35.03985309]}, "properties": {"feature_id": "492633318", "city": "四日市市", "area_sqm": 989, "reject": 0.1522, "ai_level": "適当", "ai_symbol": "○", "confidence": 0.8478, "reason": "①青地外(農振)②ハザード外③接道④系統連系 ゲート通過済み(computeCyanLive母集団) / AI衛星判定reject score=0.1522(低いほど優良地寄り) / 閾値cut_ok=0.45未満→AI適地(○)", "noshin_status": "CLEAR", "hazard_status": "CLEAR"}}, {"type": "Feature", "geometry": {"type": "Point", "coordinates": [136.47487564, 34.97733964]}, "properties": {"feature_id": "492647150", "city": "四日市市", "area_sqm": 1401, "reject": 0.1525, "ai_level": "適当", "ai_symbol": "○", "confidence": 0.8475, "reason": "①青地外(農振)②ハザード外③接道④系統連系 ゲート通過済み(computeCyanLive母集団) / AI衛星判定reject score=0.1525(低いほど優良地寄り) / 閾値cut_ok=0.45未満→AI適地(○)", "noshin_status": "CLEAR", "hazard_status": "CLEAR"}}, {"type": "Feature", "geometry": {"type": "Point", "coordinates": [136.49958981600003, 34.848181201000045]}, "properties": {"feature_id": "241383673", "city": "鈴鹿市", "area_sqm": 1202, "reject": 0.153, "ai_level": "適当", "ai_symbol": "○", "confidence": 0.847, "reason": "①青地外(農振)②ハザード外③接道④系統連系 ゲート通過済み(computeCyanLive母集団) / AI衛星判定reject score=0.1530(低いほど優良地寄り) / 閾値cut_ok=0.45未満→AI適地(○)", "noshin_status": "CLEAR", "hazard_status": "CLEAR"}}, {"type": "Feature", "geometry": {"type": "Point", "coordinates": [136.52591051, 34.93176881]}, "properties": {"feature_id": "492599408", "city": "四日市市", "area_sqm": 2157, "reject": 0.1537, "ai_level": "適当", "ai_symbol": "○", "confidence": 0.8463, "reason": "①青地外(農振)②ハザード外③接道④系統連系 ゲート通過済み(computeCyanLive母集団) / AI衛星判定reject score=0.1537(低いほど優良地寄り) / 閾値cut_ok=0.45未満→AI適地(○)", "noshin_status": "CLEAR", "hazard_status": "CLEAR"}}, {"type": "Feature", "geometry": {"type": "Point", "coordinates": [136.59648273, 35.00864315]}, "properties": {"feature_id": "492619158", "city": "四日市市", "area_sqm": 921, "reject": 0.1537, "ai_level": "適当", "ai_symbol": "○", "confidence": 0.8463, "reason": "①青地外(農振)②ハザード外③接道④系統連系 ゲート通過済み(computeCyanLive母集団) / AI衛星判定reject score=0.1537(低いほど優良地寄り) / 閾値cut_ok=0.45未満→AI適地(○)", "noshin_status": "CLEAR", "hazard_status": "CLEAR"}}, {"type": "Feature", "geometry": {"type": "Point", "coordinates": [136.56759381, 35.00700358]}, "properties": {"feature_id": "492625468", "city": "四日市市", "area_sqm": 965, "reject": 0.154, "ai_level": "適当", "ai_symbol": "○", "confidence": 0.846, "reason": "①青地外(農振)②ハザード外③接道④系統連系 ゲート通過済み(computeCyanLive母集団) / AI衛星判定reject score=0.1540(低いほど優良地寄り) / 閾値cut_ok=0.45未満→AI適地(○)", "noshin_status": "CLEAR", "hazard_status": "CLEAR"}}, {"type": "Feature", "geometry": {"type": "Point", "coordinates": [136.57128126, 35.02374818]}, "properties": {"feature_id": "492626042", "city": "四日市市", "area_sqm": 998, "reject": 0.1543, "ai_level": "適当", "ai_symbol": "○", "confidence": 0.8457, "reason": "①青地外(農振)②ハザード外③接道④系統連系 ゲート通過済み(computeCyanLive母集団) / AI衛星判定reject score=0.1543(低いほど優良地寄り) / 閾値cut_ok=0.45未満→AI適地(○)", "noshin_status": "CLEAR", "hazard_status": "CLEAR"}}, {"type": "Feature", "geometry": {"type": "Point", "coordinates": [136.52539595, 34.93164202]}, "properties": {"feature_id": "492599424", "city": "四日市市", "area_sqm": 1545, "reject": 0.1551, "ai_level": "適当", "ai_symbol": "○", "confidence": 0.8449, "reason": "①青地外(農振)②ハザード外③接道④系統連系 ゲート通過済み(computeCyanLive母集団) / AI衛星判定reject score=0.1551(低いほど優良地寄り) / 閾値cut_ok=0.45未満→AI適地(○)", "noshin_status": "CLEAR", "hazard_status": "CLEAR"}}, {"type": "Feature", "geometry": {"type": "Point", "coordinates": [136.52092349, 34.98816803]}, "properties": {"feature_id": "492616107", "city": "四日市市", "area_sqm": 995, "reject": 0.1551, "ai_level": "適当", "ai_symbol": "○", "confidence": 0.8449, "reason": "①青地外(農振)②ハザード外③接道④系統連系 ゲート通過済み(computeCyanLive母集団) / AI衛星判定reject score=0.1551(低いほど優良地寄り) / 閾値cut_ok=0.45未満→AI適地(○)", "noshin_status": "CLEAR", "hazard_status": "CLEAR"}}, {"type": "Feature", "geometry": {"type": "Point", "coordinates": [136.49172779800006, 34.930566690000035]}, "properties": {"feature_id": "241472764", "city": "鈴鹿市", "area_sqm": 816, "reject": 0.1557, "ai_level": "適当", "ai_symbol": "○", "confidence": 0.8443, "reason": "①青地外(農振)②ハザード外③接道④系統連系 ゲート通過済み(computeCyanLive母集団) / AI衛星判定reject score=0.1557(低いほど優良地寄り) / 閾値cut_ok=0.45未満→AI適地(○)", "noshin_status": "CLEAR", "hazard_status": "CLEAR"}}, {"type": "Feature", "geometry": {"type": "Point", "coordinates": [136.5498854, 34.95003107]}, "properties": {"feature_id": "492583272", "city": "四日市市", "area_sqm": 826, "reject": 0.1566, "ai_level": "適当", "ai_symbol": "○", "confidence": 0.8434, "reason": "①青地外(農振)②ハザード外③接道④系統連系 ゲート通過済み(computeCyanLive母集団) / AI衛星判定reject score=0.1566(低いほど優良地寄り) / 閾値cut_ok=0.45未満→AI適地(○)", "noshin_status": "CLEAR", "hazard_status": "CLEAR"}}, {"type": "Feature", "geometry": {"type": "Point", "coordinates": [136.51608771100007, 34.93522626400005]}, "properties": {"feature_id": "241461079", "city": "鈴鹿市", "area_sqm": 1166, "reject": 0.1571, "ai_level": "適当", "ai_symbol": "○", "confidence": 0.8429, "reason": "①青地外(農振)②ハザード外③接道④系統連系 ゲート通過済み(computeCyanLive母集団) / AI衛星判定reject score=0.1571(低いほど優良地寄り) / 閾値cut_ok=0.45未満→AI適地(○)", "noshin_status": "CLEAR", "hazard_status": "CLEAR"}}, {"type": "Feature", "geometry": {"type": "Point", "coordinates": [136.5069470400001, 34.90421032000006]}, "properties": {"feature_id": "241468956", "city": "鈴鹿市", "area_sqm": 1983, "reject": 0.1576, "ai_level": "適当", "ai_symbol": "○", "confidence": 0.8424, "reason": "①青地外(農振)②ハザード外③接道④系統連系 ゲート通過済み(computeCyanLive母集団) / AI衛星判定reject score=0.1576(低いほど優良地寄り) / 閾値cut_ok=0.45未満→AI適地(○)", "noshin_status": "CLEAR", "hazard_status": "CLEAR"}}, {"type": "Feature", "geometry": {"type": "Point", "coordinates": [136.57482971, 34.98590188]}, "properties": {"feature_id": "492610753", "city": "四日市市", "area_sqm": 2522, "reject": 0.1578, "ai_level": "適当", "ai_symbol": "○", "confidence": 0.8422, "reason": "①青地外(農振)②ハザード外③接道④系統連系 ゲート通過済み(computeCyanLive母集団) / AI衛星判定reject score=0.1578(低いほど優良地寄り) / 閾値cut_ok=0.45未満→AI適地(○)", "noshin_status": "CLEAR", "hazard_status": "CLEAR"}}, {"type": "Feature", "geometry": {"type": "Point", "coordinates": [136.46020659200008, 34.723879467000074]}, "properties": {"feature_id": "478734946", "city": "津市", "area_sqm": 1252, "reject": 0.16, "ai_level": "適当", "ai_symbol": "○", "confidence": 0.84, "reason": "①青地外(農振)②ハザード外③接道④系統連系 ゲート通過済み(computeCyanLive母集団) / AI衛星判定reject score=0.1600(低いほど優良地寄り) / 閾値cut_ok=0.45未満→AI適地(○)", "noshin_status": "CLEAR", "hazard_status": "CLEAR"}}, {"type": "Feature", "geometry": {"type": "Point", "coordinates": [136.5072834770001, 34.93375767100002]}, "properties": {"feature_id": "241467746", "city": "鈴鹿市", "area_sqm": 2034, "reject": 0.1601, "ai_level": "適当", "ai_symbol": "○", "confidence": 0.8399, "reason": "①青地外(農振)②ハザード外③接道④系統連系 ゲート通過済み(computeCyanLive母集団) / AI衛星判定reject score=0.1601(低いほど優良地寄り) / 閾値cut_ok=0.45未満→AI適地(○)", "noshin_status": "CLEAR", "hazard_status": "CLEAR"}}, {"type": "Feature", "geometry": {"type": "Point", "coordinates": [136.51544048, 34.94065028]}, "properties": {"feature_id": "492601770", "city": "四日市市", "area_sqm": 1104, "reject": 0.1605, "ai_level": "適当", "ai_symbol": "○", "confidence": 0.8395, "reason": "①青地外(農振)②ハザード外③接道④系統連系 ゲート通過済み(computeCyanLive母集団) / AI衛星判定reject score=0.1605(低いほど優良地寄り) / 閾値cut_ok=0.45未満→AI適地(○)", "noshin_status": "CLEAR", "hazard_status": "CLEAR"}}, {"type": "Feature", "geometry": {"type": "Point", "coordinates": [136.63657356, 35.00977967]}, "properties": {"feature_id": "492570707", "city": "四日市市", "area_sqm": 1002, "reject": 0.1607, "ai_level": "適当", "ai_symbol": "○", "confidence": 0.8393, "reason": "①青地外(農振)②ハザード外③接道④系統連系 ゲート通過済み(computeCyanLive母集団) / AI衛星判定reject score=0.1607(低いほど優良地寄り) / 閾値cut_ok=0.45未満→AI適地(○)", "noshin_status": "CLEAR", "hazard_status": "CLEAR"}}, {"type": "Feature", "geometry": {"type": "Point", "coordinates": [136.58403944, 34.98315726]}, "properties": {"feature_id": "492612306", "city": "四日市市", "area_sqm": 1108, "reject": 0.1614, "ai_level": "適当", "ai_symbol": "○", "confidence": 0.8386, "reason": "①青地外(農振)②ハザード外③接道④系統連系 ゲート通過済み(computeCyanLive母集団) / AI衛星判定reject score=0.1614(低いほど優良地寄り) / 閾値cut_ok=0.45未満→AI適地(○)", "noshin_status": "CLEAR", "hazard_status": "CLEAR"}}, {"type": "Feature", "geometry": {"type": "Point", "coordinates": [136.4973071600001, 34.85126095600003]}, "properties": {"feature_id": "241383502", "city": "鈴鹿市", "area_sqm": 2194, "reject": 0.162, "ai_level": "適当", "ai_symbol": "○", "confidence": 0.838, "reason": "①青地外(農振)②ハザード外③接道④系統連系 ゲート通過済み(computeCyanLive母集団) / AI衛星判定reject score=0.1620(低いほど優良地寄り) / 閾値cut_ok=0.45未満→AI適地(○)", "noshin_status": "CLEAR", "hazard_status": "CLEAR"}}, {"type": "Feature", "geometry": {"type": "Point", "coordinates": [136.51583191300006, 34.929972253000074]}, "properties": {"feature_id": "241460999", "city": "鈴鹿市", "area_sqm": 846, "reject": 0.1622, "ai_level": "適当", "ai_symbol": "○", "confidence": 0.8378, "reason": "①青地外(農振)②ハザード外③接道④系統連系 ゲート通過済み(computeCyanLive母集団) / AI衛星判定reject score=0.1622(低いほど優良地寄り) / 閾値cut_ok=0.45未満→AI適地(○)", "noshin_status": "CLEAR", "hazard_status": "CLEAR"}}, {"type": "Feature", "geometry": {"type": "Point", "coordinates": [136.60196823, 35.04192892]}, "properties": {"feature_id": "492632732", "city": "四日市市", "area_sqm": 1253, "reject": 0.1623, "ai_level": "適当", "ai_symbol": "○", "confidence": 0.8377, "reason": "①青地外(農振)②ハザード外③接道④系統連系 ゲート通過済み(computeCyanLive母集団) / AI衛星判定reject score=0.1623(低いほど優良地寄り) / 閾値cut_ok=0.45未満→AI適地(○)", "noshin_status": "CLEAR", "hazard_status": "CLEAR"}}, {"type": "Feature", "geometry": {"type": "Point", "coordinates": [136.57889801, 35.05107917]}, "properties": {"feature_id": "492653951", "city": "四日市市", "area_sqm": 1006, "reject": 0.1625, "ai_level": "適当", "ai_symbol": "○", "confidence": 0.8375, "reason": "①青地外(農振)②ハザード外③接道④系統連系 ゲート通過済み(computeCyanLive母集団) / AI衛星判定reject score=0.1625(低いほど優良地寄り) / 閾値cut_ok=0.45未満→AI適地(○)", "noshin_status": "CLEAR", "hazard_status": "CLEAR"}}, {"type": "Feature", "geometry": {"type": "Point", "coordinates": [136.55583115, 34.99488196]}, "properties": {"feature_id": "492606924", "city": "四日市市", "area_sqm": 1011, "reject": 0.1632, "ai_level": "適当", "ai_symbol": "○", "confidence": 0.8368, "reason": "①青地外(農振)②ハザード外③接道④系統連系 ゲート通過済み(computeCyanLive母集団) / AI衛星判定reject score=0.1632(低いほど優良地寄り) / 閾値cut_ok=0.45未満→AI適地(○)", "noshin_status": "CLEAR", "hazard_status": "CLEAR"}}, {"type": "Feature", "geometry": {"type": "Point", "coordinates": [136.57092223, 35.00683355]}, "properties": {"feature_id": "492625384", "city": "四日市市", "area_sqm": 819, "reject": 0.1633, "ai_level": "適当", "ai_symbol": "○", "confidence": 0.8367, "reason": "①青地外(農振)②ハザード外③接道④系統連系 ゲート通過済み(computeCyanLive母集団) / AI衛星判定reject score=0.1633(低いほど優良地寄り) / 閾値cut_ok=0.45未満→AI適地(○)", "noshin_status": "CLEAR", "hazard_status": "CLEAR"}}, {"type": "Feature", "geometry": {"type": "Point", "coordinates": [136.4616998560001, 34.93003324500006]}, "properties": {"feature_id": "241482251", "city": "鈴鹿市", "area_sqm": 1735, "reject": 0.1635, "ai_level": "適当", "ai_symbol": "○", "confidence": 0.8365, "reason": "①青地外(農振)②ハザード外③接道④系統連系 ゲート通過済み(computeCyanLive母集団) / AI衛星判定reject score=0.1635(低いほど優良地寄り) / 閾値cut_ok=0.45未満→AI適地(○)", "noshin_status": "CLEAR", "hazard_status": "CLEAR"}}, {"type": "Feature", "geometry": {"type": "Point", "coordinates": [136.459507718, 34.923011407]}, "properties": {"feature_id": "241481397", "city": "鈴鹿市", "area_sqm": 1170, "reject": 0.1638, "ai_level": "適当", "ai_symbol": "○", "confidence": 0.8362, "reason": "①青地外(農振)②ハザード外③接道④系統連系 ゲート通過済み(computeCyanLive母集団) / AI衛星判定reject score=0.1638(低いほど優良地寄り) / 閾値cut_ok=0.45未満→AI適地(○)", "noshin_status": "CLEAR", "hazard_status": "CLEAR"}}, {"type": "Feature", "geometry": {"type": "Point", "coordinates": [136.63698706, 35.01012407]}, "properties": {"feature_id": "492570709", "city": "四日市市", "area_sqm": 804, "reject": 0.1638, "ai_level": "適当", "ai_symbol": "○", "confidence": 0.8362, "reason": "①青地外(農振)②ハザード外③接道④系統連系 ゲート通過済み(computeCyanLive母集団) / AI衛星判定reject score=0.1638(低いほど優良地寄り) / 閾値cut_ok=0.45未満→AI適地(○)", "noshin_status": "CLEAR", "hazard_status": "CLEAR"}}, {"type": "Feature", "geometry": {"type": "Point", "coordinates": [136.5142089310001, 34.930850332000034]}, "properties": {"feature_id": "241460935", "city": "鈴鹿市", "area_sqm": 810, "reject": 0.1642, "ai_level": "適当", "ai_symbol": "○", "confidence": 0.8358, "reason": "①青地外(農振)②ハザード外③接道④系統連系 ゲート通過済み(computeCyanLive母集団) / AI衛星判定reject score=0.1642(低いほど優良地寄り) / 閾値cut_ok=0.45未満→AI適地(○)", "noshin_status": "CLEAR", "hazard_status": "CLEAR"}}, {"type": "Feature", "geometry": {"type": "Point", "coordinates": [136.51831412600006, 34.81657274100007]}, "properties": {"feature_id": "241453983", "city": "鈴鹿市", "area_sqm": 1404, "reject": 0.1645, "ai_level": "適当", "ai_symbol": "○", "confidence": 0.8355, "reason": "①青地外(農振)②ハザード外③接道④系統連系 ゲート通過済み(computeCyanLive母集団) / AI衛星判定reject score=0.1645(低いほど優良地寄り) / 閾値cut_ok=0.45未満→AI適地(○)", "noshin_status": "CLEAR", "hazard_status": "CLEAR"}}, {"type": "Feature", "geometry": {"type": "Point", "coordinates": [136.50122521000003, 34.849642611000036]}, "properties": {"feature_id": "241383728", "city": "鈴鹿市", "area_sqm": 869, "reject": 0.1645, "ai_level": "適当", "ai_symbol": "○", "confidence": 0.8355, "reason": "①青地外(農振)②ハザード外③接道④系統連系 ゲート通過済み(computeCyanLive母集団) / AI衛星判定reject score=0.1645(低いほど優良地寄り) / 閾値cut_ok=0.45未満→AI適地(○)", "noshin_status": "CLEAR", "hazard_status": "CLEAR"}}, {"type": "Feature", "geometry": {"type": "Point", "coordinates": [136.53787599, 34.96017784]}, "properties": {"feature_id": "492581930", "city": "四日市市", "area_sqm": 1064, "reject": 0.1653, "ai_level": "適当", "ai_symbol": "○", "confidence": 0.8347, "reason": "①青地外(農振)②ハザード外③接道④系統連系 ゲート通過済み(computeCyanLive母集団) / AI衛星判定reject score=0.1653(低いほど優良地寄り) / 閾値cut_ok=0.45未満→AI適地(○)", "noshin_status": "CLEAR", "hazard_status": "CLEAR"}}, {"type": "Feature", "geometry": {"type": "Point", "coordinates": [136.52858136, 34.93048383]}, "properties": {"feature_id": "492599373", "city": "四日市市", "area_sqm": 905, "reject": 0.1669, "ai_level": "適当", "ai_symbol": "○", "confidence": 0.8331, "reason": "①青地外(農振)②ハザード外③接道④系統連系 ゲート通過済み(computeCyanLive母集団) / AI衛星判定reject score=0.1669(低いほど優良地寄り) / 閾値cut_ok=0.45未満→AI適地(○)", "noshin_status": "CLEAR", "hazard_status": "CLEAR"}}, {"type": "Feature", "geometry": {"type": "Point", "coordinates": [136.5595318940001, 34.915290698000035]}, "properties": {"feature_id": "241459332", "city": "鈴鹿市", "area_sqm": 1616, "reject": 0.1676, "ai_level": "適当", "ai_symbol": "○", "confidence": 0.8324, "reason": "①青地外(農振)②ハザード外③接道④系統連系 ゲート通過済み(computeCyanLive母集団) / AI衛星判定reject score=0.1676(低いほど優良地寄り) / 閾値cut_ok=0.45未満→AI適地(○)", "noshin_status": "CLEAR", "hazard_status": "CLEAR"}}, {"type": "Feature", "geometry": {"type": "Point", "coordinates": [136.49924189700005, 34.85246367700006]}, "properties": {"feature_id": "241383447", "city": "鈴鹿市", "area_sqm": 1000, "reject": 0.1677, "ai_level": "適当", "ai_symbol": "○", "confidence": 0.8323, "reason": "①青地外(農振)②ハザード外③接道④系統連系 ゲート通過済み(computeCyanLive母集団) / AI衛星判定reject score=0.1677(低いほど優良地寄り) / 閾値cut_ok=0.45未満→AI適地(○)", "noshin_status": "CLEAR", "hazard_status": "CLEAR"}}, {"type": "Feature", "geometry": {"type": "Point", "coordinates": [136.50013285800003, 34.85085135600008]}, "properties": {"feature_id": "241383478", "city": "鈴鹿市", "area_sqm": 803, "reject": 0.1678, "ai_level": "適当", "ai_symbol": "○", "confidence": 0.8322, "reason": "①青地外(農振)②ハザード外③接道④系統連系 ゲート通過済み(computeCyanLive母集団) / AI衛星判定reject score=0.1678(低いほど優良地寄り) / 閾値cut_ok=0.45未満→AI適地(○)", "noshin_status": "CLEAR", "hazard_status": "CLEAR"}}, {"type": "Feature", "geometry": {"type": "Point", "coordinates": [136.63401132, 35.00732951]}, "properties": {"feature_id": "492570639", "city": "四日市市", "area_sqm": 1021, "reject": 0.1682, "ai_level": "適当", "ai_symbol": "○", "confidence": 0.8318, "reason": "①青地外(農振)②ハザード外③接道④系統連系 ゲート通過済み(computeCyanLive母集団) / AI衛星判定reject score=0.1682(低いほど優良地寄り) / 閾値cut_ok=0.45未満→AI適地(○)", "noshin_status": "CLEAR", "hazard_status": "CLEAR"}}, {"type": "Feature", "geometry": {"type": "Point", "coordinates": [136.61414272, 35.02630269]}, "properties": {"feature_id": "492635751", "city": "四日市市", "area_sqm": 1003, "reject": 0.1685, "ai_level": "適当", "ai_symbol": "○", "confidence": 0.8315, "reason": "①青地外(農振)②ハザード外③接道④系統連系 ゲート通過済み(computeCyanLive母集団) / AI衛星判定reject score=0.1685(低いほど優良地寄り) / 閾値cut_ok=0.45未満→AI適地(○)", "noshin_status": "CLEAR", "hazard_status": "CLEAR"}}, {"type": "Feature", "geometry": {"type": "Point", "coordinates": [136.46148961000006, 34.96698143400005]}, "properties": {"feature_id": "241464775", "city": "鈴鹿市", "area_sqm": 1024, "reject": 0.1687, "ai_level": "適当", "ai_symbol": "○", "confidence": 0.8313, "reason": "①青地外(農振)②ハザード外③接道④系統連系 ゲート通過済み(computeCyanLive母集団) / AI衛星判定reject score=0.1687(低いほど優良地寄り) / 閾値cut_ok=0.45未満→AI適地(○)", "noshin_status": "CLEAR", "hazard_status": "CLEAR"}}, {"type": "Feature", "geometry": {"type": "Point", "coordinates": [136.50219835400003, 34.92848926700003]}, "properties": {"feature_id": "241467491", "city": "鈴鹿市", "area_sqm": 1580, "reject": 0.1695, "ai_level": "適当", "ai_symbol": "○", "confidence": 0.8305, "reason": "①青地外(農振)②ハザード外③接道④系統連系 ゲート通過済み(computeCyanLive母集団) / AI衛星判定reject score=0.1695(低いほど優良地寄り) / 閾値cut_ok=0.45未満→AI適地(○)", "noshin_status": "CLEAR", "hazard_status": "CLEAR"}}, {"type": "Feature", "geometry": {"type": "Point", "coordinates": [136.4972249440001, 34.85062795500005]}, "properties": {"feature_id": "241383497", "city": "鈴鹿市", "area_sqm": 1049, "reject": 0.1703, "ai_level": "適当", "ai_symbol": "○", "confidence": 0.8297, "reason": "①青地外(農振)②ハザード外③接道④系統連系 ゲート通過済み(computeCyanLive母集団) / AI衛星判定reject score=0.1703(低いほど優良地寄り) / 閾値cut_ok=0.45未満→AI適地(○)", "noshin_status": "CLEAR", "hazard_status": "CLEAR"}}, {"type": "Feature", "geometry": {"type": "Point", "coordinates": [136.55716173, 34.93497147]}, "properties": {"feature_id": "492584253", "city": "四日市市", "area_sqm": 1031, "reject": 0.1705, "ai_level": "適当", "ai_symbol": "○", "confidence": 0.8295, "reason": "①青地外(農振)②ハザード外③接道④系統連系 ゲート通過済み(computeCyanLive母集団) / AI衛星判定reject score=0.1705(低いほど優良地寄り) / 閾値cut_ok=0.45未満→AI適地(○)", "noshin_status": "CLEAR", "hazard_status": "CLEAR"}}, {"type": "Feature", "geometry": {"type": "Point", "coordinates": [136.554939482, 34.91065211100005]}, "properties": {"feature_id": "241418831", "city": "鈴鹿市", "area_sqm": 841, "reject": 0.1708, "ai_level": "適当", "ai_symbol": "○", "confidence": 0.8292, "reason": "①青地外(農振)②ハザード外③接道④系統連系 ゲート通過済み(computeCyanLive母集団) / AI衛星判定reject score=0.1708(低いほど優良地寄り) / 閾値cut_ok=0.45未満→AI適地(○)", "noshin_status": "CLEAR", "hazard_status": "CLEAR"}}, {"type": "Feature", "geometry": {"type": "Point", "coordinates": [136.53593289, 35.0395011]}, "properties": {"feature_id": "492656573", "city": "四日市市", "area_sqm": 6490, "reject": 0.1709, "ai_level": "適当", "ai_symbol": "○", "confidence": 0.8291, "reason": "①青地外(農振)②ハザード外③接道④系統連系 ゲート通過済み(computeCyanLive母集団) / AI衛星判定reject score=0.1709(低いほど優良地寄り) / 閾値cut_ok=0.45未満→AI適地(○)", "noshin_status": "CLEAR", "hazard_status": "CLEAR"}}, {"type": "Feature", "geometry": {"type": "Point", "coordinates": [136.5000645760001, 34.850487788000066]}, "properties": {"feature_id": "241383476", "city": "鈴鹿市", "area_sqm": 1485, "reject": 0.1716, "ai_level": "適当", "ai_symbol": "○", "confidence": 0.8284, "reason": "①青地外(農振)②ハザード外③接道④系統連系 ゲート通過済み(computeCyanLive母集団) / AI衛星判定reject score=0.1716(低いほど優良地寄り) / 閾値cut_ok=0.45未満→AI適地(○)", "noshin_status": "CLEAR", "hazard_status": "CLEAR"}}, {"type": "Feature", "geometry": {"type": "Point", "coordinates": [136.50210622500003, 34.85768869100008]}, "properties": {"feature_id": "241381759", "city": "鈴鹿市", "area_sqm": 1319, "reject": 0.1717, "ai_level": "適当", "ai_symbol": "○", "confidence": 0.8283, "reason": "①青地外(農振)②ハザード外③接道④系統連系 ゲート通過済み(computeCyanLive母集団) / AI衛星判定reject score=0.1717(低いほど優良地寄り) / 閾値cut_ok=0.45未満→AI適地(○)", "noshin_status": "CLEAR", "hazard_status": "CLEAR"}}, {"type": "Feature", "geometry": {"type": "Point", "coordinates": [136.47494909, 34.97853287]}, "properties": {"feature_id": "492647172", "city": "四日市市", "area_sqm": 1613, "reject": 0.172, "ai_level": "適当", "ai_symbol": "○", "confidence": 0.828, "reason": "①青地外(農振)②ハザード外③接道④系統連系 ゲート通過済み(computeCyanLive母集団) / AI衛星判定reject score=0.1720(低いほど優良地寄り) / 閾値cut_ok=0.45未満→AI適地(○)", "noshin_status": "CLEAR", "hazard_status": "CLEAR"}}, {"type": "Feature", "geometry": {"type": "Point", "coordinates": [136.4924986, 34.96895397]}, "properties": {"feature_id": "492650238", "city": "四日市市", "area_sqm": 811, "reject": 0.1726, "ai_level": "適当", "ai_symbol": "○", "confidence": 0.8274, "reason": "①青地外(農振)②ハザード外③接道④系統連系 ゲート通過済み(computeCyanLive母集団) / AI衛星判定reject score=0.1726(低いほど優良地寄り) / 閾値cut_ok=0.45未満→AI適地(○)", "noshin_status": "CLEAR", "hazard_status": "CLEAR"}}, {"type": "Feature", "geometry": {"type": "Point", "coordinates": [136.49828826300006, 34.857155833000036]}, "properties": {"feature_id": "241381075", "city": "鈴鹿市", "area_sqm": 1011, "reject": 0.1729, "ai_level": "適当", "ai_symbol": "○", "confidence": 0.8271, "reason": "①青地外(農振)②ハザード外③接道④系統連系 ゲート通過済み(computeCyanLive母集団) / AI衛星判定reject score=0.1729(低いほど優良地寄り) / 閾値cut_ok=0.45未満→AI適地(○)", "noshin_status": "CLEAR", "hazard_status": "CLEAR"}}, {"type": "Feature", "geometry": {"type": "Point", "coordinates": [136.54461882, 34.95387078]}, "properties": {"feature_id": "492581570", "city": "四日市市", "area_sqm": 1052, "reject": 0.1731, "ai_level": "適当", "ai_symbol": "○", "confidence": 0.8269, "reason": "①青地外(農振)②ハザード外③接道④系統連系 ゲート通過済み(computeCyanLive母集団) / AI衛星判定reject score=0.1731(低いほど優良地寄り) / 閾値cut_ok=0.45未満→AI適地(○)", "noshin_status": "CLEAR", "hazard_status": "CLEAR"}}, {"type": "Feature", "geometry": {"type": "Point", "coordinates": [136.4945431650001, 34.852445715000044]}, "properties": {"feature_id": "241381018", "city": "鈴鹿市", "area_sqm": 991, "reject": 0.1736, "ai_level": "適当", "ai_symbol": "○", "confidence": 0.8264, "reason": "①青地外(農振)②ハザード外③接道④系統連系 ゲート通過済み(computeCyanLive母集団) / AI衛星判定reject score=0.1736(低いほど優良地寄り) / 閾値cut_ok=0.45未満→AI適地(○)", "noshin_status": "CLEAR", "hazard_status": "CLEAR"}}, {"type": "Feature", "geometry": {"type": "Point", "coordinates": [136.49892235200002, 34.84870732400003]}, "properties": {"feature_id": "241383677", "city": "鈴鹿市", "area_sqm": 998, "reject": 0.174, "ai_level": "適当", "ai_symbol": "○", "confidence": 0.826, "reason": "①青地外(農振)②ハザード外③接道④系統連系 ゲート通過済み(computeCyanLive母集団) / AI衛星判定reject score=0.1740(低いほど優良地寄り) / 閾値cut_ok=0.45未満→AI適地(○)", "noshin_status": "CLEAR", "hazard_status": "CLEAR"}}, {"type": "Feature", "geometry": {"type": "Point", "coordinates": [136.49888442400004, 34.85551308700008]}, "properties": {"feature_id": "241381227", "city": "鈴鹿市", "area_sqm": 1206, "reject": 0.1754, "ai_level": "適当", "ai_symbol": "○", "confidence": 0.8246, "reason": "①青地外(農振)②ハザード外③接道④系統連系 ゲート通過済み(computeCyanLive母集団) / AI衛星判定reject score=0.1754(低いほど優良地寄り) / 閾値cut_ok=0.45未満→AI適地(○)", "noshin_status": "CLEAR", "hazard_status": "CLEAR"}}, {"type": "Feature", "geometry": {"type": "Point", "coordinates": [136.498661996, 34.856145713000046]}, "properties": {"feature_id": "241381066", "city": "鈴鹿市", "area_sqm": 1084, "reject": 0.1755, "ai_level": "適当", "ai_symbol": "○", "confidence": 0.8245, "reason": "①青地外(農振)②ハザード外③接道④系統連系 ゲート通過済み(computeCyanLive母集団) / AI衛星判定reject score=0.1755(低いほど優良地寄り) / 閾値cut_ok=0.45未満→AI適地(○)", "noshin_status": "CLEAR", "hazard_status": "CLEAR"}}, {"type": "Feature", "geometry": {"type": "Point", "coordinates": [136.50004566000007, 34.84949948800005]}, "properties": {"feature_id": "241383727", "city": "鈴鹿市", "area_sqm": 1004, "reject": 0.1755, "ai_level": "適当", "ai_symbol": "○", "confidence": 0.8245, "reason": "①青地外(農振)②ハザード外③接道④系統連系 ゲート通過済み(computeCyanLive母集団) / AI衛星判定reject score=0.1755(低いほど優良地寄り) / 閾値cut_ok=0.45未満→AI適地(○)", "noshin_status": "CLEAR", "hazard_status": "CLEAR"}}, {"type": "Feature", "geometry": {"type": "Point", "coordinates": [136.558703, 34.91746703]}, "properties": {"feature_id": "492585241", "city": "四日市市", "area_sqm": 1685, "reject": 0.1771, "ai_level": "適当", "ai_symbol": "○", "confidence": 0.8229, "reason": "①青地外(農振)②ハザード外③接道④系統連系 ゲート通過済み(computeCyanLive母集団) / AI衛星判定reject score=0.1771(低いほど優良地寄り) / 閾値cut_ok=0.45未満→AI適地(○)", "noshin_status": "CLEAR", "hazard_status": "CLEAR"}}, {"type": "Feature", "geometry": {"type": "Point", "coordinates": [136.4753629, 34.97580248]}, "properties": {"feature_id": "492648109", "city": "四日市市", "area_sqm": 1468, "reject": 0.1773, "ai_level": "適当", "ai_symbol": "○", "confidence": 0.8227, "reason": "①青地外(農振)②ハザード外③接道④系統連系 ゲート通過済み(computeCyanLive母集団) / AI衛星判定reject score=0.1773(低いほど優良地寄り) / 閾値cut_ok=0.45未満→AI適地(○)", "noshin_status": "CLEAR", "hazard_status": "CLEAR"}}, {"type": "Feature", "geometry": {"type": "Point", "coordinates": [136.49913672000002, 34.85430355900007]}, "properties": {"feature_id": "241382099", "city": "鈴鹿市", "area_sqm": 1871, "reject": 0.1776, "ai_level": "適当", "ai_symbol": "○", "confidence": 0.8224, "reason": "①青地外(農振)②ハザード外③接道④系統連系 ゲート通過済み(computeCyanLive母集団) / AI衛星判定reject score=0.1776(低いほど優良地寄り) / 閾値cut_ok=0.45未満→AI適地(○)", "noshin_status": "CLEAR", "hazard_status": "CLEAR"}}, {"type": "Feature", "geometry": {"type": "Point", "coordinates": [136.49153846, 34.96262944]}, "properties": {"feature_id": "492649115", "city": "四日市市", "area_sqm": 1438, "reject": 0.1781, "ai_level": "適当", "ai_symbol": "○", "confidence": 0.8219, "reason": "①青地外(農振)②ハザード外③接道④系統連系 ゲート通過済み(computeCyanLive母集団) / AI衛星判定reject score=0.1781(低いほど優良地寄り) / 閾値cut_ok=0.45未満→AI適地(○)", "noshin_status": "CLEAR", "hazard_status": "CLEAR"}}, {"type": "Feature", "geometry": {"type": "Point", "coordinates": [136.61805759, 35.00417262]}, "properties": {"feature_id": "492641256", "city": "四日市市", "area_sqm": 1027, "reject": 0.179, "ai_level": "適当", "ai_symbol": "○", "confidence": 0.821, "reason": "①青地外(農振)②ハザード外③接道④系統連系 ゲート通過済み(computeCyanLive母集団) / AI衛星判定reject score=0.1790(低いほど優良地寄り) / 閾値cut_ok=0.45未満→AI適地(○)", "noshin_status": "CLEAR", "hazard_status": "CLEAR"}}, {"type": "Feature", "geometry": {"type": "Point", "coordinates": [136.4743522, 34.97733288]}, "properties": {"feature_id": "492647139", "city": "四日市市", "area_sqm": 1444, "reject": 0.1804, "ai_level": "適当", "ai_symbol": "○", "confidence": 0.8196, "reason": "①青地外(農振)②ハザード外③接道④系統連系 ゲート通過済み(computeCyanLive母集団) / AI衛星判定reject score=0.1804(低いほど優良地寄り) / 閾値cut_ok=0.45未満→AI適地(○)", "noshin_status": "CLEAR", "hazard_status": "CLEAR"}}, {"type": "Feature", "geometry": {"type": "Point", "coordinates": [136.45845208700007, 34.96204602800003]}, "properties": {"feature_id": "241463007", "city": "鈴鹿市", "area_sqm": 1077, "reject": 0.1808, "ai_level": "適当", "ai_symbol": "○", "confidence": 0.8192, "reason": "①青地外(農振)②ハザード外③接道④系統連系 ゲート通過済み(computeCyanLive母集団) / AI衛星判定reject score=0.1808(低いほど優良地寄り) / 閾値cut_ok=0.45未満→AI適地(○)", "noshin_status": "CLEAR", "hazard_status": "CLEAR"}}, {"type": "Feature", "geometry": {"type": "Point", "coordinates": [136.47585992300003, 34.930421254000066]}, "properties": {"feature_id": "241474464", "city": "鈴鹿市", "area_sqm": 1333, "reject": 0.181, "ai_level": "適当", "ai_symbol": "○", "confidence": 0.819, "reason": "①青地外(農振)②ハザード外③接道④系統連系 ゲート通過済み(computeCyanLive母集団) / AI衛星判定reject score=0.1810(低いほど優良地寄り) / 閾値cut_ok=0.45未満→AI適地(○)", "noshin_status": "CLEAR", "hazard_status": "CLEAR"}}, {"type": "Feature", "geometry": {"type": "Point", "coordinates": [136.4946922590001, 34.85288533100004]}, "properties": {"feature_id": "241381109", "city": "鈴鹿市", "area_sqm": 1165, "reject": 0.1811, "ai_level": "適当", "ai_symbol": "○", "confidence": 0.8189, "reason": "①青地外(農振)②ハザード外③接道④系統連系 ゲート通過済み(computeCyanLive母集団) / AI衛星判定reject score=0.1811(低いほど優良地寄り) / 閾値cut_ok=0.45未満→AI適地(○)", "noshin_status": "CLEAR", "hazard_status": "CLEAR"}}, {"type": "Feature", "geometry": {"type": "Point", "coordinates": [136.49764375400002, 34.88332624900005]}, "properties": {"feature_id": "241392581", "city": "鈴鹿市", "area_sqm": 991, "reject": 0.1813, "ai_level": "適当", "ai_symbol": "○", "confidence": 0.8187, "reason": "①青地外(農振)②ハザード外③接道④系統連系 ゲート通過済み(computeCyanLive母集団) / AI衛星判定reject score=0.1813(低いほど優良地寄り) / 閾値cut_ok=0.45未満→AI適地(○)", "noshin_status": "CLEAR", "hazard_status": "CLEAR"}}, {"type": "Feature", "geometry": {"type": "Point", "coordinates": [136.47602989, 34.97544986]}, "properties": {"feature_id": "492648112", "city": "四日市市", "area_sqm": 1509, "reject": 0.1817, "ai_level": "適当", "ai_symbol": "○", "confidence": 0.8183, "reason": "①青地外(農振)②ハザード外③接道④系統連系 ゲート通過済み(computeCyanLive母集団) / AI衛星判定reject score=0.1817(低いほど優良地寄り) / 閾値cut_ok=0.45未満→AI適地(○)", "noshin_status": "CLEAR", "hazard_status": "CLEAR"}}, {"type": "Feature", "geometry": {"type": "Point", "coordinates": [136.38413360700008, 34.697951932000024]}, "properties": {"feature_id": "478780230", "city": "津市", "area_sqm": 1309, "reject": 0.1821, "ai_level": "適当", "ai_symbol": "○", "confidence": 0.8179, "reason": "①青地外(農振)②ハザード外③接道④系統連系 ゲート通過済み(computeCyanLive母集団) / AI衛星判定reject score=0.1821(低いほど優良地寄り) / 閾値cut_ok=0.45未満→AI適地(○)", "noshin_status": "CLEAR", "hazard_status": "CLEAR"}}, {"type": "Feature", "geometry": {"type": "Point", "coordinates": [136.47546477000003, 34.930734062000056]}, "properties": {"feature_id": "241474463", "city": "鈴鹿市", "area_sqm": 1507, "reject": 0.1825, "ai_level": "適当", "ai_symbol": "○", "confidence": 0.8175, "reason": "①青地外(農振)②ハザード外③接道④系統連系 ゲート通過済み(computeCyanLive母集団) / AI衛星判定reject score=0.1825(低いほど優良地寄り) / 閾値cut_ok=0.45未満→AI適地(○)", "noshin_status": "CLEAR", "hazard_status": "CLEAR"}}, {"type": "Feature", "geometry": {"type": "Point", "coordinates": [136.5560831, 34.99518255]}, "properties": {"feature_id": "492606923", "city": "四日市市", "area_sqm": 991, "reject": 0.1825, "ai_level": "適当", "ai_symbol": "○", "confidence": 0.8175, "reason": "①青地外(農振)②ハザード外③接道④系統連系 ゲート通過済み(computeCyanLive母集団) / AI衛星判定reject score=0.1825(低いほど優良地寄り) / 閾値cut_ok=0.45未満→AI適地(○)", "noshin_status": "CLEAR", "hazard_status": "CLEAR"}}, {"type": "Feature", "geometry": {"type": "Point", "coordinates": [136.47504000600009, 34.93051533900007]}, "properties": {"feature_id": "241474448", "city": "鈴鹿市", "area_sqm": 1811, "reject": 0.1831, "ai_level": "適当", "ai_symbol": "○", "confidence": 0.8169, "reason": "①青地外(農振)②ハザード外③接道④系統連系 ゲート通過済み(computeCyanLive母集団) / AI衛星判定reject score=0.1831(低いほど優良地寄り) / 閾値cut_ok=0.45未満→AI適地(○)", "noshin_status": "CLEAR", "hazard_status": "CLEAR"}}, {"type": "Feature", "geometry": {"type": "Point", "coordinates": [136.54497041, 35.05190586]}, "properties": {"feature_id": "492656205", "city": "四日市市", "area_sqm": 1340, "reject": 0.1833, "ai_level": "適当", "ai_symbol": "○", "confidence": 0.8167, "reason": "①青地外(農振)②ハザード外③接道④系統連系 ゲート通過済み(computeCyanLive母集団) / AI衛星判定reject score=0.1833(低いほど優良地寄り) / 閾値cut_ok=0.45未満→AI適地(○)", "noshin_status": "CLEAR", "hazard_status": "CLEAR"}}, {"type": "Feature", "geometry": {"type": "Point", "coordinates": [136.54258412, 34.94349674]}, "properties": {"feature_id": "492593560", "city": "四日市市", "area_sqm": 3219, "reject": 0.1834, "ai_level": "適当", "ai_symbol": "○", "confidence": 0.8166, "reason": "①青地外(農振)②ハザード外③接道④系統連系 ゲート通過済み(computeCyanLive母集団) / AI衛星判定reject score=0.1834(低いほど優良地寄り) / 閾値cut_ok=0.45未満→AI適地(○)", "noshin_status": "CLEAR", "hazard_status": "CLEAR"}}, {"type": "Feature", "geometry": {"type": "Point", "coordinates": [136.60351843, 35.00151539]}, "properties": {"feature_id": "492618385", "city": "四日市市", "area_sqm": 1014, "reject": 0.1834, "ai_level": "適当", "ai_symbol": "○", "confidence": 0.8166, "reason": "①青地外(農振)②ハザード外③接道④系統連系 ゲート通過済み(computeCyanLive母集団) / AI衛星判定reject score=0.1834(低いほど優良地寄り) / 閾値cut_ok=0.45未満→AI適地(○)", "noshin_status": "CLEAR", "hazard_status": "CLEAR"}}, {"type": "Feature", "geometry": {"type": "Point", "coordinates": [136.49763602200005, 34.85764254600008]}, "properties": {"feature_id": "241381649", "city": "鈴鹿市", "area_sqm": 892, "reject": 0.1836, "ai_level": "適当", "ai_symbol": "○", "confidence": 0.8164, "reason": "①青地外(農振)②ハザード外③接道④系統連系 ゲート通過済み(computeCyanLive母集団) / AI衛星判定reject score=0.1836(低いほど優良地寄り) / 閾値cut_ok=0.45未満→AI適地(○)", "noshin_status": "CLEAR", "hazard_status": "CLEAR"}}, {"type": "Feature", "geometry": {"type": "Point", "coordinates": [136.62313977, 35.00438072]}, "properties": {"feature_id": "492641182", "city": "四日市市", "area_sqm": 864, "reject": 0.1839, "ai_level": "適当", "ai_symbol": "○", "confidence": 0.8161, "reason": "①青地外(農振)②ハザード外③接道④系統連系 ゲート通過済み(computeCyanLive母集団) / AI衛星判定reject score=0.1839(低いほど優良地寄り) / 閾値cut_ok=0.45未満→AI適地(○)", "noshin_status": "CLEAR", "hazard_status": "CLEAR"}}, {"type": "Feature", "geometry": {"type": "Point", "coordinates": [136.57057103, 35.00667134]}, "properties": {"feature_id": "492625385", "city": "四日市市", "area_sqm": 1905, "reject": 0.1842, "ai_level": "適当", "ai_symbol": "○", "confidence": 0.8158, "reason": "①青地外(農振)②ハザード外③接道④系統連系 ゲート通過済み(computeCyanLive母集団) / AI衛星判定reject score=0.1842(低いほど優良地寄り) / 閾値cut_ok=0.45未満→AI適地(○)", "noshin_status": "CLEAR", "hazard_status": "CLEAR"}}, {"type": "Feature", "geometry": {"type": "Point", "coordinates": [136.55792901, 34.95068346]}, "properties": {"feature_id": "492581127", "city": "四日市市", "area_sqm": 1325, "reject": 0.1845, "ai_level": "適当", "ai_symbol": "○", "confidence": 0.8155, "reason": "①青地外(農振)②ハザード外③接道④系統連系 ゲート通過済み(computeCyanLive母集団) / AI衛星判定reject score=0.1845(低いほど優良地寄り) / 閾値cut_ok=0.45未満→AI適地(○)", "noshin_status": "CLEAR", "hazard_status": "CLEAR"}}, {"type": "Feature", "geometry": {"type": "Point", "coordinates": [136.53480683, 34.95866953]}, "properties": {"feature_id": "492581684", "city": "四日市市", "area_sqm": 6753, "reject": 0.1854, "ai_level": "適当", "ai_symbol": "○", "confidence": 0.8146, "reason": "①青地外(農振)②ハザード外③接道④系統連系 ゲート通過済み(computeCyanLive母集団) / AI衛星判定reject score=0.1854(低いほど優良地寄り) / 閾値cut_ok=0.45未満→AI適地(○)", "noshin_status": "CLEAR", "hazard_status": "CLEAR"}}, {"type": "Feature", "geometry": {"type": "Point", "coordinates": [136.55315553, 35.00821254]}, "properties": {"feature_id": "492628118", "city": "四日市市", "area_sqm": 932, "reject": 0.1856, "ai_level": "適当", "ai_symbol": "○", "confidence": 0.8144, "reason": "①青地外(農振)②ハザード外③接道④系統連系 ゲート通過済み(computeCyanLive母集団) / AI衛星判定reject score=0.1856(低いほど優良地寄り) / 閾値cut_ok=0.45未満→AI適地(○)", "noshin_status": "CLEAR", "hazard_status": "CLEAR"}}, {"type": "Feature", "geometry": {"type": "Point", "coordinates": [136.493545637, 34.82903545600004]}, "properties": {"feature_id": "241451348", "city": "鈴鹿市", "area_sqm": 2981, "reject": 0.1876, "ai_level": "適当", "ai_symbol": "○", "confidence": 0.8124, "reason": "①青地外(農振)②ハザード外③接道④系統連系 ゲート通過済み(computeCyanLive母集団) / AI衛星判定reject score=0.1876(低いほど優良地寄り) / 閾値cut_ok=0.45未満→AI適地(○)", "noshin_status": "CLEAR", "hazard_status": "CLEAR"}}, {"type": "Feature", "geometry": {"type": "Point", "coordinates": [136.47475561900012, 34.93130032700003]}, "properties": {"feature_id": "241474461", "city": "鈴鹿市", "area_sqm": 1337, "reject": 0.1876, "ai_level": "適当", "ai_symbol": "○", "confidence": 0.8124, "reason": "①青地外(農振)②ハザード外③接道④系統連系 ゲート通過済み(computeCyanLive母集団) / AI衛星判定reject score=0.1876(低いほど優良地寄り) / 閾値cut_ok=0.45未満→AI適地(○)", "noshin_status": "CLEAR", "hazard_status": "CLEAR"}}, {"type": "Feature", "geometry": {"type": "Point", "coordinates": [136.54512656, 34.951747]}, "properties": {"feature_id": "492594384", "city": "四日市市", "area_sqm": 819, "reject": 0.1883, "ai_level": "適当", "ai_symbol": "○", "confidence": 0.8117, "reason": "①青地外(農振)②ハザード外③接道④系統連系 ゲート通過済み(computeCyanLive母集団) / AI衛星判定reject score=0.1883(低いほど優良地寄り) / 閾値cut_ok=0.45未満→AI適地(○)", "noshin_status": "CLEAR", "hazard_status": "CLEAR"}}, {"type": "Feature", "geometry": {"type": "Point", "coordinates": [136.4921846100001, 34.92997492500007]}, "properties": {"feature_id": "241472765", "city": "鈴鹿市", "area_sqm": 892, "reject": 0.1889, "ai_level": "適当", "ai_symbol": "○", "confidence": 0.8111, "reason": "①青地外(農振)②ハザード外③接道④系統連系 ゲート通過済み(computeCyanLive母集団) / AI衛星判定reject score=0.1889(低いほど優良地寄り) / 閾値cut_ok=0.45未満→AI適地(○)", "noshin_status": "CLEAR", "hazard_status": "CLEAR"}}, {"type": "Feature", "geometry": {"type": "Point", "coordinates": [136.4621779900001, 34.687567079000075]}, "properties": {"feature_id": "478724181", "city": "津市", "area_sqm": 805, "reject": 0.1891, "ai_level": "適当", "ai_symbol": "○", "confidence": 0.8109, "reason": "①青地外(農振)②ハザード外③接道④系統連系 ゲート通過済み(computeCyanLive母集団) / AI衛星判定reject score=0.1891(低いほど優良地寄り) / 閾値cut_ok=0.45未満→AI適地(○)", "noshin_status": "CLEAR", "hazard_status": "CLEAR"}}, {"type": "Feature", "geometry": {"type": "Point", "coordinates": [136.49940769300008, 34.856897186000026]}, "properties": {"feature_id": "241381663", "city": "鈴鹿市", "area_sqm": 1488, "reject": 0.1892, "ai_level": "適当", "ai_symbol": "○", "confidence": 0.8108, "reason": "①青地外(農振)②ハザード外③接道④系統連系 ゲート通過済み(computeCyanLive母集団) / AI衛星判定reject score=0.1892(低いほど優良地寄り) / 閾値cut_ok=0.45未満→AI適地(○)", "noshin_status": "CLEAR", "hazard_status": "CLEAR"}}, {"type": "Feature", "geometry": {"type": "Point", "coordinates": [136.59271818, 34.91373295]}, "properties": {"feature_id": "492644635", "city": "四日市市", "area_sqm": 1559, "reject": 0.1893, "ai_level": "適当", "ai_symbol": "○", "confidence": 0.8107, "reason": "①青地外(農振)②ハザード外③接道④系統連系 ゲート通過済み(computeCyanLive母集団) / AI衛星判定reject score=0.1893(低いほど優良地寄り) / 閾値cut_ok=0.45未満→AI適地(○)", "noshin_status": "CLEAR", "hazard_status": "CLEAR"}}, {"type": "Feature", "geometry": {"type": "Point", "coordinates": [136.47526281, 34.97815395]}, "properties": {"feature_id": "492647170", "city": "四日市市", "area_sqm": 998, "reject": 0.1893, "ai_level": "適当", "ai_symbol": "○", "confidence": 0.8107, "reason": "①青地外(農振)②ハザード外③接道④系統連系 ゲート通過済み(computeCyanLive母集団) / AI衛星判定reject score=0.1893(低いほど優良地寄り) / 閾値cut_ok=0.45未満→AI適地(○)", "noshin_status": "CLEAR", "hazard_status": "CLEAR"}}, {"type": "Feature", "geometry": {"type": "Point", "coordinates": [136.47881734700002, 34.91211360900007]}, "properties": {"feature_id": "241478754", "city": "鈴鹿市", "area_sqm": 1013, "reject": 0.1897, "ai_level": "適当", "ai_symbol": "○", "confidence": 0.8103, "reason": "①青地外(農振)②ハザード外③接道④系統連系 ゲート通過済み(computeCyanLive母集団) / AI衛星判定reject score=0.1897(低いほど優良地寄り) / 閾値cut_ok=0.45未満→AI適地(○)", "noshin_status": "CLEAR", "hazard_status": "CLEAR"}}, {"type": "Feature", "geometry": {"type": "Point", "coordinates": [136.49264977100006, 34.85075017200006]}, "properties": {"feature_id": "241383559", "city": "鈴鹿市", "area_sqm": 1094, "reject": 0.1899, "ai_level": "適当", "ai_symbol": "○", "confidence": 0.8101, "reason": "①青地外(農振)②ハザード外③接道④系統連系 ゲート通過済み(computeCyanLive母集団) / AI衛星判定reject score=0.1899(低いほど優良地寄り) / 閾値cut_ok=0.45未満→AI適地(○)", "noshin_status": "CLEAR", "hazard_status": "CLEAR"}}, {"type": "Feature", "geometry": {"type": "Point", "coordinates": [136.49916058600002, 34.854001905000075]}, "properties": {"feature_id": "241382098", "city": "鈴鹿市", "area_sqm": 903, "reject": 0.1899, "ai_level": "適当", "ai_symbol": "○", "confidence": 0.8101, "reason": "①青地外(農振)②ハザード外③接道④系統連系 ゲート通過済み(computeCyanLive母集団) / AI衛星判定reject score=0.1899(低いほど優良地寄り) / 閾値cut_ok=0.45未満→AI適地(○)", "noshin_status": "CLEAR", "hazard_status": "CLEAR"}}, {"type": "Feature", "geometry": {"type": "Point", "coordinates": [136.57173283, 35.00759722]}, "properties": {"feature_id": "492625374", "city": "四日市市", "area_sqm": 1209, "reject": 0.19, "ai_level": "適当", "ai_symbol": "○", "confidence": 0.81, "reason": "①青地外(農振)②ハザード外③接道④系統連系 ゲート通過済み(computeCyanLive母集団) / AI衛星判定reject score=0.1900(低いほど優良地寄り) / 閾値cut_ok=0.45未満→AI適地(○)", "noshin_status": "CLEAR", "hazard_status": "CLEAR"}}, {"type": "Feature", "geometry": {"type": "Point", "coordinates": [136.55747415, 35.00576861]}, "properties": {"feature_id": "492626995", "city": "四日市市", "area_sqm": 991, "reject": 0.1903, "ai_level": "適当", "ai_symbol": "○", "confidence": 0.8097, "reason": "①青地外(農振)②ハザード外③接道④系統連系 ゲート通過済み(computeCyanLive母集団) / AI衛星判定reject score=0.1903(低いほど優良地寄り) / 閾値cut_ok=0.45未満→AI適地(○)", "noshin_status": "CLEAR", "hazard_status": "CLEAR"}}, {"type": "Feature", "geometry": {"type": "Point", "coordinates": [136.4905581600001, 34.930855508000036]}, "properties": {"feature_id": "241472747", "city": "鈴鹿市", "area_sqm": 5098, "reject": 0.1904, "ai_level": "適当", "ai_symbol": "○", "confidence": 0.8096, "reason": "①青地外(農振)②ハザード外③接道④系統連系 ゲート通過済み(computeCyanLive母集団) / AI衛星判定reject score=0.1904(低いほど優良地寄り) / 閾値cut_ok=0.45未満→AI適地(○)", "noshin_status": "CLEAR", "hazard_status": "CLEAR"}}, {"type": "Feature", "geometry": {"type": "Point", "coordinates": [136.57046437, 35.03372489]}, "properties": {"feature_id": "492624930", "city": "四日市市", "area_sqm": 944, "reject": 0.191, "ai_level": "適当", "ai_symbol": "○", "confidence": 0.809, "reason": "①青地外(農振)②ハザード外③接道④系統連系 ゲート通過済み(computeCyanLive母集団) / AI衛星判定reject score=0.1910(低いほど優良地寄り) / 閾値cut_ok=0.45未満→AI適地(○)", "noshin_status": "CLEAR", "hazard_status": "CLEAR"}}, {"type": "Feature", "geometry": {"type": "Point", "coordinates": [136.4981905850001, 34.85552773100005]}, "properties": {"feature_id": "241381220", "city": "鈴鹿市", "area_sqm": 1064, "reject": 0.1918, "ai_level": "適当", "ai_symbol": "○", "confidence": 0.8082, "reason": "①青地外(農振)②ハザード外③接道④系統連系 ゲート通過済み(computeCyanLive母集団) / AI衛星判定reject score=0.1918(低いほど優良地寄り) / 閾値cut_ok=0.45未満→AI適地(○)", "noshin_status": "CLEAR", "hazard_status": "CLEAR"}}, {"type": "Feature", "geometry": {"type": "Point", "coordinates": [136.61951457, 35.00341833]}, "properties": {"feature_id": "492641231", "city": "四日市市", "area_sqm": 1034, "reject": 0.1923, "ai_level": "適当", "ai_symbol": "○", "confidence": 0.8077, "reason": "①青地外(農振)②ハザード外③接道④系統連系 ゲート通過済み(computeCyanLive母集団) / AI衛星判定reject score=0.1923(低いほど優良地寄り) / 閾値cut_ok=0.45未満→AI適地(○)", "noshin_status": "CLEAR", "hazard_status": "CLEAR"}}, {"type": "Feature", "geometry": {"type": "Point", "coordinates": [136.55500716, 35.04029086]}, "properties": {"feature_id": "492653587", "city": "四日市市", "area_sqm": 1048, "reject": 0.1924, "ai_level": "適当", "ai_symbol": "○", "confidence": 0.8076, "reason": "①青地外(農振)②ハザード外③接道④系統連系 ゲート通過済み(computeCyanLive母集団) / AI衛星判定reject score=0.1924(低いほど優良地寄り) / 閾値cut_ok=0.45未満→AI適地(○)", "noshin_status": "CLEAR", "hazard_status": "CLEAR"}}, {"type": "Feature", "geometry": {"type": "Point", "coordinates": [136.50135611, 34.97245012]}, "properties": {"feature_id": "492650013", "city": "四日市市", "area_sqm": 831, "reject": 0.1925, "ai_level": "適当", "ai_symbol": "○", "confidence": 0.8075, "reason": "①青地外(農振)②ハザード外③接道④系統連系 ゲート通過済み(computeCyanLive母集団) / AI衛星判定reject score=0.1925(低いほど優良地寄り) / 閾値cut_ok=0.45未満→AI適地(○)", "noshin_status": "CLEAR", "hazard_status": "CLEAR"}}, {"type": "Feature", "geometry": {"type": "Point", "coordinates": [136.47762687, 34.97698628]}, "properties": {"feature_id": "492648094", "city": "四日市市", "area_sqm": 1353, "reject": 0.1926, "ai_level": "適当", "ai_symbol": "○", "confidence": 0.8074, "reason": "①青地外(農振)②ハザード外③接道④系統連系 ゲート通過済み(computeCyanLive母集団) / AI衛星判定reject score=0.1926(低いほど優良地寄り) / 閾値cut_ok=0.45未満→AI適地(○)", "noshin_status": "CLEAR", "hazard_status": "CLEAR"}}, {"type": "Feature", "geometry": {"type": "Point", "coordinates": [136.493441694, 34.85186915600008]}, "properties": {"feature_id": "241381015", "city": "鈴鹿市", "area_sqm": 1404, "reject": 0.193, "ai_level": "適当", "ai_symbol": "○", "confidence": 0.807, "reason": "①青地外(農振)②ハザード外③接道④系統連系 ゲート通過済み(computeCyanLive母集団) / AI衛星判定reject score=0.1930(低いほど優良地寄り) / 閾値cut_ok=0.45未満→AI適地(○)", "noshin_status": "CLEAR", "hazard_status": "CLEAR"}}, {"type": "Feature", "geometry": {"type": "Point", "coordinates": [136.54658290200007, 34.921529785000075]}, "properties": {"feature_id": "241459140", "city": "鈴鹿市", "area_sqm": 1071, "reject": 0.1931, "ai_level": "適当", "ai_symbol": "○", "confidence": 0.8069, "reason": "①青地外(農振)②ハザード外③接道④系統連系 ゲート通過済み(computeCyanLive母集団) / AI衛星判定reject score=0.1931(低いほど優良地寄り) / 閾値cut_ok=0.45未満→AI適地(○)", "noshin_status": "CLEAR", "hazard_status": "CLEAR"}}, {"type": "Feature", "geometry": {"type": "Point", "coordinates": [136.46881274700002, 34.912343700000065]}, "properties": {"feature_id": "241477221", "city": "鈴鹿市", "area_sqm": 806, "reject": 0.194, "ai_level": "適当", "ai_symbol": "○", "confidence": 0.806, "reason": "①青地外(農振)②ハザード外③接道④系統連系 ゲート通過済み(computeCyanLive母集団) / AI衛星判定reject score=0.1940(低いほど優良地寄り) / 閾値cut_ok=0.45未満→AI適地(○)", "noshin_status": "CLEAR", "hazard_status": "CLEAR"}}, {"type": "Feature", "geometry": {"type": "Point", "coordinates": [136.49742277300004, 34.85677950000007]}, "properties": {"feature_id": "241381081", "city": "鈴鹿市", "area_sqm": 991, "reject": 0.1945, "ai_level": "適当", "ai_symbol": "○", "confidence": 0.8055, "reason": "①青地外(農振)②ハザード外③接道④系統連系 ゲート通過済み(computeCyanLive母集団) / AI衛星判定reject score=0.1945(低いほど優良地寄り) / 閾値cut_ok=0.45未満→AI適地(○)", "noshin_status": "CLEAR", "hazard_status": "CLEAR"}}, {"type": "Feature", "geometry": {"type": "Point", "coordinates": [136.5005952450001, 34.85368808100003]}, "properties": {"feature_id": "241382123", "city": "鈴鹿市", "area_sqm": 2003, "reject": 0.1955, "ai_level": "適当", "ai_symbol": "○", "confidence": 0.8045, "reason": "①青地外(農振)②ハザード外③接道④系統連系 ゲート通過済み(computeCyanLive母集団) / AI衛星判定reject score=0.1955(低いほど優良地寄り) / 閾値cut_ok=0.45未満→AI適地(○)", "noshin_status": "CLEAR", "hazard_status": "CLEAR"}}, {"type": "Feature", "geometry": {"type": "Point", "coordinates": [136.548342491, 34.917847785]}, "properties": {"feature_id": "241459182", "city": "鈴鹿市", "area_sqm": 842, "reject": 0.1956, "ai_level": "適当", "ai_symbol": "○", "confidence": 0.8044, "reason": "①青地外(農振)②ハザード外③接道④系統連系 ゲート通過済み(computeCyanLive母集団) / AI衛星判定reject score=0.1956(低いほど優良地寄り) / 閾値cut_ok=0.45未満→AI適地(○)", "noshin_status": "CLEAR", "hazard_status": "CLEAR"}}, {"type": "Feature", "geometry": {"type": "Point", "coordinates": [136.51319981000006, 34.80167247300005]}, "properties": {"feature_id": "478798189", "city": "津市", "area_sqm": 2294, "reject": 0.1958, "ai_level": "適当", "ai_symbol": "○", "confidence": 0.8042, "reason": "①青地外(農振)②ハザード外③接道④系統連系 ゲート通過済み(computeCyanLive母集団) / AI衛星判定reject score=0.1958(低いほど優良地寄り) / 閾値cut_ok=0.45未満→AI適地(○)", "noshin_status": "CLEAR", "hazard_status": "CLEAR"}}, {"type": "Feature", "geometry": {"type": "Point", "coordinates": [136.6083498600001, 34.43354049800007]}, "properties": {"feature_id": "242590674", "city": "度会町", "area_sqm": 1011, "reject": 0.1961, "ai_level": "適当", "ai_symbol": "○", "confidence": 0.8039, "reason": "①青地外(農振)②ハザード外③接道④系統連系 ゲート通過済み(computeCyanLive母集団) / AI衛星判定reject score=0.1961(低いほど優良地寄り) / 閾値cut_ok=0.45未満→AI適地(○)", "noshin_status": "CLEAR", "hazard_status": "CLEAR"}}, {"type": "Feature", "geometry": {"type": "Point", "coordinates": [136.46206847700012, 34.68905761900004]}, "properties": {"feature_id": "478754135", "city": "津市", "area_sqm": 1449, "reject": 0.1964, "ai_level": "適当", "ai_symbol": "○", "confidence": 0.8036, "reason": "①青地外(農振)②ハザード外③接道④系統連系 ゲート通過済み(computeCyanLive母集団) / AI衛星判定reject score=0.1964(低いほど優良地寄り) / 閾値cut_ok=0.45未満→AI適地(○)", "noshin_status": "CLEAR", "hazard_status": "CLEAR"}}, {"type": "Feature", "geometry": {"type": "Point", "coordinates": [136.53932575, 35.05069771]}, "properties": {"feature_id": "492656374", "city": "四日市市", "area_sqm": 5104, "reject": 0.197, "ai_level": "適当", "ai_symbol": "○", "confidence": 0.803, "reason": "①青地外(農振)②ハザード外③接道④系統連系 ゲート通過済み(computeCyanLive母集団) / AI衛星判定reject score=0.1970(低いほど優良地寄り) / 閾値cut_ok=0.45未満→AI適地(○)", "noshin_status": "CLEAR", "hazard_status": "CLEAR"}}, {"type": "Feature", "geometry": {"type": "Point", "coordinates": [136.4928338520001, 34.85533748200004]}, "properties": {"feature_id": "241381053", "city": "鈴鹿市", "area_sqm": 2608, "reject": 0.1971, "ai_level": "適当", "ai_symbol": "○", "confidence": 0.8029, "reason": "①青地外(農振)②ハザード外③接道④系統連系 ゲート通過済み(computeCyanLive母集団) / AI衛星判定reject score=0.1971(低いほど優良地寄り) / 閾値cut_ok=0.45未満→AI適地(○)", "noshin_status": "CLEAR", "hazard_status": "CLEAR"}}, {"type": "Feature", "geometry": {"type": "Point", "coordinates": [136.49897205900004, 34.85226981200003]}, "properties": {"feature_id": "241383446", "city": "鈴鹿市", "area_sqm": 2307, "reject": 0.1971, "ai_level": "適当", "ai_symbol": "○", "confidence": 0.8029, "reason": "①青地外(農振)②ハザード外③接道④系統連系 ゲート通過済み(computeCyanLive母集団) / AI衛星判定reject score=0.1971(低いほど優良地寄り) / 閾値cut_ok=0.45未満→AI適地(○)", "noshin_status": "CLEAR", "hazard_status": "CLEAR"}}, {"type": "Feature", "geometry": {"type": "Point", "coordinates": [136.47610236, 34.97480224]}, "properties": {"feature_id": "492647090", "city": "四日市市", "area_sqm": 2049, "reject": 0.1973, "ai_level": "適当", "ai_symbol": "○", "confidence": 0.8027, "reason": "①青地外(農振)②ハザード外③接道④系統連系 ゲート通過済み(computeCyanLive母集団) / AI衛星判定reject score=0.1973(低いほど優良地寄り) / 閾値cut_ok=0.45未満→AI適地(○)", "noshin_status": "CLEAR", "hazard_status": "CLEAR"}}, {"type": "Feature", "geometry": {"type": "Point", "coordinates": [136.49320717600006, 34.85107681000005]}, "properties": {"feature_id": "241381033", "city": "鈴鹿市", "area_sqm": 953, "reject": 0.1976, "ai_level": "適当", "ai_symbol": "○", "confidence": 0.8024, "reason": "①青地外(農振)②ハザード外③接道④系統連系 ゲート通過済み(computeCyanLive母集団) / AI衛星判定reject score=0.1976(低いほど優良地寄り) / 閾値cut_ok=0.45未満→AI適地(○)", "noshin_status": "CLEAR", "hazard_status": "CLEAR"}}, {"type": "Feature", "geometry": {"type": "Point", "coordinates": [136.49131215, 34.9628953]}, "properties": {"feature_id": "492649118", "city": "四日市市", "area_sqm": 2135, "reject": 0.1984, "ai_level": "適当", "ai_symbol": "○", "confidence": 0.8016, "reason": "①青地外(農振)②ハザード外③接道④系統連系 ゲート通過済み(computeCyanLive母集団) / AI衛星判定reject score=0.1984(低いほど優良地寄り) / 閾値cut_ok=0.45未満→AI適地(○)", "noshin_status": "CLEAR", "hazard_status": "CLEAR"}}, {"type": "Feature", "geometry": {"type": "Point", "coordinates": [136.49001616100009, 34.93226856200005]}, "properties": {"feature_id": "241472904", "city": "鈴鹿市", "area_sqm": 1276, "reject": 0.1985, "ai_level": "適当", "ai_symbol": "○", "confidence": 0.8015, "reason": "①青地外(農振)②ハザード外③接道④系統連系 ゲート通過済み(computeCyanLive母集団) / AI衛星判定reject score=0.1985(低いほど優良地寄り) / 閾値cut_ok=0.45未満→AI適地(○)", "noshin_status": "CLEAR", "hazard_status": "CLEAR"}}, {"type": "Feature", "geometry": {"type": "Point", "coordinates": [136.5902128, 34.99864881]}, "properties": {"feature_id": "492622793", "city": "四日市市", "area_sqm": 1021, "reject": 0.1985, "ai_level": "適当", "ai_symbol": "○", "confidence": 0.8015, "reason": "①青地外(農振)②ハザード外③接道④系統連系 ゲート通過済み(computeCyanLive母集団) / AI衛星判定reject score=0.1985(低いほど優良地寄り) / 閾値cut_ok=0.45未満→AI適地(○)", "noshin_status": "CLEAR", "hazard_status": "CLEAR"}}, {"type": "Feature", "geometry": {"type": "Point", "coordinates": [136.49829715400006, 34.854141552000044]}, "properties": {"feature_id": "241381196", "city": "鈴鹿市", "area_sqm": 1619, "reject": 0.1992, "ai_level": "適当", "ai_symbol": "○", "confidence": 0.8008, "reason": "①青地外(農振)②ハザード外③接道④系統連系 ゲート通過済み(computeCyanLive母集団) / AI衛星判定reject score=0.1992(低いほど優良地寄り) / 閾値cut_ok=0.45未満→AI適地(○)", "noshin_status": "CLEAR", "hazard_status": "CLEAR"}}, {"type": "Feature", "geometry": {"type": "Point", "coordinates": [136.497568359, 34.88281476]}, "properties": {"feature_id": "241392587", "city": "鈴鹿市", "area_sqm": 991, "reject": 0.1994, "ai_level": "適当", "ai_symbol": "○", "confidence": 0.8006, "reason": "①青地外(農振)②ハザード外③接道④系統連系 ゲート通過済み(computeCyanLive母集団) / AI衛星判定reject score=0.1994(低いほど優良地寄り) / 閾値cut_ok=0.45未満→AI適地(○)", "noshin_status": "CLEAR", "hazard_status": "CLEAR"}}, {"type": "Feature", "geometry": {"type": "Point", "coordinates": [136.51817894, 34.98910547]}, "properties": {"feature_id": "492615884", "city": "四日市市", "area_sqm": 821, "reject": 0.1994, "ai_level": "適当", "ai_symbol": "○", "confidence": 0.8006, "reason": "①青地外(農振)②ハザード外③接道④系統連系 ゲート通過済み(computeCyanLive母集団) / AI衛星判定reject score=0.1994(低いほど優良地寄り) / 閾値cut_ok=0.45未満→AI適地(○)", "noshin_status": "CLEAR", "hazard_status": "CLEAR"}}, {"type": "Feature", "geometry": {"type": "Point", "coordinates": [136.56198268, 34.93528069]}, "properties": {"feature_id": "492582464", "city": "四日市市", "area_sqm": 1127, "reject": 0.1996, "ai_level": "適当", "ai_symbol": "○", "confidence": 0.8004, "reason": "①青地外(農振)②ハザード外③接道④系統連系 ゲート通過済み(computeCyanLive母集団) / AI衛星判定reject score=0.1996(低いほど優良地寄り) / 閾値cut_ok=0.45未満→AI適地(○)", "noshin_status": "CLEAR", "hazard_status": "CLEAR"}}, {"type": "Feature", "geometry": {"type": "Point", "coordinates": [136.55877895, 35.00700838]}, "properties": {"feature_id": "492626980", "city": "四日市市", "area_sqm": 986, "reject": 0.2005, "ai_level": "適当", "ai_symbol": "○", "confidence": 0.7995, "reason": "①青地外(農振)②ハザード外③接道④系統連系 ゲート通過済み(computeCyanLive母集団) / AI衛星判定reject score=0.2005(低いほど優良地寄り) / 閾値cut_ok=0.45未満→AI適地(○)", "noshin_status": "CLEAR", "hazard_status": "CLEAR"}}, {"type": "Feature", "geometry": {"type": "Point", "coordinates": [136.54729545, 35.04440798]}, "properties": {"feature_id": "492653370", "city": "四日市市", "area_sqm": 968, "reject": 0.2012, "ai_level": "適当", "ai_symbol": "○", "confidence": 0.7988, "reason": "①青地外(農振)②ハザード外③接道④系統連系 ゲート通過済み(computeCyanLive母集団) / AI衛星判定reject score=0.2012(低いほど優良地寄り) / 閾値cut_ok=0.45未満→AI適地(○)", "noshin_status": "CLEAR", "hazard_status": "CLEAR"}}, {"type": "Feature", "geometry": {"type": "Point", "coordinates": [136.51670292000006, 34.89266566400005]}, "properties": {"feature_id": "241389567", "city": "鈴鹿市", "area_sqm": 955, "reject": 0.2018, "ai_level": "適当", "ai_symbol": "○", "confidence": 0.7982, "reason": "①青地外(農振)②ハザード外③接道④系統連系 ゲート通過済み(computeCyanLive母集団) / AI衛星判定reject score=0.2018(低いほど優良地寄り) / 閾値cut_ok=0.45未満→AI適地(○)", "noshin_status": "CLEAR", "hazard_status": "CLEAR"}}, {"type": "Feature", "geometry": {"type": "Point", "coordinates": [136.56239212, 34.9930137]}, "properties": {"feature_id": "492608240", "city": "四日市市", "area_sqm": 2071, "reject": 0.2023, "ai_level": "適当", "ai_symbol": "○", "confidence": 0.7977, "reason": "①青地外(農振)②ハザード外③接道④系統連系 ゲート通過済み(computeCyanLive母集団) / AI衛星判定reject score=0.2023(低いほど優良地寄り) / 閾値cut_ok=0.45未満→AI適地(○)", "noshin_status": "CLEAR", "hazard_status": "CLEAR"}}, {"type": "Feature", "geometry": {"type": "Point", "coordinates": [136.462544008, 34.96795019700005]}, "properties": {"feature_id": "241464684", "city": "鈴鹿市", "area_sqm": 919, "reject": 0.2025, "ai_level": "適当", "ai_symbol": "○", "confidence": 0.7975, "reason": "①青地外(農振)②ハザード外③接道④系統連系 ゲート通過済み(computeCyanLive母集団) / AI衛星判定reject score=0.2025(低いほど優良地寄り) / 閾値cut_ok=0.45未満→AI適地(○)", "noshin_status": "CLEAR", "hazard_status": "CLEAR"}}, {"type": "Feature", "geometry": {"type": "Point", "coordinates": [136.554246801, 34.9151085980001]}, "properties": {"feature_id": "241459248", "city": "鈴鹿市", "area_sqm": 1444, "reject": 0.2039, "ai_level": "適当", "ai_symbol": "○", "confidence": 0.7961, "reason": "①青地外(農振)②ハザード外③接道④系統連系 ゲート通過済み(computeCyanLive母集団) / AI衛星判定reject score=0.2039(低いほど優良地寄り) / 閾値cut_ok=0.45未満→AI適地(○)", "noshin_status": "CLEAR", "hazard_status": "CLEAR"}}, {"type": "Feature", "geometry": {"type": "Point", "coordinates": [136.6245957420001, 34.43456986700005]}, "properties": {"feature_id": "242586312", "city": "度会町", "area_sqm": 1044, "reject": 0.2047, "ai_level": "適当", "ai_symbol": "○", "confidence": 0.7953, "reason": "①青地外(農振)②ハザード外③接道④系統連系 ゲート通過済み(computeCyanLive母集団) / AI衛星判定reject score=0.2047(低いほど優良地寄り) / 閾値cut_ok=0.45未満→AI適地(○)", "noshin_status": "CLEAR", "hazard_status": "CLEAR"}}, {"type": "Feature", "geometry": {"type": "Point", "coordinates": [136.49750028800008, 34.85240857600007]}, "properties": {"feature_id": "241383510", "city": "鈴鹿市", "area_sqm": 983, "reject": 0.2049, "ai_level": "適当", "ai_symbol": "○", "confidence": 0.7951, "reason": "①青地外(農振)②ハザード外③接道④系統連系 ゲート通過済み(computeCyanLive母集団) / AI衛星判定reject score=0.2049(低いほど優良地寄り) / 閾値cut_ok=0.45未満→AI適地(○)", "noshin_status": "CLEAR", "hazard_status": "CLEAR"}}, {"type": "Feature", "geometry": {"type": "Point", "coordinates": [136.55965506, 34.99877609]}, "properties": {"feature_id": "492607052", "city": "四日市市", "area_sqm": 991, "reject": 0.2052, "ai_level": "適当", "ai_symbol": "○", "confidence": 0.7948, "reason": "①青地外(農振)②ハザード外③接道④系統連系 ゲート通過済み(computeCyanLive母集団) / AI衛星判定reject score=0.2052(低いほど優良地寄り) / 閾値cut_ok=0.45未満→AI適地(○)", "noshin_status": "CLEAR", "hazard_status": "CLEAR"}}, {"type": "Feature", "geometry": {"type": "Point", "coordinates": [136.47689011, 34.97307551]}, "properties": {"feature_id": "492648532", "city": "四日市市", "area_sqm": 1560, "reject": 0.2055, "ai_level": "適当", "ai_symbol": "○", "confidence": 0.7945, "reason": "①青地外(農振)②ハザード外③接道④系統連系 ゲート通過済み(computeCyanLive母集団) / AI衛星判定reject score=0.2055(低いほど優良地寄り) / 閾値cut_ok=0.45未満→AI適地(○)", "noshin_status": "CLEAR", "hazard_status": "CLEAR"}}, {"type": "Feature", "geometry": {"type": "Point", "coordinates": [136.45735602800005, 34.963737792000074]}, "properties": {"feature_id": "241463233", "city": "鈴鹿市", "area_sqm": 1395, "reject": 0.2057, "ai_level": "適当", "ai_symbol": "○", "confidence": 0.7943, "reason": "①青地外(農振)②ハザード外③接道④系統連系 ゲート通過済み(computeCyanLive母集団) / AI衛星判定reject score=0.2057(低いほど優良地寄り) / 閾値cut_ok=0.45未満→AI適地(○)", "noshin_status": "CLEAR", "hazard_status": "CLEAR"}}, {"type": "Feature", "geometry": {"type": "Point", "coordinates": [136.55223446, 34.9205833]}, "properties": {"feature_id": "492585718", "city": "四日市市", "area_sqm": 1018, "reject": 0.2057, "ai_level": "適当", "ai_symbol": "○", "confidence": 0.7943, "reason": "①青地外(農振)②ハザード外③接道④系統連系 ゲート通過済み(computeCyanLive母集団) / AI衛星判定reject score=0.2057(低いほど優良地寄り) / 閾値cut_ok=0.45未満→AI適地(○)", "noshin_status": "CLEAR", "hazard_status": "CLEAR"}}, {"type": "Feature", "geometry": {"type": "Point", "coordinates": [136.5653866, 34.95535838]}, "properties": {"feature_id": "492580506", "city": "四日市市", "area_sqm": 919, "reject": 0.2059, "ai_level": "適当", "ai_symbol": "○", "confidence": 0.7941, "reason": "①青地外(農振)②ハザード外③接道④系統連系 ゲート通過済み(computeCyanLive母集団) / AI衛星判定reject score=0.2059(低いほど優良地寄り) / 閾値cut_ok=0.45未満→AI適地(○)", "noshin_status": "CLEAR", "hazard_status": "CLEAR"}}, {"type": "Feature", "geometry": {"type": "Point", "coordinates": [136.49651298000003, 34.883925497000064]}, "properties": {"feature_id": "241392531", "city": "鈴鹿市", "area_sqm": 849, "reject": 0.2085, "ai_level": "適当", "ai_symbol": "○", "confidence": 0.7915, "reason": "①青地外(農振)②ハザード外③接道④系統連系 ゲート通過済み(computeCyanLive母集団) / AI衛星判定reject score=0.2085(低いほど優良地寄り) / 閾値cut_ok=0.45未満→AI適地(○)", "noshin_status": "CLEAR", "hazard_status": "CLEAR"}}, {"type": "Feature", "geometry": {"type": "Point", "coordinates": [136.4982325950001, 34.85348063300006]}, "properties": {"feature_id": "241381307", "city": "鈴鹿市", "area_sqm": 997, "reject": 0.2088, "ai_level": "適当", "ai_symbol": "○", "confidence": 0.7912, "reason": "①青地外(農振)②ハザード外③接道④系統連系 ゲート通過済み(computeCyanLive母集団) / AI衛星判定reject score=0.2088(低いほど優良地寄り) / 閾値cut_ok=0.45未満→AI適地(○)", "noshin_status": "CLEAR", "hazard_status": "CLEAR"}}, {"type": "Feature", "geometry": {"type": "Point", "coordinates": [136.4917681600001, 34.83033889300003]}, "properties": {"feature_id": "241451261", "city": "鈴鹿市", "area_sqm": 1629, "reject": 0.2091, "ai_level": "適当", "ai_symbol": "○", "confidence": 0.7909, "reason": "①青地外(農振)②ハザード外③接道④系統連系 ゲート通過済み(computeCyanLive母集団) / AI衛星判定reject score=0.2091(低いほど優良地寄り) / 閾値cut_ok=0.45未満→AI適地(○)", "noshin_status": "CLEAR", "hazard_status": "CLEAR"}}, {"type": "Feature", "geometry": {"type": "Point", "coordinates": [136.54199622, 34.98937225]}, "properties": {"feature_id": "492613356", "city": "四日市市", "area_sqm": 1812, "reject": 0.2094, "ai_level": "適当", "ai_symbol": "○", "confidence": 0.7906, "reason": "①青地外(農振)②ハザード外③接道④系統連系 ゲート通過済み(computeCyanLive母集団) / AI衛星判定reject score=0.2094(低いほど優良地寄り) / 閾値cut_ok=0.45未満→AI適地(○)", "noshin_status": "CLEAR", "hazard_status": "CLEAR"}}, {"type": "Feature", "geometry": {"type": "Point", "coordinates": [136.47546467, 34.97856115]}, "properties": {"feature_id": "492647173", "city": "四日市市", "area_sqm": 971, "reject": 0.2094, "ai_level": "適当", "ai_symbol": "○", "confidence": 0.7906, "reason": "①青地外(農振)②ハザード外③接道④系統連系 ゲート通過済み(computeCyanLive母集団) / AI衛星判定reject score=0.2094(低いほど優良地寄り) / 閾値cut_ok=0.45未満→AI適地(○)", "noshin_status": "CLEAR", "hazard_status": "CLEAR"}}, {"type": "Feature", "geometry": {"type": "Point", "coordinates": [136.46073427300007, 34.95913717500002]}, "properties": {"feature_id": "241462925", "city": "鈴鹿市", "area_sqm": 1205, "reject": 0.2106, "ai_level": "適当", "ai_symbol": "○", "confidence": 0.7894, "reason": "①青地外(農振)②ハザード外③接道④系統連系 ゲート通過済み(computeCyanLive母集団) / AI衛星判定reject score=0.2106(低いほど優良地寄り) / 閾値cut_ok=0.45未満→AI適地(○)", "noshin_status": "CLEAR", "hazard_status": "CLEAR"}}, {"type": "Feature", "geometry": {"type": "Point", "coordinates": [136.60348858, 35.00305093]}, "properties": {"feature_id": "492618248", "city": "四日市市", "area_sqm": 1080, "reject": 0.2109, "ai_level": "適当", "ai_symbol": "○", "confidence": 0.7891, "reason": "①青地外(農振)②ハザード外③接道④系統連系 ゲート通過済み(computeCyanLive母集団) / AI衛星判定reject score=0.2109(低いほど優良地寄り) / 閾値cut_ok=0.45未満→AI適地(○)", "noshin_status": "CLEAR", "hazard_status": "CLEAR"}}, {"type": "Feature", "geometry": {"type": "Point", "coordinates": [136.51270688900001, 34.86497297500006]}, "properties": {"feature_id": "241385124", "city": "鈴鹿市", "area_sqm": 2145, "reject": 0.2111, "ai_level": "適当", "ai_symbol": "○", "confidence": 0.7889, "reason": "①青地外(農振)②ハザード外③接道④系統連系 ゲート通過済み(computeCyanLive母集団) / AI衛星判定reject score=0.2111(低いほど優良地寄り) / 閾値cut_ok=0.45未満→AI適地(○)", "noshin_status": "CLEAR", "hazard_status": "CLEAR"}}, {"type": "Feature", "geometry": {"type": "Point", "coordinates": [136.57285177, 35.00492932]}, "properties": {"feature_id": "492625364", "city": "四日市市", "area_sqm": 1061, "reject": 0.2113, "ai_level": "適当", "ai_symbol": "○", "confidence": 0.7887, "reason": "①青地外(農振)②ハザード外③接道④系統連系 ゲート通過済み(computeCyanLive母集団) / AI衛星判定reject score=0.2113(低いほど優良地寄り) / 閾値cut_ok=0.45未満→AI適地(○)", "noshin_status": "CLEAR", "hazard_status": "CLEAR"}}, {"type": "Feature", "geometry": {"type": "Point", "coordinates": [136.460271325, 34.959499699]}, "properties": {"feature_id": "241462929", "city": "鈴鹿市", "area_sqm": 1137, "reject": 0.2117, "ai_level": "適当", "ai_symbol": "○", "confidence": 0.7883, "reason": "①青地外(農振)②ハザード外③接道④系統連系 ゲート通過済み(computeCyanLive母集団) / AI衛星判定reject score=0.2117(低いほど優良地寄り) / 閾値cut_ok=0.45未満→AI適地(○)", "noshin_status": "CLEAR", "hazard_status": "CLEAR"}}, {"type": "Feature", "geometry": {"type": "Point", "coordinates": [136.56048454, 35.01913781]}, "properties": {"feature_id": "492624401", "city": "四日市市", "area_sqm": 908, "reject": 0.2134, "ai_level": "適当", "ai_symbol": "○", "confidence": 0.7866, "reason": "①青地外(農振)②ハザード外③接道④系統連系 ゲート通過済み(computeCyanLive母集団) / AI衛星判定reject score=0.2134(低いほど優良地寄り) / 閾値cut_ok=0.45未満→AI適地(○)", "noshin_status": "CLEAR", "hazard_status": "CLEAR"}}, {"type": "Feature", "geometry": {"type": "Point", "coordinates": [136.63444762, 35.00770942]}, "properties": {"feature_id": "492570652", "city": "四日市市", "area_sqm": 1024, "reject": 0.2136, "ai_level": "適当", "ai_symbol": "○", "confidence": 0.7864, "reason": "①青地外(農振)②ハザード外③接道④系統連系 ゲート通過済み(computeCyanLive母集団) / AI衛星判定reject score=0.2136(低いほど優良地寄り) / 閾値cut_ok=0.45未満→AI適地(○)", "noshin_status": "CLEAR", "hazard_status": "CLEAR"}}, {"type": "Feature", "geometry": {"type": "Point", "coordinates": [136.49769658200012, 34.857182290000026]}, "properties": {"feature_id": "241381079", "city": "鈴鹿市", "area_sqm": 1361, "reject": 0.2137, "ai_level": "適当", "ai_symbol": "○", "confidence": 0.7863, "reason": "①青地外(農振)②ハザード外③接道④系統連系 ゲート通過済み(computeCyanLive母集団) / AI衛星判定reject score=0.2137(低いほど優良地寄り) / 閾値cut_ok=0.45未満→AI適地(○)", "noshin_status": "CLEAR", "hazard_status": "CLEAR"}}, {"type": "Feature", "geometry": {"type": "Point", "coordinates": [136.54273896, 34.94299302]}, "properties": {"feature_id": "492593564", "city": "四日市市", "area_sqm": 4465, "reject": 0.2138, "ai_level": "適当", "ai_symbol": "○", "confidence": 0.7862, "reason": "①青地外(農振)②ハザード外③接道④系統連系 ゲート通過済み(computeCyanLive母集団) / AI衛星判定reject score=0.2138(低いほど優良地寄り) / 閾値cut_ok=0.45未満→AI適地(○)", "noshin_status": "CLEAR", "hazard_status": "CLEAR"}}, {"type": "Feature", "geometry": {"type": "Point", "coordinates": [136.48193695, 34.96176957]}, "properties": {"feature_id": "492651761", "city": "四日市市", "area_sqm": 1219, "reject": 0.2169, "ai_level": "適当", "ai_symbol": "○", "confidence": 0.7831, "reason": "①青地外(農振)②ハザード外③接道④系統連系 ゲート通過済み(computeCyanLive母集団) / AI衛星判定reject score=0.2169(低いほど優良地寄り) / 閾値cut_ok=0.45未満→AI適地(○)", "noshin_status": "CLEAR", "hazard_status": "CLEAR"}}, {"type": "Feature", "geometry": {"type": "Point", "coordinates": [136.60276027, 34.9906112]}, "properties": {"feature_id": "492619431", "city": "四日市市", "area_sqm": 975, "reject": 0.2185, "ai_level": "適当", "ai_symbol": "○", "confidence": 0.7815, "reason": "①青地外(農振)②ハザード外③接道④系統連系 ゲート通過済み(computeCyanLive母集団) / AI衛星判定reject score=0.2185(低いほど優良地寄り) / 閾値cut_ok=0.45未満→AI適地(○)", "noshin_status": "CLEAR", "hazard_status": "CLEAR"}}, {"type": "Feature", "geometry": {"type": "Point", "coordinates": [136.54506338900012, 34.91703185000006]}, "properties": {"feature_id": "241458596", "city": "鈴鹿市", "area_sqm": 852, "reject": 0.2185, "ai_level": "適当", "ai_symbol": "○", "confidence": 0.7815, "reason": "①青地外(農振)②ハザード外③接道④系統連系 ゲート通過済み(computeCyanLive母集団) / AI衛星判定reject score=0.2185(低いほど優良地寄り) / 閾値cut_ok=0.45未満→AI適地(○)", "noshin_status": "CLEAR", "hazard_status": "CLEAR"}}, {"type": "Feature", "geometry": {"type": "Point", "coordinates": [136.63430428, 35.00709865]}, "properties": {"feature_id": "492570636", "city": "四日市市", "area_sqm": 1021, "reject": 0.2189, "ai_level": "適当", "ai_symbol": "○", "confidence": 0.7811, "reason": "①青地外(農振)②ハザード外③接道④系統連系 ゲート通過済み(computeCyanLive母集団) / AI衛星判定reject score=0.2189(低いほど優良地寄り) / 閾値cut_ok=0.45未満→AI適地(○)", "noshin_status": "CLEAR", "hazard_status": "CLEAR"}}, {"type": "Feature", "geometry": {"type": "Point", "coordinates": [136.4743143280001, 34.933674213000074]}, "properties": {"feature_id": "241474271", "city": "鈴鹿市", "area_sqm": 1728, "reject": 0.2193, "ai_level": "適当", "ai_symbol": "○", "confidence": 0.7807, "reason": "①青地外(農振)②ハザード外③接道④系統連系 ゲート通過済み(computeCyanLive母集団) / AI衛星判定reject score=0.2193(低いほど優良地寄り) / 閾値cut_ok=0.45未満→AI適地(○)", "noshin_status": "CLEAR", "hazard_status": "CLEAR"}}, {"type": "Feature", "geometry": {"type": "Point", "coordinates": [136.5768732, 35.01890187]}, "properties": {"feature_id": "492626310", "city": "四日市市", "area_sqm": 872, "reject": 0.2195, "ai_level": "適当", "ai_symbol": "○", "confidence": 0.7805, "reason": "①青地外(農振)②ハザード外③接道④系統連系 ゲート通過済み(computeCyanLive母集団) / AI衛星判定reject score=0.2195(低いほど優良地寄り) / 閾値cut_ok=0.45未満→AI適地(○)", "noshin_status": "CLEAR", "hazard_status": "CLEAR"}}, {"type": "Feature", "geometry": {"type": "Point", "coordinates": [136.4596313510001, 34.958649179000076]}, "properties": {"feature_id": "241462870", "city": "鈴鹿市", "area_sqm": 905, "reject": 0.2198, "ai_level": "適当", "ai_symbol": "○", "confidence": 0.7802, "reason": "①青地外(農振)②ハザード外③接道④系統連系 ゲート通過済み(computeCyanLive母集団) / AI衛星判定reject score=0.2198(低いほど優良地寄り) / 閾値cut_ok=0.45未満→AI適地(○)", "noshin_status": "CLEAR", "hazard_status": "CLEAR"}}, {"type": "Feature", "geometry": {"type": "Point", "coordinates": [136.57553595, 34.99599687]}, "properties": {"feature_id": "492611283", "city": "四日市市", "area_sqm": 1487, "reject": 0.2202, "ai_level": "適当", "ai_symbol": "○", "confidence": 0.7798, "reason": "①青地外(農振)②ハザード外③接道④系統連系 ゲート通過済み(computeCyanLive母集団) / AI衛星判定reject score=0.2202(低いほど優良地寄り) / 閾値cut_ok=0.45未満→AI適地(○)", "noshin_status": "CLEAR", "hazard_status": "CLEAR"}}, {"type": "Feature", "geometry": {"type": "Point", "coordinates": [136.59263641, 34.91774594]}, "properties": {"feature_id": "492645449", "city": "四日市市", "area_sqm": 955, "reject": 0.2203, "ai_level": "適当", "ai_symbol": "○", "confidence": 0.7797, "reason": "①青地外(農振)②ハザード外③接道④系統連系 ゲート通過済み(computeCyanLive母集団) / AI衛星判定reject score=0.2203(低いほど優良地寄り) / 閾値cut_ok=0.45未満→AI適地(○)", "noshin_status": "CLEAR", "hazard_status": "CLEAR"}}, {"type": "Feature", "geometry": {"type": "Point", "coordinates": [136.49699235600008, 34.85782150800003]}, "properties": {"feature_id": "241381329", "city": "鈴鹿市", "area_sqm": 1612, "reject": 0.2204, "ai_level": "適当", "ai_symbol": "○", "confidence": 0.7796, "reason": "①青地外(農振)②ハザード外③接道④系統連系 ゲート通過済み(computeCyanLive母集団) / AI衛星判定reject score=0.2204(低いほど優良地寄り) / 閾値cut_ok=0.45未満→AI適地(○)", "noshin_status": "CLEAR", "hazard_status": "CLEAR"}}, {"type": "Feature", "geometry": {"type": "Point", "coordinates": [136.60259828, 35.0102776]}, "properties": {"feature_id": "492619355", "city": "四日市市", "area_sqm": 825, "reject": 0.2206, "ai_level": "適当", "ai_symbol": "○", "confidence": 0.7794, "reason": "①青地外(農振)②ハザード外③接道④系統連系 ゲート通過済み(computeCyanLive母集団) / AI衛星判定reject score=0.2206(低いほど優良地寄り) / 閾値cut_ok=0.45未満→AI適地(○)", "noshin_status": "CLEAR", "hazard_status": "CLEAR"}}, {"type": "Feature", "geometry": {"type": "Point", "coordinates": [136.4981867130001, 34.88291235600008]}, "properties": {"feature_id": "241392605", "city": "鈴鹿市", "area_sqm": 991, "reject": 0.2208, "ai_level": "適当", "ai_symbol": "○", "confidence": 0.7792, "reason": "①青地外(農振)②ハザード外③接道④系統連系 ゲート通過済み(computeCyanLive母集団) / AI衛星判定reject score=0.2208(低いほど優良地寄り) / 閾値cut_ok=0.45未満→AI適地(○)", "noshin_status": "CLEAR", "hazard_status": "CLEAR"}}, {"type": "Feature", "geometry": {"type": "Point", "coordinates": [136.5477399560001, 34.921785397000065]}, "properties": {"feature_id": "241459135", "city": "鈴鹿市", "area_sqm": 1995, "reject": 0.2209, "ai_level": "適当", "ai_symbol": "○", "confidence": 0.7791, "reason": "①青地外(農振)②ハザード外③接道④系統連系 ゲート通過済み(computeCyanLive母集団) / AI衛星判定reject score=0.2209(低いほど優良地寄り) / 閾値cut_ok=0.45未満→AI適地(○)", "noshin_status": "CLEAR", "hazard_status": "CLEAR"}}, {"type": "Feature", "geometry": {"type": "Point", "coordinates": [136.556816, 34.99553615]}, "properties": {"feature_id": "492606958", "city": "四日市市", "area_sqm": 1203, "reject": 0.221, "ai_level": "適当", "ai_symbol": "○", "confidence": 0.779, "reason": "①青地外(農振)②ハザード外③接道④系統連系 ゲート通過済み(computeCyanLive母集団) / AI衛星判定reject score=0.2210(低いほど優良地寄り) / 閾値cut_ok=0.45未満→AI適地(○)", "noshin_status": "CLEAR", "hazard_status": "CLEAR"}}, {"type": "Feature", "geometry": {"type": "Point", "coordinates": [136.49776601100007, 34.85057037200005]}, "properties": {"feature_id": "241383498", "city": "鈴鹿市", "area_sqm": 998, "reject": 0.221, "ai_level": "適当", "ai_symbol": "○", "confidence": 0.779, "reason": "①青地外(農振)②ハザード外③接道④系統連系 ゲート通過済み(computeCyanLive母集団) / AI衛星判定reject score=0.2210(低いほど優良地寄り) / 閾値cut_ok=0.45未満→AI適地(○)", "noshin_status": "CLEAR", "hazard_status": "CLEAR"}}, {"type": "Feature", "geometry": {"type": "Point", "coordinates": [136.49070998, 34.96917576]}, "properties": {"feature_id": "492648882", "city": "四日市市", "area_sqm": 960, "reject": 0.2221, "ai_level": "適当", "ai_symbol": "○", "confidence": 0.7779, "reason": "①青地外(農振)②ハザード外③接道④系統連系 ゲート通過済み(computeCyanLive母集団) / AI衛星判定reject score=0.2221(低いほど優良地寄り) / 閾値cut_ok=0.45未満→AI適地(○)", "noshin_status": "CLEAR", "hazard_status": "CLEAR"}}, {"type": "Feature", "geometry": {"type": "Point", "coordinates": [136.51710655, 34.94008908]}, "properties": {"feature_id": "492601763", "city": "四日市市", "area_sqm": 829, "reject": 0.2221, "ai_level": "適当", "ai_symbol": "○", "confidence": 0.7779, "reason": "①青地外(農振)②ハザード外③接道④系統連系 ゲート通過済み(computeCyanLive母集団) / AI衛星判定reject score=0.2221(低いほど優良地寄り) / 閾値cut_ok=0.45未満→AI適地(○)", "noshin_status": "CLEAR", "hazard_status": "CLEAR"}}, {"type": "Feature", "geometry": {"type": "Point", "coordinates": [136.49874399400005, 34.846687478000035]}, "properties": {"feature_id": "241383828", "city": "鈴鹿市", "area_sqm": 2228, "reject": 0.2232, "ai_level": "適当", "ai_symbol": "○", "confidence": 0.7768, "reason": "①青地外(農振)②ハザード外③接道④系統連系 ゲート通過済み(computeCyanLive母集団) / AI衛星判定reject score=0.2232(低いほど優良地寄り) / 閾値cut_ok=0.45未満→AI適地(○)", "noshin_status": "CLEAR", "hazard_status": "CLEAR"}}, {"type": "Feature", "geometry": {"type": "Point", "coordinates": [136.50683462, 34.99105467]}, "properties": {"feature_id": "492615637", "city": "四日市市", "area_sqm": 944, "reject": 0.2236, "ai_level": "適当", "ai_symbol": "○", "confidence": 0.7764, "reason": "①青地外(農振)②ハザード外③接道④系統連系 ゲート通過済み(computeCyanLive母集団) / AI衛星判定reject score=0.2236(低いほど優良地寄り) / 閾値cut_ok=0.45未満→AI適地(○)", "noshin_status": "CLEAR", "hazard_status": "CLEAR"}}, {"type": "Feature", "geometry": {"type": "Point", "coordinates": [136.57677772, 34.99540815]}, "properties": {"feature_id": "492622405", "city": "四日市市", "area_sqm": 829, "reject": 0.224, "ai_level": "適当", "ai_symbol": "○", "confidence": 0.776, "reason": "①青地外(農振)②ハザード外③接道④系統連系 ゲート通過済み(computeCyanLive母集団) / AI衛星判定reject score=0.2240(低いほど優良地寄り) / 閾値cut_ok=0.45未満→AI適地(○)", "noshin_status": "CLEAR", "hazard_status": "CLEAR"}}, {"type": "Feature", "geometry": {"type": "Point", "coordinates": [136.56168789, 35.05925825]}, "properties": {"feature_id": "492657602", "city": "四日市市", "area_sqm": 1494, "reject": 0.2242, "ai_level": "適当", "ai_symbol": "○", "confidence": 0.7758, "reason": "①青地外(農振)②ハザード外③接道④系統連系 ゲート通過済み(computeCyanLive母集団) / AI衛星判定reject score=0.2242(低いほど優良地寄り) / 閾値cut_ok=0.45未満→AI適地(○)", "noshin_status": "CLEAR", "hazard_status": "CLEAR"}}, {"type": "Feature", "geometry": {"type": "Point", "coordinates": [136.57652566, 34.98546643]}, "properties": {"feature_id": "492610835", "city": "四日市市", "area_sqm": 958, "reject": 0.2247, "ai_level": "適当", "ai_symbol": "○", "confidence": 0.7753, "reason": "①青地外(農振)②ハザード外③接道④系統連系 ゲート通過済み(computeCyanLive母集団) / AI衛星判定reject score=0.2247(低いほど優良地寄り) / 閾値cut_ok=0.45未満→AI適地(○)", "noshin_status": "CLEAR", "hazard_status": "CLEAR"}}, {"type": "Feature", "geometry": {"type": "Point", "coordinates": [136.49796563100006, 34.85526831300007]}, "properties": {"feature_id": "241381244", "city": "鈴鹿市", "area_sqm": 1877, "reject": 0.2248, "ai_level": "適当", "ai_symbol": "○", "confidence": 0.7752, "reason": "①青地外(農振)②ハザード外③接道④系統連系 ゲート通過済み(computeCyanLive母集団) / AI衛星判定reject score=0.2248(低いほど優良地寄り) / 閾値cut_ok=0.45未満→AI適地(○)", "noshin_status": "CLEAR", "hazard_status": "CLEAR"}}, {"type": "Feature", "geometry": {"type": "Point", "coordinates": [136.4957971330001, 34.85267458100003]}, "properties": {"feature_id": "241381172", "city": "鈴鹿市", "area_sqm": 1476, "reject": 0.2249, "ai_level": "適当", "ai_symbol": "○", "confidence": 0.7751, "reason": "①青地外(農振)②ハザード外③接道④系統連系 ゲート通過済み(computeCyanLive母集団) / AI衛星判定reject score=0.2249(低いほど優良地寄り) / 閾値cut_ok=0.45未満→AI適地(○)", "noshin_status": "CLEAR", "hazard_status": "CLEAR"}}, {"type": "Feature", "geometry": {"type": "Point", "coordinates": [136.547982882, 34.9173487750001]}, "properties": {"feature_id": "241459181", "city": "鈴鹿市", "area_sqm": 882, "reject": 0.2251, "ai_level": "適当", "ai_symbol": "○", "confidence": 0.7749, "reason": "①青地外(農振)②ハザード外③接道④系統連系 ゲート通過済み(computeCyanLive母集団) / AI衛星判定reject score=0.2251(低いほど優良地寄り) / 閾値cut_ok=0.45未満→AI適地(○)", "noshin_status": "CLEAR", "hazard_status": "CLEAR"}}, {"type": "Feature", "geometry": {"type": "Point", "coordinates": [136.49331957700008, 34.85146993300003]}, "properties": {"feature_id": "241381031", "city": "鈴鹿市", "area_sqm": 991, "reject": 0.2252, "ai_level": "適当", "ai_symbol": "○", "confidence": 0.7748, "reason": "①青地外(農振)②ハザード外③接道④系統連系 ゲート通過済み(computeCyanLive母集団) / AI衛星判定reject score=0.2252(低いほど優良地寄り) / 閾値cut_ok=0.45未満→AI適地(○)", "noshin_status": "CLEAR", "hazard_status": "CLEAR"}}, {"type": "Feature", "geometry": {"type": "Point", "coordinates": [136.47312005, 34.97773316]}, "properties": {"feature_id": "492647040", "city": "四日市市", "area_sqm": 1507, "reject": 0.2264, "ai_level": "適当", "ai_symbol": "○", "confidence": 0.7736, "reason": "①青地外(農振)②ハザード外③接道④系統連系 ゲート通過済み(computeCyanLive母集団) / AI衛星判定reject score=0.2264(低いほど優良地寄り) / 閾値cut_ok=0.45未満→AI適地(○)", "noshin_status": "CLEAR", "hazard_status": "CLEAR"}}, {"type": "Feature", "geometry": {"type": "Point", "coordinates": [136.49728723, 34.95805828]}, "properties": {"feature_id": "492649421", "city": "四日市市", "area_sqm": 985, "reject": 0.2275, "ai_level": "適当", "ai_symbol": "○", "confidence": 0.7725, "reason": "①青地外(農振)②ハザード外③接道④系統連系 ゲート通過済み(computeCyanLive母集団) / AI衛星判定reject score=0.2275(低いほど優良地寄り) / 閾値cut_ok=0.45未満→AI適地(○)", "noshin_status": "CLEAR", "hazard_status": "CLEAR"}}, {"type": "Feature", "geometry": {"type": "Point", "coordinates": [136.56079418, 35.01849054]}, "properties": {"feature_id": "492624395", "city": "四日市市", "area_sqm": 1000, "reject": 0.2276, "ai_level": "適当", "ai_symbol": "○", "confidence": 0.7724, "reason": "①青地外(農振)②ハザード外③接道④系統連系 ゲート通過済み(computeCyanLive母集団) / AI衛星判定reject score=0.2276(低いほど優良地寄り) / 閾値cut_ok=0.45未満→AI適地(○)", "noshin_status": "CLEAR", "hazard_status": "CLEAR"}}, {"type": "Feature", "geometry": {"type": "Point", "coordinates": [136.49114873500002, 34.93108531400003]}, "properties": {"feature_id": "241472758", "city": "鈴鹿市", "area_sqm": 2304, "reject": 0.2282, "ai_level": "適当", "ai_symbol": "○", "confidence": 0.7718, "reason": "①青地外(農振)②ハザード外③接道④系統連系 ゲート通過済み(computeCyanLive母集団) / AI衛星判定reject score=0.2282(低いほど優良地寄り) / 閾値cut_ok=0.45未満→AI適地(○)", "noshin_status": "CLEAR", "hazard_status": "CLEAR"}}, {"type": "Feature", "geometry": {"type": "Point", "coordinates": [136.4629511920001, 34.694121094000025]}, "properties": {"feature_id": "478724024", "city": "津市", "area_sqm": 1566, "reject": 0.2283, "ai_level": "適当", "ai_symbol": "○", "confidence": 0.7717, "reason": "①青地外(農振)②ハザード外③接道④系統連系 ゲート通過済み(computeCyanLive母集団) / AI衛星判定reject score=0.2283(低いほど優良地寄り) / 閾値cut_ok=0.45未満→AI適地(○)", "noshin_status": "CLEAR", "hazard_status": "CLEAR"}}, {"type": "Feature", "geometry": {"type": "Point", "coordinates": [136.49669208400007, 34.85822140700003]}, "properties": {"feature_id": "241381326", "city": "鈴鹿市", "area_sqm": 1976, "reject": 0.2287, "ai_level": "適当", "ai_symbol": "○", "confidence": 0.7713, "reason": "①青地外(農振)②ハザード外③接道④系統連系 ゲート通過済み(computeCyanLive母集団) / AI衛星判定reject score=0.2287(低いほど優良地寄り) / 閾値cut_ok=0.45未満→AI適地(○)", "noshin_status": "CLEAR", "hazard_status": "CLEAR"}}, {"type": "Feature", "geometry": {"type": "Point", "coordinates": [136.4909968, 34.9758261]}, "properties": {"feature_id": "492650414", "city": "四日市市", "area_sqm": 1158, "reject": 0.229, "ai_level": "適当", "ai_symbol": "○", "confidence": 0.771, "reason": "①青地外(農振)②ハザード外③接道④系統連系 ゲート通過済み(computeCyanLive母集団) / AI衛星判定reject score=0.2290(低いほど優良地寄り) / 閾値cut_ok=0.45未満→AI適地(○)", "noshin_status": "CLEAR", "hazard_status": "CLEAR"}}, {"type": "Feature", "geometry": {"type": "Point", "coordinates": [136.44122646200003, 34.80532360800004]}, "properties": {"feature_id": "478861998", "city": "津市", "area_sqm": 1094, "reject": 0.2298, "ai_level": "適当", "ai_symbol": "○", "confidence": 0.7702, "reason": "①青地外(農振)②ハザード外③接道④系統連系 ゲート通過済み(computeCyanLive母集団) / AI衛星判定reject score=0.2298(低いほど優良地寄り) / 閾値cut_ok=0.45未満→AI適地(○)", "noshin_status": "CLEAR", "hazard_status": "CLEAR"}}, {"type": "Feature", "geometry": {"type": "Point", "coordinates": [136.55626349, 34.99541522]}, "properties": {"feature_id": "492606916", "city": "四日市市", "area_sqm": 879, "reject": 0.2303, "ai_level": "適当", "ai_symbol": "○", "confidence": 0.7697, "reason": "①青地外(農振)②ハザード外③接道④系統連系 ゲート通過済み(computeCyanLive母集団) / AI衛星判定reject score=0.2303(低いほど優良地寄り) / 閾値cut_ok=0.45未満→AI適地(○)", "noshin_status": "CLEAR", "hazard_status": "CLEAR"}}, {"type": "Feature", "geometry": {"type": "Point", "coordinates": [136.46008197800006, 34.95913899000004]}, "properties": {"feature_id": "241462921", "city": "鈴鹿市", "area_sqm": 871, "reject": 0.2303, "ai_level": "適当", "ai_symbol": "○", "confidence": 0.7697, "reason": "①青地外(農振)②ハザード外③接道④系統連系 ゲート通過済み(computeCyanLive母集団) / AI衛星判定reject score=0.2303(低いほど優良地寄り) / 閾値cut_ok=0.45未満→AI適地(○)", "noshin_status": "CLEAR", "hazard_status": "CLEAR"}}, {"type": "Feature", "geometry": {"type": "Point", "coordinates": [136.47460743, 34.97678154]}, "properties": {"feature_id": "492647137", "city": "四日市市", "area_sqm": 965, "reject": 0.2307, "ai_level": "適当", "ai_symbol": "○", "confidence": 0.7693, "reason": "①青地外(農振)②ハザード外③接道④系統連系 ゲート通過済み(computeCyanLive母集団) / AI衛星判定reject score=0.2307(低いほど優良地寄り) / 閾値cut_ok=0.45未満→AI適地(○)", "noshin_status": "CLEAR", "hazard_status": "CLEAR"}}, {"type": "Feature", "geometry": {"type": "Point", "coordinates": [136.49986648200002, 34.852522160000035]}, "properties": {"feature_id": "241383440", "city": "鈴鹿市", "area_sqm": 1000, "reject": 0.2313, "ai_level": "適当", "ai_symbol": "○", "confidence": 0.7687, "reason": "①青地外(農振)②ハザード外③接道④系統連系 ゲート通過済み(computeCyanLive母集団) / AI衛星判定reject score=0.2313(低いほど優良地寄り) / 閾値cut_ok=0.45未満→AI適地(○)", "noshin_status": "CLEAR", "hazard_status": "CLEAR"}}, {"type": "Feature", "geometry": {"type": "Point", "coordinates": [136.43481036000003, 34.67521900600008]}, "properties": {"feature_id": "478771194", "city": "津市", "area_sqm": 991, "reject": 0.2316, "ai_level": "適当", "ai_symbol": "○", "confidence": 0.7684, "reason": "①青地外(農振)②ハザード外③接道④系統連系 ゲート通過済み(computeCyanLive母集団) / AI衛星判定reject score=0.2316(低いほど優良地寄り) / 閾値cut_ok=0.45未満→AI適地(○)", "noshin_status": "CLEAR", "hazard_status": "CLEAR"}}, {"type": "Feature", "geometry": {"type": "Point", "coordinates": [136.54591213100002, 34.91926278700004]}, "properties": {"feature_id": "241459078", "city": "鈴鹿市", "area_sqm": 1059, "reject": 0.232, "ai_level": "適当", "ai_symbol": "○", "confidence": 0.768, "reason": "①青地外(農振)②ハザード外③接道④系統連系 ゲート通過済み(computeCyanLive母集団) / AI衛星判定reject score=0.2320(低いほど優良地寄り) / 閾値cut_ok=0.45未満→AI適地(○)", "noshin_status": "CLEAR", "hazard_status": "CLEAR"}}, {"type": "Feature", "geometry": {"type": "Point", "coordinates": [136.56092732, 35.0195368]}, "properties": {"feature_id": "492624429", "city": "四日市市", "area_sqm": 1084, "reject": 0.2321, "ai_level": "適当", "ai_symbol": "○", "confidence": 0.7679, "reason": "①青地外(農振)②ハザード外③接道④系統連系 ゲート通過済み(computeCyanLive母集団) / AI衛星判定reject score=0.2321(低いほど優良地寄り) / 閾値cut_ok=0.45未満→AI適地(○)", "noshin_status": "CLEAR", "hazard_status": "CLEAR"}}, {"type": "Feature", "geometry": {"type": "Point", "coordinates": [136.55913744400004, 34.91588657500006]}, "properties": {"feature_id": "241459326", "city": "鈴鹿市", "area_sqm": 817, "reject": 0.2321, "ai_level": "適当", "ai_symbol": "○", "confidence": 0.7679, "reason": "①青地外(農振)②ハザード外③接道④系統連系 ゲート通過済み(computeCyanLive母集団) / AI衛星判定reject score=0.2321(低いほど優良地寄り) / 閾値cut_ok=0.45未満→AI適地(○)", "noshin_status": "CLEAR", "hazard_status": "CLEAR"}}, {"type": "Feature", "geometry": {"type": "Point", "coordinates": [136.54432181, 34.95345906]}, "properties": {"feature_id": "492581560", "city": "四日市市", "area_sqm": 953, "reject": 0.2326, "ai_level": "適当", "ai_symbol": "○", "confidence": 0.7674, "reason": "①青地外(農振)②ハザード外③接道④系統連系 ゲート通過済み(computeCyanLive母集団) / AI衛星判定reject score=0.2326(低いほど優良地寄り) / 閾値cut_ok=0.45未満→AI適地(○)", "noshin_status": "CLEAR", "hazard_status": "CLEAR"}}, {"type": "Feature", "geometry": {"type": "Point", "coordinates": [136.57031071, 35.03421962]}, "properties": {"feature_id": "492624936", "city": "四日市市", "area_sqm": 958, "reject": 0.2327, "ai_level": "適当", "ai_symbol": "○", "confidence": 0.7673, "reason": "①青地外(農振)②ハザード外③接道④系統連系 ゲート通過済み(computeCyanLive母集団) / AI衛星判定reject score=0.2327(低いほど優良地寄り) / 閾値cut_ok=0.45未満→AI適地(○)", "noshin_status": "CLEAR", "hazard_status": "CLEAR"}}, {"type": "Feature", "geometry": {"type": "Point", "coordinates": [136.49992253200003, 34.85122673300003]}, "properties": {"feature_id": "241383461", "city": "鈴鹿市", "area_sqm": 925, "reject": 0.2328, "ai_level": "適当", "ai_symbol": "○", "confidence": 0.7672, "reason": "①青地外(農振)②ハザード外③接道④系統連系 ゲート通過済み(computeCyanLive母集団) / AI衛星判定reject score=0.2328(低いほど優良地寄り) / 閾値cut_ok=0.45未満→AI適地(○)", "noshin_status": "CLEAR", "hazard_status": "CLEAR"}}, {"type": "Feature", "geometry": {"type": "Point", "coordinates": [136.53965674, 34.93154949]}, "properties": {"feature_id": "492599933", "city": "四日市市", "area_sqm": 935, "reject": 0.2329, "ai_level": "適当", "ai_symbol": "○", "confidence": 0.7671, "reason": "①青地外(農振)②ハザード外③接道④系統連系 ゲート通過済み(computeCyanLive母集団) / AI衛星判定reject score=0.2329(低いほど優良地寄り) / 閾値cut_ok=0.45未満→AI適地(○)", "noshin_status": "CLEAR", "hazard_status": "CLEAR"}}, {"type": "Feature", "geometry": {"type": "Point", "coordinates": [136.53538316, 35.03889201]}, "properties": {"feature_id": "492656574", "city": "四日市市", "area_sqm": 3347, "reject": 0.2333, "ai_level": "適当", "ai_symbol": "○", "confidence": 0.7667, "reason": "①青地外(農振)②ハザード外③接道④系統連系 ゲート通過済み(computeCyanLive母集団) / AI衛星判定reject score=0.2333(低いほど優良地寄り) / 閾値cut_ok=0.45未満→AI適地(○)", "noshin_status": "CLEAR", "hazard_status": "CLEAR"}}, {"type": "Feature", "geometry": {"type": "Point", "coordinates": [136.45877804100007, 34.96062514500005]}, "properties": {"feature_id": "241462899", "city": "鈴鹿市", "area_sqm": 1031, "reject": 0.2333, "ai_level": "適当", "ai_symbol": "○", "confidence": 0.7667, "reason": "①青地外(農振)②ハザード外③接道④系統連系 ゲート通過済み(computeCyanLive母集団) / AI衛星判定reject score=0.2333(低いほど優良地寄り) / 閾値cut_ok=0.45未満→AI適地(○)", "noshin_status": "CLEAR", "hazard_status": "CLEAR"}}, {"type": "Feature", "geometry": {"type": "Point", "coordinates": [136.50852447, 34.99115878]}, "properties": {"feature_id": "492615625", "city": "四日市市", "area_sqm": 847, "reject": 0.2335, "ai_level": "適当", "ai_symbol": "○", "confidence": 0.7665, "reason": "①青地外(農振)②ハザード外③接道④系統連系 ゲート通過済み(computeCyanLive母集団) / AI衛星判定reject score=0.2335(低いほど優良地寄り) / 閾値cut_ok=0.45未満→AI適地(○)", "noshin_status": "CLEAR", "hazard_status": "CLEAR"}}, {"type": "Feature", "geometry": {"type": "Point", "coordinates": [136.54507756, 35.0386461]}, "properties": {"feature_id": "492653693", "city": "四日市市", "area_sqm": 2975, "reject": 0.2338, "ai_level": "適当", "ai_symbol": "○", "confidence": 0.7662, "reason": "①青地外(農振)②ハザード外③接道④系統連系 ゲート通過済み(computeCyanLive母集団) / AI衛星判定reject score=0.2338(低いほど優良地寄り) / 閾値cut_ok=0.45未満→AI適地(○)", "noshin_status": "CLEAR", "hazard_status": "CLEAR"}}, {"type": "Feature", "geometry": {"type": "Point", "coordinates": [136.49279092900008, 34.84925582200003]}, "properties": {"feature_id": "241383590", "city": "鈴鹿市", "area_sqm": 2018, "reject": 0.234, "ai_level": "適当", "ai_symbol": "○", "confidence": 0.766, "reason": "①青地外(農振)②ハザード外③接道④系統連系 ゲート通過済み(computeCyanLive母集団) / AI衛星判定reject score=0.2340(低いほど優良地寄り) / 閾値cut_ok=0.45未満→AI適地(○)", "noshin_status": "CLEAR", "hazard_status": "CLEAR"}}, {"type": "Feature", "geometry": {"type": "Point", "coordinates": [136.47802144, 34.97694686]}, "properties": {"feature_id": "492648090", "city": "四日市市", "area_sqm": 994, "reject": 0.2343, "ai_level": "適当", "ai_symbol": "○", "confidence": 0.7657, "reason": "①青地外(農振)②ハザード外③接道④系統連系 ゲート通過済み(computeCyanLive母集団) / AI衛星判定reject score=0.2343(低いほど優良地寄り) / 閾値cut_ok=0.45未満→AI適地(○)", "noshin_status": "CLEAR", "hazard_status": "CLEAR"}}, {"type": "Feature", "geometry": {"type": "Point", "coordinates": [136.48139321, 34.96167118]}, "properties": {"feature_id": "492651759", "city": "四日市市", "area_sqm": 1075, "reject": 0.2345, "ai_level": "適当", "ai_symbol": "○", "confidence": 0.7655, "reason": "①青地外(農振)②ハザード外③接道④系統連系 ゲート通過済み(computeCyanLive母集団) / AI衛星判定reject score=0.2345(低いほど優良地寄り) / 閾値cut_ok=0.45未満→AI適地(○)", "noshin_status": "CLEAR", "hazard_status": "CLEAR"}}, {"type": "Feature", "geometry": {"type": "Point", "coordinates": [136.56602488, 35.03931936]}, "properties": {"feature_id": "492655215", "city": "四日市市", "area_sqm": 840, "reject": 0.2358, "ai_level": "適当", "ai_symbol": "○", "confidence": 0.7642, "reason": "①青地外(農振)②ハザード外③接道④系統連系 ゲート通過済み(computeCyanLive母集団) / AI衛星判定reject score=0.2358(低いほど優良地寄り) / 閾値cut_ok=0.45未満→AI適地(○)", "noshin_status": "CLEAR", "hazard_status": "CLEAR"}}, {"type": "Feature", "geometry": {"type": "Point", "coordinates": [136.54103876500005, 34.92113779300007]}, "properties": {"feature_id": "241458720", "city": "鈴鹿市", "area_sqm": 1982, "reject": 0.2361, "ai_level": "適当", "ai_symbol": "○", "confidence": 0.7639, "reason": "①青地外(農振)②ハザード外③接道④系統連系 ゲート通過済み(computeCyanLive母集団) / AI衛星判定reject score=0.2361(低いほど優良地寄り) / 閾値cut_ok=0.45未満→AI適地(○)", "noshin_status": "CLEAR", "hazard_status": "CLEAR"}}, {"type": "Feature", "geometry": {"type": "Point", "coordinates": [136.55913094, 34.99789057]}, "properties": {"feature_id": "492607057", "city": "四日市市", "area_sqm": 1055, "reject": 0.2368, "ai_level": "適当", "ai_symbol": "○", "confidence": 0.7632, "reason": "①青地外(農振)②ハザード外③接道④系統連系 ゲート通過済み(computeCyanLive母集団) / AI衛星判定reject score=0.2368(低いほど優良地寄り) / 閾値cut_ok=0.45未満→AI適地(○)", "noshin_status": "CLEAR", "hazard_status": "CLEAR"}}, {"type": "Feature", "geometry": {"type": "Point", "coordinates": [136.63503115, 35.00796227]}, "properties": {"feature_id": "492570666", "city": "四日市市", "area_sqm": 1021, "reject": 0.237, "ai_level": "適当", "ai_symbol": "○", "confidence": 0.763, "reason": "①青地外(農振)②ハザード外③接道④系統連系 ゲート通過済み(computeCyanLive母集団) / AI衛星判定reject score=0.2370(低いほど優良地寄り) / 閾値cut_ok=0.45未満→AI適地(○)", "noshin_status": "CLEAR", "hazard_status": "CLEAR"}}, {"type": "Feature", "geometry": {"type": "Point", "coordinates": [136.4922846490001, 34.92074657200004]}, "properties": {"feature_id": "241475537", "city": "鈴鹿市", "area_sqm": 2008, "reject": 0.2371, "ai_level": "適当", "ai_symbol": "○", "confidence": 0.7629, "reason": "①青地外(農振)②ハザード外③接道④系統連系 ゲート通過済み(computeCyanLive母集団) / AI衛星判定reject score=0.2371(低いほど優良地寄り) / 閾値cut_ok=0.45未満→AI適地(○)", "noshin_status": "CLEAR", "hazard_status": "CLEAR"}}, {"type": "Feature", "geometry": {"type": "Point", "coordinates": [136.47428057, 34.97938454]}, "properties": {"feature_id": "492647176", "city": "四日市市", "area_sqm": 1239, "reject": 0.2375, "ai_level": "適当", "ai_symbol": "○", "confidence": 0.7625, "reason": "①青地外(農振)②ハザード外③接道④系統連系 ゲート通過済み(computeCyanLive母集団) / AI衛星判定reject score=0.2375(低いほど優良地寄り) / 閾値cut_ok=0.45未満→AI適地(○)", "noshin_status": "CLEAR", "hazard_status": "CLEAR"}}, {"type": "Feature", "geometry": {"type": "Point", "coordinates": [136.50176984, 34.97222458]}, "properties": {"feature_id": "492650002", "city": "四日市市", "area_sqm": 1702, "reject": 0.238, "ai_level": "適当", "ai_symbol": "○", "confidence": 0.762, "reason": "①青地外(農振)②ハザード外③接道④系統連系 ゲート通過済み(computeCyanLive母集団) / AI衛星判定reject score=0.2380(低いほど優良地寄り) / 閾値cut_ok=0.45未満→AI適地(○)", "noshin_status": "CLEAR", "hazard_status": "CLEAR"}}, {"type": "Feature", "geometry": {"type": "Point", "coordinates": [136.47374523300005, 34.93408739800003]}, "properties": {"feature_id": "241474261", "city": "鈴鹿市", "area_sqm": 979, "reject": 0.2382, "ai_level": "適当", "ai_symbol": "○", "confidence": 0.7618, "reason": "①青地外(農振)②ハザード外③接道④系統連系 ゲート通過済み(computeCyanLive母集団) / AI衛星判定reject score=0.2382(低いほど優良地寄り) / 閾値cut_ok=0.45未満→AI適地(○)", "noshin_status": "CLEAR", "hazard_status": "CLEAR"}}, {"type": "Feature", "geometry": {"type": "Point", "coordinates": [136.56714919, 35.00668784]}, "properties": {"feature_id": "492625471", "city": "四日市市", "area_sqm": 1005, "reject": 0.2392, "ai_level": "適当", "ai_symbol": "○", "confidence": 0.7608, "reason": "①青地外(農振)②ハザード外③接道④系統連系 ゲート通過済み(computeCyanLive母集団) / AI衛星判定reject score=0.2392(低いほど優良地寄り) / 閾値cut_ok=0.45未満→AI適地(○)", "noshin_status": "CLEAR", "hazard_status": "CLEAR"}}, {"type": "Feature", "geometry": {"type": "Point", "coordinates": [136.49325373, 34.96958072]}, "properties": {"feature_id": "492650214", "city": "四日市市", "area_sqm": 3719, "reject": 0.2398, "ai_level": "適当", "ai_symbol": "○", "confidence": 0.7602, "reason": "①青地外(農振)②ハザード外③接道④系統連系 ゲート通過済み(computeCyanLive母集団) / AI衛星判定reject score=0.2398(低いほど優良地寄り) / 閾値cut_ok=0.45未満→AI適地(○)", "noshin_status": "CLEAR", "hazard_status": "CLEAR"}}, {"type": "Feature", "geometry": {"type": "Point", "coordinates": [136.60661342, 35.03934986]}, "properties": {"feature_id": "492633333", "city": "四日市市", "area_sqm": 1009, "reject": 0.2403, "ai_level": "適当", "ai_symbol": "○", "confidence": 0.7597, "reason": "①青地外(農振)②ハザード外③接道④系統連系 ゲート通過済み(computeCyanLive母集団) / AI衛星判定reject score=0.2403(低いほど優良地寄り) / 閾値cut_ok=0.45未満→AI適地(○)", "noshin_status": "CLEAR", "hazard_status": "CLEAR"}}, {"type": "Feature", "geometry": {"type": "Point", "coordinates": [136.51721839000004, 34.92872310400003]}, "properties": {"feature_id": "241461014", "city": "鈴鹿市", "area_sqm": 879, "reject": 0.2412, "ai_level": "適当", "ai_symbol": "○", "confidence": 0.7588, "reason": "①青地外(農振)②ハザード外③接道④系統連系 ゲート通過済み(computeCyanLive母集団) / AI衛星判定reject score=0.2412(低いほど優良地寄り) / 閾値cut_ok=0.45未満→AI適地(○)", "noshin_status": "CLEAR", "hazard_status": "CLEAR"}}, {"type": "Feature", "geometry": {"type": "Point", "coordinates": [136.50223907, 34.97419361]}, "properties": {"feature_id": "492651008", "city": "四日市市", "area_sqm": 2125, "reject": 0.2417, "ai_level": "適当", "ai_symbol": "○", "confidence": 0.7583, "reason": "①青地外(農振)②ハザード外③接道④系統連系 ゲート通過済み(computeCyanLive母集団) / AI衛星判定reject score=0.2417(低いほど優良地寄り) / 閾値cut_ok=0.45未満→AI適地(○)", "noshin_status": "CLEAR", "hazard_status": "CLEAR"}}, {"type": "Feature", "geometry": {"type": "Point", "coordinates": [136.491365878, 34.853284055000074]}, "properties": {"feature_id": "241381248", "city": "鈴鹿市", "area_sqm": 1983, "reject": 0.2418, "ai_level": "適当", "ai_symbol": "○", "confidence": 0.7582, "reason": "①青地外(農振)②ハザード外③接道④系統連系 ゲート通過済み(computeCyanLive母集団) / AI衛星判定reject score=0.2418(低いほど優良地寄り) / 閾値cut_ok=0.45未満→AI適地(○)", "noshin_status": "CLEAR", "hazard_status": "CLEAR"}}, {"type": "Feature", "geometry": {"type": "Point", "coordinates": [136.43628220300002, 34.80938256500008]}, "properties": {"feature_id": "478861078", "city": "津市", "area_sqm": 1084, "reject": 0.2418, "ai_level": "適当", "ai_symbol": "○", "confidence": 0.7582, "reason": "①青地外(農振)②ハザード外③接道④系統連系 ゲート通過済み(computeCyanLive母集団) / AI衛星判定reject score=0.2418(低いほど優良地寄り) / 閾値cut_ok=0.45未満→AI適地(○)", "noshin_status": "CLEAR", "hazard_status": "CLEAR"}}, {"type": "Feature", "geometry": {"type": "Point", "coordinates": [136.42184543200005, 34.67382868900006]}, "properties": {"feature_id": "478770273", "city": "津市", "area_sqm": 1302, "reject": 0.2421, "ai_level": "適当", "ai_symbol": "○", "confidence": 0.7579, "reason": "①青地外(農振)②ハザード外③接道④系統連系 ゲート通過済み(computeCyanLive母集団) / AI衛星判定reject score=0.2421(低いほど優良地寄り) / 閾値cut_ok=0.45未満→AI適地(○)", "noshin_status": "CLEAR", "hazard_status": "CLEAR"}}, {"type": "Feature", "geometry": {"type": "Point", "coordinates": [136.56942139, 35.00597854]}, "properties": {"feature_id": "492625418", "city": "四日市市", "area_sqm": 1212, "reject": 0.2423, "ai_level": "適当", "ai_symbol": "○", "confidence": 0.7577, "reason": "①青地外(農振)②ハザード外③接道④系統連系 ゲート通過済み(computeCyanLive母集団) / AI衛星判定reject score=0.2423(低いほど優良地寄り) / 閾値cut_ok=0.45未満→AI適地(○)", "noshin_status": "CLEAR", "hazard_status": "CLEAR"}}, {"type": "Feature", "geometry": {"type": "Point", "coordinates": [136.47873379, 34.97487595]}, "properties": {"feature_id": "492648142", "city": "四日市市", "area_sqm": 1170, "reject": 0.2429, "ai_level": "適当", "ai_symbol": "○", "confidence": 0.7571, "reason": "①青地外(農振)②ハザード外③接道④系統連系 ゲート通過済み(computeCyanLive母集団) / AI衛星判定reject score=0.2429(低いほど優良地寄り) / 閾値cut_ok=0.45未満→AI適地(○)", "noshin_status": "CLEAR", "hazard_status": "CLEAR"}}, {"type": "Feature", "geometry": {"type": "Point", "coordinates": [136.5618223, 34.99400651]}, "properties": {"feature_id": "492608195", "city": "四日市市", "area_sqm": 1282, "reject": 0.2433, "ai_level": "適当", "ai_symbol": "○", "confidence": 0.7567, "reason": "①青地外(農振)②ハザード外③接道④系統連系 ゲート通過済み(computeCyanLive母集団) / AI衛星判定reject score=0.2433(低いほど優良地寄り) / 閾値cut_ok=0.45未満→AI適地(○)", "noshin_status": "CLEAR", "hazard_status": "CLEAR"}}, {"type": "Feature", "geometry": {"type": "Point", "coordinates": [136.47507762500004, 34.93103133100004]}, "properties": {"feature_id": "241474462", "city": "鈴鹿市", "area_sqm": 1916, "reject": 0.2436, "ai_level": "適当", "ai_symbol": "○", "confidence": 0.7564, "reason": "①青地外(農振)②ハザード外③接道④系統連系 ゲート通過済み(computeCyanLive母集団) / AI衛星判定reject score=0.2436(低いほど優良地寄り) / 閾値cut_ok=0.45未満→AI適地(○)", "noshin_status": "CLEAR", "hazard_status": "CLEAR"}}, {"type": "Feature", "geometry": {"type": "Point", "coordinates": [136.49009785, 34.96305734]}, "properties": {"feature_id": "492649225", "city": "四日市市", "area_sqm": 1069, "reject": 0.244, "ai_level": "適当", "ai_symbol": "○", "confidence": 0.756, "reason": "①青地外(農振)②ハザード外③接道④系統連系 ゲート通過済み(computeCyanLive母集団) / AI衛星判定reject score=0.2440(低いほど優良地寄り) / 閾値cut_ok=0.45未満→AI適地(○)", "noshin_status": "CLEAR", "hazard_status": "CLEAR"}}, {"type": "Feature", "geometry": {"type": "Point", "coordinates": [136.46221205300003, 34.96760370100003]}, "properties": {"feature_id": "241464687", "city": "鈴鹿市", "area_sqm": 2621, "reject": 0.2443, "ai_level": "適当", "ai_symbol": "○", "confidence": 0.7557, "reason": "①青地外(農振)②ハザード外③接道④系統連系 ゲート通過済み(computeCyanLive母集団) / AI衛星判定reject score=0.2443(低いほど優良地寄り) / 閾値cut_ok=0.45未満→AI適地(○)", "noshin_status": "CLEAR", "hazard_status": "CLEAR"}}, {"type": "Feature", "geometry": {"type": "Point", "coordinates": [136.498234405, 34.883270399]}, "properties": {"feature_id": "241392608", "city": "鈴鹿市", "area_sqm": 991, "reject": 0.2444, "ai_level": "適当", "ai_symbol": "○", "confidence": 0.7556, "reason": "①青地外(農振)②ハザード外③接道④系統連系 ゲート通過済み(computeCyanLive母集団) / AI衛星判定reject score=0.2444(低いほど優良地寄り) / 閾値cut_ok=0.45未満→AI適地(○)", "noshin_status": "CLEAR", "hazard_status": "CLEAR"}}, {"type": "Feature", "geometry": {"type": "Point", "coordinates": [136.49254743000006, 34.925301654000066]}, "properties": {"feature_id": "241475115", "city": "鈴鹿市", "area_sqm": 1418, "reject": 0.2459, "ai_level": "適当", "ai_symbol": "○", "confidence": 0.7541, "reason": "①青地外(農振)②ハザード外③接道④系統連系 ゲート通過済み(computeCyanLive母集団) / AI衛星判定reject score=0.2459(低いほど優良地寄り) / 閾値cut_ok=0.45未満→AI適地(○)", "noshin_status": "CLEAR", "hazard_status": "CLEAR"}}, {"type": "Feature", "geometry": {"type": "Point", "coordinates": [136.4621412030001, 34.688014750000036]}, "properties": {"feature_id": "478754181", "city": "津市", "area_sqm": 994, "reject": 0.246, "ai_level": "適当", "ai_symbol": "○", "confidence": 0.754, "reason": "①青地外(農振)②ハザード外③接道④系統連系 ゲート通過済み(computeCyanLive母集団) / AI衛星判定reject score=0.2460(低いほど優良地寄り) / 閾値cut_ok=0.45未満→AI適地(○)", "noshin_status": "CLEAR", "hazard_status": "CLEAR"}}, {"type": "Feature", "geometry": {"type": "Point", "coordinates": [136.5444429, 34.95183689]}, "properties": {"feature_id": "492594389", "city": "四日市市", "area_sqm": 981, "reject": 0.2469, "ai_level": "適当", "ai_symbol": "○", "confidence": 0.7531, "reason": "①青地外(農振)②ハザード外③接道④系統連系 ゲート通過済み(computeCyanLive母集団) / AI衛星判定reject score=0.2469(低いほど優良地寄り) / 閾値cut_ok=0.45未満→AI適地(○)", "noshin_status": "CLEAR", "hazard_status": "CLEAR"}}, {"type": "Feature", "geometry": {"type": "Point", "coordinates": [136.54318853, 34.94016862]}, "properties": {"feature_id": "492593940", "city": "四日市市", "area_sqm": 1305, "reject": 0.2472, "ai_level": "適当", "ai_symbol": "○", "confidence": 0.7528, "reason": "①青地外(農振)②ハザード外③接道④系統連系 ゲート通過済み(computeCyanLive母集団) / AI衛星判定reject score=0.2472(低いほど優良地寄り) / 閾値cut_ok=0.45未満→AI適地(○)", "noshin_status": "CLEAR", "hazard_status": "CLEAR"}}, {"type": "Feature", "geometry": {"type": "Point", "coordinates": [136.54375576, 34.96385889]}, "properties": {"feature_id": "492595479", "city": "四日市市", "area_sqm": 1067, "reject": 0.2473, "ai_level": "適当", "ai_symbol": "○", "confidence": 0.7527, "reason": "①青地外(農振)②ハザード外③接道④系統連系 ゲート通過済み(computeCyanLive母集団) / AI衛星判定reject score=0.2473(低いほど優良地寄り) / 閾値cut_ok=0.45未満→AI適地(○)", "noshin_status": "CLEAR", "hazard_status": "CLEAR"}}, {"type": "Feature", "geometry": {"type": "Point", "coordinates": [136.57865772, 35.02225799]}, "properties": {"feature_id": "492626334", "city": "四日市市", "area_sqm": 1659, "reject": 0.248, "ai_level": "適当", "ai_symbol": "○", "confidence": 0.752, "reason": "①青地外(農振)②ハザード外③接道④系統連系 ゲート通過済み(computeCyanLive母集団) / AI衛星判定reject score=0.2480(低いほど優良地寄り) / 閾値cut_ok=0.45未満→AI適地(○)", "noshin_status": "CLEAR", "hazard_status": "CLEAR"}}, {"type": "Feature", "geometry": {"type": "Point", "coordinates": [136.56040354, 35.01864742]}, "properties": {"feature_id": "492624398", "city": "四日市市", "area_sqm": 994, "reject": 0.248, "ai_level": "適当", "ai_symbol": "○", "confidence": 0.752, "reason": "①青地外(農振)②ハザード外③接道④系統連系 ゲート通過済み(computeCyanLive母集団) / AI衛星判定reject score=0.2480(低いほど優良地寄り) / 閾値cut_ok=0.45未満→AI適地(○)", "noshin_status": "CLEAR", "hazard_status": "CLEAR"}}, {"type": "Feature", "geometry": {"type": "Point", "coordinates": [136.4641262, 34.98239623]}, "properties": {"feature_id": "492646692", "city": "四日市市", "area_sqm": 892, "reject": 0.2482, "ai_level": "適当", "ai_symbol": "○", "confidence": 0.7518, "reason": "①青地外(農振)②ハザード外③接道④系統連系 ゲート通過済み(computeCyanLive母集団) / AI衛星判定reject score=0.2482(低いほど優良地寄り) / 閾値cut_ok=0.45未満→AI適地(○)", "noshin_status": "CLEAR", "hazard_status": "CLEAR"}}, {"type": "Feature", "geometry": {"type": "Point", "coordinates": [136.54281387, 34.95542476]}, "properties": {"feature_id": "492581523", "city": "四日市市", "area_sqm": 1140, "reject": 0.2488, "ai_level": "適当", "ai_symbol": "○", "confidence": 0.7512, "reason": "①青地外(農振)②ハザード外③接道④系統連系 ゲート通過済み(computeCyanLive母集団) / AI衛星判定reject score=0.2488(低いほど優良地寄り) / 閾値cut_ok=0.45未満→AI適地(○)", "noshin_status": "CLEAR", "hazard_status": "CLEAR"}}, {"type": "Feature", "geometry": {"type": "Point", "coordinates": [136.49886015000004, 34.855048246000024]}, "properties": {"feature_id": "241381200", "city": "鈴鹿市", "area_sqm": 866, "reject": 0.2489, "ai_level": "適当", "ai_symbol": "○", "confidence": 0.7511, "reason": "①青地外(農振)②ハザード外③接道④系統連系 ゲート通過済み(computeCyanLive母集団) / AI衛星判定reject score=0.2489(低いほど優良地寄り) / 閾値cut_ok=0.45未満→AI適地(○)", "noshin_status": "CLEAR", "hazard_status": "CLEAR"}}, {"type": "Feature", "geometry": {"type": "Point", "coordinates": [136.5175930250001, 34.78599811600003]}, "properties": {"feature_id": "478791981", "city": "津市", "area_sqm": 1467, "reject": 0.249, "ai_level": "適当", "ai_symbol": "○", "confidence": 0.751, "reason": "①青地外(農振)②ハザード外③接道④系統連系 ゲート通過済み(computeCyanLive母集団) / AI衛星判定reject score=0.2490(低いほど優良地寄り) / 閾値cut_ok=0.45未満→AI適地(○)", "noshin_status": "CLEAR", "hazard_status": "CLEAR"}}, {"type": "Feature", "geometry": {"type": "Point", "coordinates": [136.48453814, 34.97115258]}, "properties": {"feature_id": "492648325", "city": "四日市市", "area_sqm": 1196, "reject": 0.2499, "ai_level": "適当", "ai_symbol": "○", "confidence": 0.7501, "reason": "①青地外(農振)②ハザード外③接道④系統連系 ゲート通過済み(computeCyanLive母集団) / AI衛星判定reject score=0.2499(低いほど優良地寄り) / 閾値cut_ok=0.45未満→AI適地(○)", "noshin_status": "CLEAR", "hazard_status": "CLEAR"}}, {"type": "Feature", "geometry": {"type": "Point", "coordinates": [136.56903441, 35.00455257]}, "properties": {"feature_id": "492626775", "city": "四日市市", "area_sqm": 1186, "reject": 0.25, "ai_level": "適当", "ai_symbol": "○", "confidence": 0.75, "reason": "①青地外(農振)②ハザード外③接道④系統連系 ゲート通過済み(computeCyanLive母集団) / AI衛星判定reject score=0.2500(低いほど優良地寄り) / 閾値cut_ok=0.45未満→AI適地(○)", "noshin_status": "CLEAR", "hazard_status": "CLEAR"}}, {"type": "Feature", "geometry": {"type": "Point", "coordinates": [136.4774115, 34.96459954]}, "properties": {"feature_id": "492651460", "city": "四日市市", "area_sqm": 1754, "reject": 0.2512, "ai_level": "適当", "ai_symbol": "○", "confidence": 0.7488, "reason": "①青地外(農振)②ハザード外③接道④系統連系 ゲート通過済み(computeCyanLive母集団) / AI衛星判定reject score=0.2512(低いほど優良地寄り) / 閾値cut_ok=0.45未満→AI適地(○)", "noshin_status": "CLEAR", "hazard_status": "CLEAR"}}, {"type": "Feature", "geometry": {"type": "Point", "coordinates": [136.512538618, 34.864530598000044]}, "properties": {"feature_id": "241385123", "city": "鈴鹿市", "area_sqm": 968, "reject": 0.2512, "ai_level": "適当", "ai_symbol": "○", "confidence": 0.7488, "reason": "①青地外(農振)②ハザード外③接道④系統連系 ゲート通過済み(computeCyanLive母集団) / AI衛星判定reject score=0.2512(低いほど優良地寄り) / 閾値cut_ok=0.45未満→AI適地(○)", "noshin_status": "CLEAR", "hazard_status": "CLEAR"}}, {"type": "Feature", "geometry": {"type": "Point", "coordinates": [136.56924666, 35.00674029]}, "properties": {"feature_id": "492625422", "city": "四日市市", "area_sqm": 813, "reject": 0.2514, "ai_level": "適当", "ai_symbol": "○", "confidence": 0.7486, "reason": "①青地外(農振)②ハザード外③接道④系統連系 ゲート通過済み(computeCyanLive母集団) / AI衛星判定reject score=0.2514(低いほど優良地寄り) / 閾値cut_ok=0.45未満→AI適地(○)", "noshin_status": "CLEAR", "hazard_status": "CLEAR"}}, {"type": "Feature", "geometry": {"type": "Point", "coordinates": [136.38206548000005, 34.70420018600004]}, "properties": {"feature_id": "478777202", "city": "津市", "area_sqm": 1318, "reject": 0.2519, "ai_level": "適当", "ai_symbol": "○", "confidence": 0.7481, "reason": "①青地外(農振)②ハザード外③接道④系統連系 ゲート通過済み(computeCyanLive母集団) / AI衛星判定reject score=0.2519(低いほど優良地寄り) / 閾値cut_ok=0.45未満→AI適地(○)", "noshin_status": "CLEAR", "hazard_status": "CLEAR"}}, {"type": "Feature", "geometry": {"type": "Point", "coordinates": [136.56949067100004, 34.90537145900004]}, "properties": {"feature_id": "241419985", "city": "鈴鹿市", "area_sqm": 892, "reject": 0.2523, "ai_level": "適当", "ai_symbol": "○", "confidence": 0.7477, "reason": "①青地外(農振)②ハザード外③接道④系統連系 ゲート通過済み(computeCyanLive母集団) / AI衛星判定reject score=0.2523(低いほど優良地寄り) / 閾値cut_ok=0.45未満→AI適地(○)", "noshin_status": "CLEAR", "hazard_status": "CLEAR"}}, {"type": "Feature", "geometry": {"type": "Point", "coordinates": [136.51917505000006, 34.78937126100004]}, "properties": {"feature_id": "478792108", "city": "津市", "area_sqm": 841, "reject": 0.2523, "ai_level": "適当", "ai_symbol": "○", "confidence": 0.7477, "reason": "①青地外(農振)②ハザード外③接道④系統連系 ゲート通過済み(computeCyanLive母集団) / AI衛星判定reject score=0.2523(低いほど優良地寄り) / 閾値cut_ok=0.45未満→AI適地(○)", "noshin_status": "CLEAR", "hazard_status": "CLEAR"}}, {"type": "Feature", "geometry": {"type": "Point", "coordinates": [136.50230931, 34.9716535]}, "properties": {"feature_id": "492649994", "city": "四日市市", "area_sqm": 3253, "reject": 0.2526, "ai_level": "適当", "ai_symbol": "○", "confidence": 0.7474, "reason": "①青地外(農振)②ハザード外③接道④系統連系 ゲート通過済み(computeCyanLive母集団) / AI衛星判定reject score=0.2526(低いほど優良地寄り) / 閾値cut_ok=0.45未満→AI適地(○)", "noshin_status": "CLEAR", "hazard_status": "CLEAR"}}, {"type": "Feature", "geometry": {"type": "Point", "coordinates": [136.51992424, 34.98887927]}, "properties": {"feature_id": "492616000", "city": "四日市市", "area_sqm": 1196, "reject": 0.2529, "ai_level": "適当", "ai_symbol": "○", "confidence": 0.7471, "reason": "①青地外(農振)②ハザード外③接道④系統連系 ゲート通過済み(computeCyanLive母集団) / AI衛星判定reject score=0.2529(低いほど優良地寄り) / 閾値cut_ok=0.45未満→AI適地(○)", "noshin_status": "CLEAR", "hazard_status": "CLEAR"}}, {"type": "Feature", "geometry": {"type": "Point", "coordinates": [136.5520771670001, 34.91591511300004]}, "properties": {"feature_id": "241459229", "city": "鈴鹿市", "area_sqm": 1209, "reject": 0.2541, "ai_level": "適当", "ai_symbol": "○", "confidence": 0.7459, "reason": "①青地外(農振)②ハザード外③接道④系統連系 ゲート通過済み(computeCyanLive母集団) / AI衛星判定reject score=0.2541(低いほど優良地寄り) / 閾値cut_ok=0.45未満→AI適地(○)", "noshin_status": "CLEAR", "hazard_status": "CLEAR"}}, {"type": "Feature", "geometry": {"type": "Point", "coordinates": [136.51283903600006, 34.86374706200007]}, "properties": {"feature_id": "241382423", "city": "鈴鹿市", "area_sqm": 4521, "reject": 0.2557, "ai_level": "適当", "ai_symbol": "○", "confidence": 0.7443, "reason": "①青地外(農振)②ハザード外③接道④系統連系 ゲート通過済み(computeCyanLive母集団) / AI衛星判定reject score=0.2557(低いほど優良地寄り) / 閾値cut_ok=0.45未満→AI適地(○)", "noshin_status": "CLEAR", "hazard_status": "CLEAR"}}, {"type": "Feature", "geometry": {"type": "Point", "coordinates": [136.4613516710001, 34.93019671600007]}, "properties": {"feature_id": "241482250", "city": "鈴鹿市", "area_sqm": 1596, "reject": 0.2566, "ai_level": "適当", "ai_symbol": "○", "confidence": 0.7434, "reason": "①青地外(農振)②ハザード外③接道④系統連系 ゲート通過済み(computeCyanLive母集団) / AI衛星判定reject score=0.2566(低いほど優良地寄り) / 閾値cut_ok=0.45未満→AI適地(○)", "noshin_status": "CLEAR", "hazard_status": "CLEAR"}}, {"type": "Feature", "geometry": {"type": "Point", "coordinates": [136.47407473200008, 34.93242235400004]}, "properties": {"feature_id": "241474456", "city": "鈴鹿市", "area_sqm": 810, "reject": 0.2577, "ai_level": "適当", "ai_symbol": "○", "confidence": 0.7423, "reason": "①青地外(農振)②ハザード外③接道④系統連系 ゲート通過済み(computeCyanLive母集団) / AI衛星判定reject score=0.2577(低いほど優良地寄り) / 閾値cut_ok=0.45未満→AI適地(○)", "noshin_status": "CLEAR", "hazard_status": "CLEAR"}}, {"type": "Feature", "geometry": {"type": "Point", "coordinates": [136.4609749020001, 34.68845435800006]}, "properties": {"feature_id": "478724137", "city": "津市", "area_sqm": 1735, "reject": 0.2579, "ai_level": "適当", "ai_symbol": "○", "confidence": 0.7421, "reason": "①青地外(農振)②ハザード外③接道④系統連系 ゲート通過済み(computeCyanLive母集団) / AI衛星判定reject score=0.2579(低いほど優良地寄り) / 閾値cut_ok=0.45未満→AI適地(○)", "noshin_status": "CLEAR", "hazard_status": "CLEAR"}}, {"type": "Feature", "geometry": {"type": "Point", "coordinates": [136.55520116600007, 34.90209548000007]}, "properties": {"feature_id": "241398514", "city": "鈴鹿市", "area_sqm": 809, "reject": 0.2583, "ai_level": "適当", "ai_symbol": "○", "confidence": 0.7417, "reason": "①青地外(農振)②ハザード外③接道④系統連系 ゲート通過済み(computeCyanLive母集団) / AI衛星判定reject score=0.2583(低いほど優良地寄り) / 閾値cut_ok=0.45未満→AI適地(○)", "noshin_status": "CLEAR", "hazard_status": "CLEAR"}}, {"type": "Feature", "geometry": {"type": "Point", "coordinates": [136.44004467900004, 34.810982624000076]}, "properties": {"feature_id": "478800633", "city": "津市", "area_sqm": 947, "reject": 0.2586, "ai_level": "適当", "ai_symbol": "○", "confidence": 0.7414, "reason": "①青地外(農振)②ハザード外③接道④系統連系 ゲート通過済み(computeCyanLive母集団) / AI衛星判定reject score=0.2586(低いほど優良地寄り) / 閾値cut_ok=0.45未満→AI適地(○)", "noshin_status": "CLEAR", "hazard_status": "CLEAR"}}, {"type": "Feature", "geometry": {"type": "Point", "coordinates": [136.56136812, 35.01869137]}, "properties": {"feature_id": "492624407", "city": "四日市市", "area_sqm": 833, "reject": 0.2587, "ai_level": "適当", "ai_symbol": "○", "confidence": 0.7413, "reason": "①青地外(農振)②ハザード外③接道④系統連系 ゲート通過済み(computeCyanLive母集団) / AI衛星判定reject score=0.2587(低いほど優良地寄り) / 閾値cut_ok=0.45未満→AI適地(○)", "noshin_status": "CLEAR", "hazard_status": "CLEAR"}}, {"type": "Feature", "geometry": {"type": "Point", "coordinates": [136.50374386, 34.96729493]}, "properties": {"feature_id": "493228706", "city": "四日市市", "area_sqm": 1249, "reject": 0.2591, "ai_level": "適当", "ai_symbol": "○", "confidence": 0.7409, "reason": "①青地外(農振)②ハザード外③接道④系統連系 ゲート通過済み(computeCyanLive母集団) / AI衛星判定reject score=0.2591(低いほど優良地寄り) / 閾値cut_ok=0.45未満→AI適地(○)", "noshin_status": "CLEAR", "hazard_status": "CLEAR"}}, {"type": "Feature", "geometry": {"type": "Point", "coordinates": [136.49809898, 34.95539164]}, "properties": {"feature_id": "492649333", "city": "四日市市", "area_sqm": 1121, "reject": 0.2596, "ai_level": "適当", "ai_symbol": "○", "confidence": 0.7404, "reason": "①青地外(農振)②ハザード外③接道④系統連系 ゲート通過済み(computeCyanLive母集団) / AI衛星判定reject score=0.2596(低いほど優良地寄り) / 閾値cut_ok=0.45未満→AI適地(○)", "noshin_status": "CLEAR", "hazard_status": "CLEAR"}}, {"type": "Feature", "geometry": {"type": "Point", "coordinates": [136.49178127300002, 34.85140021300003]}, "properties": {"feature_id": "241381037", "city": "鈴鹿市", "area_sqm": 997, "reject": 0.2603, "ai_level": "適当", "ai_symbol": "○", "confidence": 0.7397, "reason": "①青地外(農振)②ハザード外③接道④系統連系 ゲート通過済み(computeCyanLive母集団) / AI衛星判定reject score=0.2603(低いほど優良地寄り) / 閾値cut_ok=0.45未満→AI適地(○)", "noshin_status": "CLEAR", "hazard_status": "CLEAR"}}, {"type": "Feature", "geometry": {"type": "Point", "coordinates": [136.54071921, 34.98926224]}, "properties": {"feature_id": "492613364", "city": "四日市市", "area_sqm": 1372, "reject": 0.2605, "ai_level": "適当", "ai_symbol": "○", "confidence": 0.7395, "reason": "①青地外(農振)②ハザード外③接道④系統連系 ゲート通過済み(computeCyanLive母集団) / AI衛星判定reject score=0.2605(低いほど優良地寄り) / 閾値cut_ok=0.45未満→AI適地(○)", "noshin_status": "CLEAR", "hazard_status": "CLEAR"}}, {"type": "Feature", "geometry": {"type": "Point", "coordinates": [136.49881107700003, 34.853242984000076]}, "properties": {"feature_id": "241382100", "city": "鈴鹿市", "area_sqm": 1004, "reject": 0.2609, "ai_level": "適当", "ai_symbol": "○", "confidence": 0.7391, "reason": "①青地外(農振)②ハザード外③接道④系統連系 ゲート通過済み(computeCyanLive母集団) / AI衛星判定reject score=0.2609(低いほど優良地寄り) / 閾値cut_ok=0.45未満→AI適地(○)", "noshin_status": "CLEAR", "hazard_status": "CLEAR"}}, {"type": "Feature", "geometry": {"type": "Point", "coordinates": [136.47774832800008, 34.90785681800003]}, "properties": {"feature_id": "241478630", "city": "鈴鹿市", "area_sqm": 1163, "reject": 0.2612, "ai_level": "適当", "ai_symbol": "○", "confidence": 0.7388, "reason": "①青地外(農振)②ハザード外③接道④系統連系 ゲート通過済み(computeCyanLive母集団) / AI衛星判定reject score=0.2612(低いほど優良地寄り) / 閾値cut_ok=0.45未満→AI適地(○)", "noshin_status": "CLEAR", "hazard_status": "CLEAR"}}, {"type": "Feature", "geometry": {"type": "Point", "coordinates": [136.49740885200004, 34.76472428100004]}, "properties": {"feature_id": "478687603", "city": "津市", "area_sqm": 1025, "reject": 0.2612, "ai_level": "適当", "ai_symbol": "○", "confidence": 0.7388, "reason": "①青地外(農振)②ハザード外③接道④系統連系 ゲート通過済み(computeCyanLive母集団) / AI衛星判定reject score=0.2612(低いほど優良地寄り) / 閾値cut_ok=0.45未満→AI適地(○)", "noshin_status": "CLEAR", "hazard_status": "CLEAR"}}, {"type": "Feature", "geometry": {"type": "Point", "coordinates": [136.4955794230001, 34.85416790100004]}, "properties": {"feature_id": "241381247", "city": "鈴鹿市", "area_sqm": 991, "reject": 0.2622, "ai_level": "適当", "ai_symbol": "○", "confidence": 0.7378, "reason": "①青地外(農振)②ハザード外③接道④系統連系 ゲート通過済み(computeCyanLive母集団) / AI衛星判定reject score=0.2622(低いほど優良地寄り) / 閾値cut_ok=0.45未満→AI適地(○)", "noshin_status": "CLEAR", "hazard_status": "CLEAR"}}, {"type": "Feature", "geometry": {"type": "Point", "coordinates": [136.57383388, 35.00742822]}, "properties": {"feature_id": "492625325", "city": "四日市市", "area_sqm": 1136, "reject": 0.2623, "ai_level": "適当", "ai_symbol": "○", "confidence": 0.7377, "reason": "①青地外(農振)②ハザード外③接道④系統連系 ゲート通過済み(computeCyanLive母集団) / AI衛星判定reject score=0.2623(低いほど優良地寄り) / 閾値cut_ok=0.45未満→AI適地(○)", "noshin_status": "CLEAR", "hazard_status": "CLEAR"}}, {"type": "Feature", "geometry": {"type": "Point", "coordinates": [136.56967236, 35.05301314]}, "properties": {"feature_id": "492654445", "city": "四日市市", "area_sqm": 929, "reject": 0.2631, "ai_level": "適当", "ai_symbol": "○", "confidence": 0.7369, "reason": "①青地外(農振)②ハザード外③接道④系統連系 ゲート通過済み(computeCyanLive母集団) / AI衛星判定reject score=0.2631(低いほど優良地寄り) / 閾値cut_ok=0.45未満→AI適地(○)", "noshin_status": "CLEAR", "hazard_status": "CLEAR"}}, {"type": "Feature", "geometry": {"type": "Point", "coordinates": [136.48964884, 34.96353422]}, "properties": {"feature_id": "492649230", "city": "四日市市", "area_sqm": 1146, "reject": 0.2637, "ai_level": "適当", "ai_symbol": "○", "confidence": 0.7363, "reason": "①青地外(農振)②ハザード外③接道④系統連系 ゲート通過済み(computeCyanLive母集団) / AI衛星判定reject score=0.2637(低いほど優良地寄り) / 閾値cut_ok=0.45未満→AI適地(○)", "noshin_status": "CLEAR", "hazard_status": "CLEAR"}}, {"type": "Feature", "geometry": {"type": "Point", "coordinates": [136.490129625, 34.931238965000034]}, "properties": {"feature_id": "241472752", "city": "鈴鹿市", "area_sqm": 1312, "reject": 0.2639, "ai_level": "適当", "ai_symbol": "○", "confidence": 0.7361, "reason": "①青地外(農振)②ハザード外③接道④系統連系 ゲート通過済み(computeCyanLive母集団) / AI衛星判定reject score=0.2639(低いほど優良地寄り) / 閾値cut_ok=0.45未満→AI適地(○)", "noshin_status": "CLEAR", "hazard_status": "CLEAR"}}, {"type": "Feature", "geometry": {"type": "Point", "coordinates": [136.34555790000002, 34.67311541500004]}, "properties": {"feature_id": "479043231", "city": "津市", "area_sqm": 1017, "reject": 0.2642, "ai_level": "適当", "ai_symbol": "○", "confidence": 0.7358, "reason": "①青地外(農振)②ハザード外③接道④系統連系 ゲート通過済み(computeCyanLive母集団) / AI衛星判定reject score=0.2642(低いほど優良地寄り) / 閾値cut_ok=0.45未満→AI適地(○)", "noshin_status": "CLEAR", "hazard_status": "CLEAR"}}, {"type": "Feature", "geometry": {"type": "Point", "coordinates": [136.49827981, 34.95506429]}, "properties": {"feature_id": "492649331", "city": "四日市市", "area_sqm": 2652, "reject": 0.2643, "ai_level": "適当", "ai_symbol": "○", "confidence": 0.7357, "reason": "①青地外(農振)②ハザード外③接道④系統連系 ゲート通過済み(computeCyanLive母集団) / AI衛星判定reject score=0.2643(低いほど優良地寄り) / 閾値cut_ok=0.45未満→AI適地(○)", "noshin_status": "CLEAR", "hazard_status": "CLEAR"}}, {"type": "Feature", "geometry": {"type": "Point", "coordinates": [136.48041012, 34.96251157]}, "properties": {"feature_id": "492651749", "city": "四日市市", "area_sqm": 2165, "reject": 0.2643, "ai_level": "適当", "ai_symbol": "○", "confidence": 0.7357, "reason": "①青地外(農振)②ハザード外③接道④系統連系 ゲート通過済み(computeCyanLive母集団) / AI衛星判定reject score=0.2643(低いほど優良地寄り) / 閾値cut_ok=0.45未満→AI適地(○)", "noshin_status": "CLEAR", "hazard_status": "CLEAR"}}, {"type": "Feature", "geometry": {"type": "Point", "coordinates": [136.49738528400007, 34.881656504000034]}, "properties": {"feature_id": "241392596", "city": "鈴鹿市", "area_sqm": 991, "reject": 0.2643, "ai_level": "適当", "ai_symbol": "○", "confidence": 0.7357, "reason": "①青地外(農振)②ハザード外③接道④系統連系 ゲート通過済み(computeCyanLive母集団) / AI衛星判定reject score=0.2643(低いほど優良地寄り) / 閾値cut_ok=0.45未満→AI適地(○)", "noshin_status": "CLEAR", "hazard_status": "CLEAR"}}, {"type": "Feature", "geometry": {"type": "Point", "coordinates": [136.4808642, 34.96251017]}, "properties": {"feature_id": "492651753", "city": "四日市市", "area_sqm": 885, "reject": 0.2646, "ai_level": "適当", "ai_symbol": "○", "confidence": 0.7354, "reason": "①青地外(農振)②ハザード外③接道④系統連系 ゲート通過済み(computeCyanLive母集団) / AI衛星判定reject score=0.2646(低いほど優良地寄り) / 閾値cut_ok=0.45未満→AI適地(○)", "noshin_status": "CLEAR", "hazard_status": "CLEAR"}}, {"type": "Feature", "geometry": {"type": "Point", "coordinates": [136.49747664000006, 34.856081000000074]}, "properties": {"feature_id": "241381057", "city": "鈴鹿市", "area_sqm": 1176, "reject": 0.265, "ai_level": "適当", "ai_symbol": "○", "confidence": 0.735, "reason": "①青地外(農振)②ハザード外③接道④系統連系 ゲート通過済み(computeCyanLive母集団) / AI衛星判定reject score=0.2650(低いほど優良地寄り) / 閾値cut_ok=0.45未満→AI適地(○)", "noshin_status": "CLEAR", "hazard_status": "CLEAR"}}, {"type": "Feature", "geometry": {"type": "Point", "coordinates": [136.49441675800006, 34.854580491000036]}, "properties": {"feature_id": "241381255", "city": "鈴鹿市", "area_sqm": 1766, "reject": 0.2654, "ai_level": "適当", "ai_symbol": "○", "confidence": 0.7346, "reason": "①青地外(農振)②ハザード外③接道④系統連系 ゲート通過済み(computeCyanLive母集団) / AI衛星判定reject score=0.2654(低いほど優良地寄り) / 閾値cut_ok=0.45未満→AI適地(○)", "noshin_status": "CLEAR", "hazard_status": "CLEAR"}}, {"type": "Feature", "geometry": {"type": "Point", "coordinates": [136.49370401700003, 34.85158184200003]}, "properties": {"feature_id": "241381016", "city": "鈴鹿市", "area_sqm": 5370, "reject": 0.2666, "ai_level": "適当", "ai_symbol": "○", "confidence": 0.7334, "reason": "①青地外(農振)②ハザード外③接道④系統連系 ゲート通過済み(computeCyanLive母集団) / AI衛星判定reject score=0.2666(低いほど優良地寄り) / 閾値cut_ok=0.45未満→AI適地(○)", "noshin_status": "CLEAR", "hazard_status": "CLEAR"}}, {"type": "Feature", "geometry": {"type": "Point", "coordinates": [136.6011524, 35.04129063]}, "properties": {"feature_id": "492632758", "city": "四日市市", "area_sqm": 936, "reject": 0.2666, "ai_level": "適当", "ai_symbol": "○", "confidence": 0.7334, "reason": "①青地外(農振)②ハザード外③接道④系統連系 ゲート通過済み(computeCyanLive母集団) / AI衛星判定reject score=0.2666(低いほど優良地寄り) / 閾値cut_ok=0.45未満→AI適地(○)", "noshin_status": "CLEAR", "hazard_status": "CLEAR"}}, {"type": "Feature", "geometry": {"type": "Point", "coordinates": [136.55767072, 34.96766336]}, "properties": {"feature_id": "492604206", "city": "四日市市", "area_sqm": 1853, "reject": 0.2667, "ai_level": "適当", "ai_symbol": "○", "confidence": 0.7333, "reason": "①青地外(農振)②ハザード外③接道④系統連系 ゲート通過済み(computeCyanLive母集団) / AI衛星判定reject score=0.2667(低いほど優良地寄り) / 閾値cut_ok=0.45未満→AI適地(○)", "noshin_status": "CLEAR", "hazard_status": "CLEAR"}}, {"type": "Feature", "geometry": {"type": "Point", "coordinates": [136.57233246, 35.0071451]}, "properties": {"feature_id": "492625347", "city": "四日市市", "area_sqm": 905, "reject": 0.2672, "ai_level": "適当", "ai_symbol": "○", "confidence": 0.7328, "reason": "①青地外(農振)②ハザード外③接道④系統連系 ゲート通過済み(computeCyanLive母集団) / AI衛星判定reject score=0.2672(低いほど優良地寄り) / 閾値cut_ok=0.45未満→AI適地(○)", "noshin_status": "CLEAR", "hazard_status": "CLEAR"}}, {"type": "Feature", "geometry": {"type": "Point", "coordinates": [136.47584490500003, 34.68711479000007]}, "properties": {"feature_id": "478752591", "city": "津市", "area_sqm": 1126, "reject": 0.2679, "ai_level": "適当", "ai_symbol": "○", "confidence": 0.7321, "reason": "①青地外(農振)②ハザード外③接道④系統連系 ゲート通過済み(computeCyanLive母集団) / AI衛星判定reject score=0.2679(低いほど優良地寄り) / 閾値cut_ok=0.45未満→AI適地(○)", "noshin_status": "CLEAR", "hazard_status": "CLEAR"}}, {"type": "Feature", "geometry": {"type": "Point", "coordinates": [136.50907561, 34.99099224]}, "properties": {"feature_id": "492615622", "city": "四日市市", "area_sqm": 1274, "reject": 0.268, "ai_level": "適当", "ai_symbol": "○", "confidence": 0.732, "reason": "①青地外(農振)②ハザード外③接道④系統連系 ゲート通過済み(computeCyanLive母集団) / AI衛星判定reject score=0.2680(低いほど優良地寄り) / 閾値cut_ok=0.45未満→AI適地(○)", "noshin_status": "CLEAR", "hazard_status": "CLEAR"}}, {"type": "Feature", "geometry": {"type": "Point", "coordinates": [136.47760998, 34.97466948]}, "properties": {"feature_id": "492648520", "city": "四日市市", "area_sqm": 1077, "reject": 0.2689, "ai_level": "適当", "ai_symbol": "○", "confidence": 0.7311, "reason": "①青地外(農振)②ハザード外③接道④系統連系 ゲート通過済み(computeCyanLive母集団) / AI衛星判定reject score=0.2689(低いほど優良地寄り) / 閾値cut_ok=0.45未満→AI適地(○)", "noshin_status": "CLEAR", "hazard_status": "CLEAR"}}, {"type": "Feature", "geometry": {"type": "Point", "coordinates": [136.56573131, 35.03951163]}, "properties": {"feature_id": "492655219", "city": "四日市市", "area_sqm": 1071, "reject": 0.2692, "ai_level": "適当", "ai_symbol": "○", "confidence": 0.7308, "reason": "①青地外(農振)②ハザード外③接道④系統連系 ゲート通過済み(computeCyanLive母集団) / AI衛星判定reject score=0.2692(低いほど優良地寄り) / 閾値cut_ok=0.45未満→AI適地(○)", "noshin_status": "CLEAR", "hazard_status": "CLEAR"}}, {"type": "Feature", "geometry": {"type": "Point", "coordinates": [136.5438345, 34.93980064]}, "properties": {"feature_id": "492593937", "city": "四日市市", "area_sqm": 1104, "reject": 0.2695, "ai_level": "適当", "ai_symbol": "○", "confidence": 0.7305, "reason": "①青地外(農振)②ハザード外③接道④系統連系 ゲート通過済み(computeCyanLive母集団) / AI衛星判定reject score=0.2695(低いほど優良地寄り) / 閾値cut_ok=0.45未満→AI適地(○)", "noshin_status": "CLEAR", "hazard_status": "CLEAR"}}, {"type": "Feature", "geometry": {"type": "Point", "coordinates": [136.57567709, 35.00567096]}, "properties": {"feature_id": "492625293", "city": "四日市市", "area_sqm": 991, "reject": 0.2699, "ai_level": "適当", "ai_symbol": "○", "confidence": 0.7301, "reason": "①青地外(農振)②ハザード外③接道④系統連系 ゲート通過済み(computeCyanLive母集団) / AI衛星判定reject score=0.2699(低いほど優良地寄り) / 閾値cut_ok=0.45未満→AI適地(○)", "noshin_status": "CLEAR", "hazard_status": "CLEAR"}}, {"type": "Feature", "geometry": {"type": "Point", "coordinates": [136.49727007400008, 34.85092950600006]}, "properties": {"feature_id": "241383501", "city": "鈴鹿市", "area_sqm": 1514, "reject": 0.27, "ai_level": "適当", "ai_symbol": "○", "confidence": 0.73, "reason": "①青地外(農振)②ハザード外③接道④系統連系 ゲート通過済み(computeCyanLive母集団) / AI衛星判定reject score=0.2700(低いほど優良地寄り) / 閾値cut_ok=0.45未満→AI適地(○)", "noshin_status": "CLEAR", "hazard_status": "CLEAR"}}, {"type": "Feature", "geometry": {"type": "Point", "coordinates": [136.46303448900005, 34.68964667300003]}, "properties": {"feature_id": "478724103", "city": "津市", "area_sqm": 1011, "reject": 0.2701, "ai_level": "適当", "ai_symbol": "○", "confidence": 0.7299, "reason": "①青地外(農振)②ハザード外③接道④系統連系 ゲート通過済み(computeCyanLive母集団) / AI衛星判定reject score=0.2701(低いほど優良地寄り) / 閾値cut_ok=0.45未満→AI適地(○)", "noshin_status": "CLEAR", "hazard_status": "CLEAR"}}, {"type": "Feature", "geometry": {"type": "Point", "coordinates": [136.57012379, 35.00677172]}, "properties": {"feature_id": "492625406", "city": "四日市市", "area_sqm": 1990, "reject": 0.2705, "ai_level": "適当", "ai_symbol": "○", "confidence": 0.7295, "reason": "①青地外(農振)②ハザード外③接道④系統連系 ゲート通過済み(computeCyanLive母集団) / AI衛星判定reject score=0.2705(低いほど優良地寄り) / 閾値cut_ok=0.45未満→AI適地(○)", "noshin_status": "CLEAR", "hazard_status": "CLEAR"}}, {"type": "Feature", "geometry": {"type": "Point", "coordinates": [136.47957407, 34.97264938]}, "properties": {"feature_id": "492648145", "city": "四日市市", "area_sqm": 1424, "reject": 0.2705, "ai_level": "適当", "ai_symbol": "○", "confidence": 0.7295, "reason": "①青地外(農振)②ハザード外③接道④系統連系 ゲート通過済み(computeCyanLive母集団) / AI衛星判定reject score=0.2705(低いほど優良地寄り) / 閾値cut_ok=0.45未満→AI適地(○)", "noshin_status": "CLEAR", "hazard_status": "CLEAR"}}, {"type": "Feature", "geometry": {"type": "Point", "coordinates": [136.57507845, 35.00670454]}, "properties": {"feature_id": "492625308", "city": "四日市市", "area_sqm": 1354, "reject": 0.2706, "ai_level": "適当", "ai_symbol": "○", "confidence": 0.7294, "reason": "①青地外(農振)②ハザード外③接道④系統連系 ゲート通過済み(computeCyanLive母集団) / AI衛星判定reject score=0.2706(低いほど優良地寄り) / 閾値cut_ok=0.45未満→AI適地(○)", "noshin_status": "CLEAR", "hazard_status": "CLEAR"}}, {"type": "Feature", "geometry": {"type": "Point", "coordinates": [136.4733053230001, 34.93374012500004]}, "properties": {"feature_id": "241474264", "city": "鈴鹿市", "area_sqm": 899, "reject": 0.271, "ai_level": "適当", "ai_symbol": "○", "confidence": 0.729, "reason": "①青地外(農振)②ハザード外③接道④系統連系 ゲート通過済み(computeCyanLive母集団) / AI衛星判定reject score=0.2710(低いほど優良地寄り) / 閾値cut_ok=0.45未満→AI適地(○)", "noshin_status": "CLEAR", "hazard_status": "CLEAR"}}, {"type": "Feature", "geometry": {"type": "Point", "coordinates": [136.54486589, 34.94745229]}, "properties": {"feature_id": "492594303", "city": "四日市市", "area_sqm": 1038, "reject": 0.2716, "ai_level": "適当", "ai_symbol": "○", "confidence": 0.7284, "reason": "①青地外(農振)②ハザード外③接道④系統連系 ゲート通過済み(computeCyanLive母集団) / AI衛星判定reject score=0.2716(低いほど優良地寄り) / 閾値cut_ok=0.45未満→AI適地(○)", "noshin_status": "CLEAR", "hazard_status": "CLEAR"}}, {"type": "Feature", "geometry": {"type": "Point", "coordinates": [136.49173200300004, 34.84992130200004]}, "properties": {"feature_id": "241383584", "city": "鈴鹿市", "area_sqm": 1192, "reject": 0.2733, "ai_level": "適当", "ai_symbol": "○", "confidence": 0.7267, "reason": "①青地外(農振)②ハザード外③接道④系統連系 ゲート通過済み(computeCyanLive母集団) / AI衛星判定reject score=0.2733(低いほど優良地寄り) / 閾値cut_ok=0.45未満→AI適地(○)", "noshin_status": "CLEAR", "hazard_status": "CLEAR"}}, {"type": "Feature", "geometry": {"type": "Point", "coordinates": [136.55356006, 35.00740915]}, "properties": {"feature_id": "492627199", "city": "四日市市", "area_sqm": 1130, "reject": 0.2745, "ai_level": "適当", "ai_symbol": "○", "confidence": 0.7255, "reason": "①青地外(農振)②ハザード外③接道④系統連系 ゲート通過済み(computeCyanLive母集団) / AI衛星判定reject score=0.2745(低いほど優良地寄り) / 閾値cut_ok=0.45未満→AI適地(○)", "noshin_status": "CLEAR", "hazard_status": "CLEAR"}}, {"type": "Feature", "geometry": {"type": "Point", "coordinates": [136.55840599, 35.00710722]}, "properties": {"feature_id": "492626978", "city": "四日市市", "area_sqm": 986, "reject": 0.275, "ai_level": "適当", "ai_symbol": "○", "confidence": 0.725, "reason": "①青地外(農振)②ハザード外③接道④系統連系 ゲート通過済み(computeCyanLive母集団) / AI衛星判定reject score=0.2750(低いほど優良地寄り) / 閾値cut_ok=0.45未満→AI適地(○)", "noshin_status": "CLEAR", "hazard_status": "CLEAR"}}, {"type": "Feature", "geometry": {"type": "Point", "coordinates": [136.57748874, 35.01853875]}, "properties": {"feature_id": "492626319", "city": "四日市市", "area_sqm": 2545, "reject": 0.2754, "ai_level": "適当", "ai_symbol": "○", "confidence": 0.7246, "reason": "①青地外(農振)②ハザード外③接道④系統連系 ゲート通過済み(computeCyanLive母集団) / AI衛星判定reject score=0.2754(低いほど優良地寄り) / 閾値cut_ok=0.45未満→AI適地(○)", "noshin_status": "CLEAR", "hazard_status": "CLEAR"}}, {"type": "Feature", "geometry": {"type": "Point", "coordinates": [136.56846791, 35.0070237]}, "properties": {"feature_id": "492625452", "city": "四日市市", "area_sqm": 1190, "reject": 0.2757, "ai_level": "適当", "ai_symbol": "○", "confidence": 0.7243, "reason": "①青地外(農振)②ハザード外③接道④系統連系 ゲート通過済み(computeCyanLive母集団) / AI衛星判定reject score=0.2757(低いほど優良地寄り) / 閾値cut_ok=0.45未満→AI適地(○)", "noshin_status": "CLEAR", "hazard_status": "CLEAR"}}, {"type": "Feature", "geometry": {"type": "Point", "coordinates": [136.56802089, 35.00651833]}, "properties": {"feature_id": "492625448", "city": "四日市市", "area_sqm": 1596, "reject": 0.2761, "ai_level": "適当", "ai_symbol": "○", "confidence": 0.7239, "reason": "①青地外(農振)②ハザード外③接道④系統連系 ゲート通過済み(computeCyanLive母集団) / AI衛星判定reject score=0.2761(低いほど優良地寄り) / 閾値cut_ok=0.45未満→AI適地(○)", "noshin_status": "CLEAR", "hazard_status": "CLEAR"}}, {"type": "Feature", "geometry": {"type": "Point", "coordinates": [136.3434374420001, 34.672809218000054]}, "properties": {"feature_id": "478998279", "city": "津市", "area_sqm": 1163, "reject": 0.2761, "ai_level": "適当", "ai_symbol": "○", "confidence": 0.7239, "reason": "①青地外(農振)②ハザード外③接道④系統連系 ゲート通過済み(computeCyanLive母集団) / AI衛星判定reject score=0.2761(低いほど優良地寄り) / 閾値cut_ok=0.45未満→AI適地(○)", "noshin_status": "CLEAR", "hazard_status": "CLEAR"}}, {"type": "Feature", "geometry": {"type": "Point", "coordinates": [136.53721462900012, 34.89780370700004]}, "properties": {"feature_id": "241399698", "city": "鈴鹿市", "area_sqm": 1543, "reject": 0.2767, "ai_level": "適当", "ai_symbol": "○", "confidence": 0.7233, "reason": "①青地外(農振)②ハザード外③接道④系統連系 ゲート通過済み(computeCyanLive母集団) / AI衛星判定reject score=0.2767(低いほど優良地寄り) / 閾値cut_ok=0.45未満→AI適地(○)", "noshin_status": "CLEAR", "hazard_status": "CLEAR"}}, {"type": "Feature", "geometry": {"type": "Point", "coordinates": [136.491762019, 34.907503525]}, "properties": {"feature_id": "241476486", "city": "鈴鹿市", "area_sqm": 1034, "reject": 0.2767, "ai_level": "適当", "ai_symbol": "○", "confidence": 0.7233, "reason": "①青地外(農振)②ハザード外③接道④系統連系 ゲート通過済み(computeCyanLive母集団) / AI衛星判定reject score=0.2767(低いほど優良地寄り) / 閾値cut_ok=0.45未満→AI適地(○)", "noshin_status": "CLEAR", "hazard_status": "CLEAR"}}, {"type": "Feature", "geometry": {"type": "Point", "coordinates": [136.52624423100008, 34.85375945000004]}, "properties": {"feature_id": "241386580", "city": "鈴鹿市", "area_sqm": 1361, "reject": 0.2779, "ai_level": "適当", "ai_symbol": "○", "confidence": 0.7221, "reason": "①青地外(農振)②ハザード外③接道④系統連系 ゲート通過済み(computeCyanLive母集団) / AI衛星判定reject score=0.2779(低いほど優良地寄り) / 閾値cut_ok=0.45未満→AI適地(○)", "noshin_status": "CLEAR", "hazard_status": "CLEAR"}}, {"type": "Feature", "geometry": {"type": "Point", "coordinates": [136.56418736, 35.05837774]}, "properties": {"feature_id": "492657516", "city": "四日市市", "area_sqm": 1148, "reject": 0.2782, "ai_level": "適当", "ai_symbol": "○", "confidence": 0.7218, "reason": "①青地外(農振)②ハザード外③接道④系統連系 ゲート通過済み(computeCyanLive母集団) / AI衛星判定reject score=0.2782(低いほど優良地寄り) / 閾値cut_ok=0.45未満→AI適地(○)", "noshin_status": "CLEAR", "hazard_status": "CLEAR"}}, {"type": "Feature", "geometry": {"type": "Point", "coordinates": [136.53723195, 34.96016577]}, "properties": {"feature_id": "492581926", "city": "四日市市", "area_sqm": 1434, "reject": 0.2787, "ai_level": "適当", "ai_symbol": "○", "confidence": 0.7213, "reason": "①青地外(農振)②ハザード外③接道④系統連系 ゲート通過済み(computeCyanLive母集団) / AI衛星判定reject score=0.2787(低いほど優良地寄り) / 閾値cut_ok=0.45未満→AI適地(○)", "noshin_status": "CLEAR", "hazard_status": "CLEAR"}}, {"type": "Feature", "geometry": {"type": "Point", "coordinates": [136.4963915610001, 34.853970203000074]}, "properties": {"feature_id": "241381265", "city": "鈴鹿市", "area_sqm": 1633, "reject": 0.2794, "ai_level": "適当", "ai_symbol": "○", "confidence": 0.7206, "reason": "①青地外(農振)②ハザード外③接道④系統連系 ゲート通過済み(computeCyanLive母集団) / AI衛星判定reject score=0.2794(低いほど優良地寄り) / 閾値cut_ok=0.45未満→AI適地(○)", "noshin_status": "CLEAR", "hazard_status": "CLEAR"}}, {"type": "Feature", "geometry": {"type": "Point", "coordinates": [136.49049946500008, 34.92086987400006]}, "properties": {"feature_id": "241475523", "city": "鈴鹿市", "area_sqm": 828, "reject": 0.28, "ai_level": "適当", "ai_symbol": "○", "confidence": 0.72, "reason": "①青地外(農振)②ハザード外③接道④系統連系 ゲート通過済み(computeCyanLive母集団) / AI衛星判定reject score=0.2800(低いほど優良地寄り) / 閾値cut_ok=0.45未満→AI適地(○)", "noshin_status": "CLEAR", "hazard_status": "CLEAR"}}, {"type": "Feature", "geometry": {"type": "Point", "coordinates": [136.464687097, 34.968614492]}, "properties": {"feature_id": "241463679", "city": "鈴鹿市", "area_sqm": 1100, "reject": 0.2801, "ai_level": "適当", "ai_symbol": "○", "confidence": 0.7199, "reason": "①青地外(農振)②ハザード外③接道④系統連系 ゲート通過済み(computeCyanLive母集団) / AI衛星判定reject score=0.2801(低いほど優良地寄り) / 閾値cut_ok=0.45未満→AI適地(○)", "noshin_status": "CLEAR", "hazard_status": "CLEAR"}}, {"type": "Feature", "geometry": {"type": "Point", "coordinates": [136.45652612300012, 34.78744344900008]}, "properties": {"feature_id": "478914178", "city": "津市", "area_sqm": 978, "reject": 0.2811, "ai_level": "適当", "ai_symbol": "○", "confidence": 0.7189, "reason": "①青地外(農振)②ハザード外③接道④系統連系 ゲート通過済み(computeCyanLive母集団) / AI衛星判定reject score=0.2811(低いほど優良地寄り) / 閾値cut_ok=0.45未満→AI適地(○)", "noshin_status": "CLEAR", "hazard_status": "CLEAR"}}, {"type": "Feature", "geometry": {"type": "Point", "coordinates": [136.54066112, 35.0386106]}, "properties": {"feature_id": "492653742", "city": "四日市市", "area_sqm": 1419, "reject": 0.2818, "ai_level": "適当", "ai_symbol": "○", "confidence": 0.7182, "reason": "①青地外(農振)②ハザード外③接道④系統連系 ゲート通過済み(computeCyanLive母集団) / AI衛星判定reject score=0.2818(低いほど優良地寄り) / 閾値cut_ok=0.45未満→AI適地(○)", "noshin_status": "CLEAR", "hazard_status": "CLEAR"}}, {"type": "Feature", "geometry": {"type": "Point", "coordinates": [136.49803160600004, 34.859441566000044]}, "properties": {"feature_id": "241381624", "city": "鈴鹿市", "area_sqm": 1741, "reject": 0.2822, "ai_level": "適当", "ai_symbol": "○", "confidence": 0.7178, "reason": "①青地外(農振)②ハザード外③接道④系統連系 ゲート通過済み(computeCyanLive母集団) / AI衛星判定reject score=0.2822(低いほど優良地寄り) / 閾値cut_ok=0.45未満→AI適地(○)", "noshin_status": "CLEAR", "hazard_status": "CLEAR"}}, {"type": "Feature", "geometry": {"type": "Point", "coordinates": [136.49756309100007, 34.859272229000055]}, "properties": {"feature_id": "241381336", "city": "鈴鹿市", "area_sqm": 1041, "reject": 0.2825, "ai_level": "適当", "ai_symbol": "○", "confidence": 0.7175, "reason": "①青地外(農振)②ハザード外③接道④系統連系 ゲート通過済み(computeCyanLive母集団) / AI衛星判定reject score=0.2825(低いほど優良地寄り) / 閾値cut_ok=0.45未満→AI適地(○)", "noshin_status": "CLEAR", "hazard_status": "CLEAR"}}, {"type": "Feature", "geometry": {"type": "Point", "coordinates": [136.50395774, 34.96649917]}, "properties": {"feature_id": "492602431", "city": "四日市市", "area_sqm": 1983, "reject": 0.2827, "ai_level": "適当", "ai_symbol": "○", "confidence": 0.7173, "reason": "①青地外(農振)②ハザード外③接道④系統連系 ゲート通過済み(computeCyanLive母集団) / AI衛星判定reject score=0.2827(低いほど優良地寄り) / 閾値cut_ok=0.45未満→AI適地(○)", "noshin_status": "CLEAR", "hazard_status": "CLEAR"}}, {"type": "Feature", "geometry": {"type": "Point", "coordinates": [136.45990320700002, 34.96167058800006]}, "properties": {"feature_id": "241462968", "city": "鈴鹿市", "area_sqm": 839, "reject": 0.2832, "ai_level": "適当", "ai_symbol": "○", "confidence": 0.7168, "reason": "①青地外(農振)②ハザード外③接道④系統連系 ゲート通過済み(computeCyanLive母集団) / AI衛星判定reject score=0.2832(低いほど優良地寄り) / 閾値cut_ok=0.45未満→AI適地(○)", "noshin_status": "CLEAR", "hazard_status": "CLEAR"}}, {"type": "Feature", "geometry": {"type": "Point", "coordinates": [136.49832506100006, 34.85447321100003]}, "properties": {"feature_id": "241381195", "city": "鈴鹿市", "area_sqm": 2089, "reject": 0.2839, "ai_level": "適当", "ai_symbol": "○", "confidence": 0.7161, "reason": "①青地外(農振)②ハザード外③接道④系統連系 ゲート通過済み(computeCyanLive母集団) / AI衛星判定reject score=0.2839(低いほど優良地寄り) / 閾値cut_ok=0.45未満→AI適地(○)", "noshin_status": "CLEAR", "hazard_status": "CLEAR"}}, {"type": "Feature", "geometry": {"type": "Point", "coordinates": [136.61855746, 35.00343068]}, "properties": {"feature_id": "492641240", "city": "四日市市", "area_sqm": 1028, "reject": 0.2841, "ai_level": "適当", "ai_symbol": "○", "confidence": 0.7159, "reason": "①青地外(農振)②ハザード外③接道④系統連系 ゲート通過済み(computeCyanLive母集団) / AI衛星判定reject score=0.2841(低いほど優良地寄り) / 閾値cut_ok=0.45未満→AI適地(○)", "noshin_status": "CLEAR", "hazard_status": "CLEAR"}}, {"type": "Feature", "geometry": {"type": "Point", "coordinates": [136.56746881, 35.00604825]}, "properties": {"feature_id": "492625443", "city": "四日市市", "area_sqm": 1136, "reject": 0.2847, "ai_level": "適当", "ai_symbol": "○", "confidence": 0.7153, "reason": "①青地外(農振)②ハザード外③接道④系統連系 ゲート通過済み(computeCyanLive母集団) / AI衛星判定reject score=0.2847(低いほど優良地寄り) / 閾値cut_ok=0.45未満→AI適地(○)", "noshin_status": "CLEAR", "hazard_status": "CLEAR"}}, {"type": "Feature", "geometry": {"type": "Point", "coordinates": [136.49859151, 34.95571457]}, "properties": {"feature_id": "492649613", "city": "四日市市", "area_sqm": 1361, "reject": 0.2873, "ai_level": "適当", "ai_symbol": "○", "confidence": 0.7127, "reason": "①青地外(農振)②ハザード外③接道④系統連系 ゲート通過済み(computeCyanLive母集団) / AI衛星判定reject score=0.2873(低いほど優良地寄り) / 閾値cut_ok=0.45未満→AI適地(○)", "noshin_status": "CLEAR", "hazard_status": "CLEAR"}}, {"type": "Feature", "geometry": {"type": "Point", "coordinates": [136.49874457900012, 34.85468945200006]}, "properties": {"feature_id": "241381199", "city": "鈴鹿市", "area_sqm": 919, "reject": 0.2877, "ai_level": "適当", "ai_symbol": "○", "confidence": 0.7123, "reason": "①青地外(農振)②ハザード外③接道④系統連系 ゲート通過済み(computeCyanLive母集団) / AI衛星判定reject score=0.2877(低いほど優良地寄り) / 閾値cut_ok=0.45未満→AI適地(○)", "noshin_status": "CLEAR", "hazard_status": "CLEAR"}}, {"type": "Feature", "geometry": {"type": "Point", "coordinates": [136.5355556720001, 34.80112597100003]}, "properties": {"feature_id": "478790721", "city": "津市", "area_sqm": 1011, "reject": 0.2879, "ai_level": "適当", "ai_symbol": "○", "confidence": 0.7121, "reason": "①青地外(農振)②ハザード外③接道④系統連系 ゲート通過済み(computeCyanLive母集団) / AI衛星判定reject score=0.2879(低いほど優良地寄り) / 閾値cut_ok=0.45未満→AI適地(○)", "noshin_status": "CLEAR", "hazard_status": "CLEAR"}}, {"type": "Feature", "geometry": {"type": "Point", "coordinates": [136.49860665500012, 34.85683555600008]}, "properties": {"feature_id": "241381073", "city": "鈴鹿市", "area_sqm": 991, "reject": 0.2893, "ai_level": "適当", "ai_symbol": "○", "confidence": 0.7107, "reason": "①青地外(農振)②ハザード外③接道④系統連系 ゲート通過済み(computeCyanLive母集団) / AI衛星判定reject score=0.2893(低いほど優良地寄り) / 閾値cut_ok=0.45未満→AI適地(○)", "noshin_status": "CLEAR", "hazard_status": "CLEAR"}}, {"type": "Feature", "geometry": {"type": "Point", "coordinates": [136.5688428640001, 34.906803911000054]}, "properties": {"feature_id": "241419960", "city": "鈴鹿市", "area_sqm": 1242, "reject": 0.2896, "ai_level": "適当", "ai_symbol": "○", "confidence": 0.7104, "reason": "①青地外(農振)②ハザード外③接道④系統連系 ゲート通過済み(computeCyanLive母集団) / AI衛星判定reject score=0.2896(低いほど優良地寄り) / 閾値cut_ok=0.45未満→AI適地(○)", "noshin_status": "CLEAR", "hazard_status": "CLEAR"}}, {"type": "Feature", "geometry": {"type": "Point", "coordinates": [136.55932475, 34.99841293]}, "properties": {"feature_id": "492607056", "city": "四日市市", "area_sqm": 981, "reject": 0.29, "ai_level": "適当", "ai_symbol": "○", "confidence": 0.71, "reason": "①青地外(農振)②ハザード外③接道④系統連系 ゲート通過済み(computeCyanLive母集団) / AI衛星判定reject score=0.2900(低いほど優良地寄り) / 閾値cut_ok=0.45未満→AI適地(○)", "noshin_status": "CLEAR", "hazard_status": "CLEAR"}}, {"type": "Feature", "geometry": {"type": "Point", "coordinates": [136.56448557, 35.00501691]}, "properties": {"feature_id": "492628157", "city": "四日市市", "area_sqm": 1157, "reject": 0.2907, "ai_level": "適当", "ai_symbol": "○", "confidence": 0.7093, "reason": "①青地外(農振)②ハザード外③接道④系統連系 ゲート通過済み(computeCyanLive母集団) / AI衛星判定reject score=0.2907(低いほど優良地寄り) / 閾値cut_ok=0.45未満→AI適地(○)", "noshin_status": "CLEAR", "hazard_status": "CLEAR"}}, {"type": "Feature", "geometry": {"type": "Point", "coordinates": [136.45655974700003, 34.962348622000036]}, "properties": {"feature_id": "241463255", "city": "鈴鹿市", "area_sqm": 1018, "reject": 0.2909, "ai_level": "適当", "ai_symbol": "○", "confidence": 0.7091, "reason": "①青地外(農振)②ハザード外③接道④系統連系 ゲート通過済み(computeCyanLive母集団) / AI衛星判定reject score=0.2909(低いほど優良地寄り) / 閾値cut_ok=0.45未満→AI適地(○)", "noshin_status": "CLEAR", "hazard_status": "CLEAR"}}, {"type": "Feature", "geometry": {"type": "Point", "coordinates": [136.4990444, 34.95544739]}, "properties": {"feature_id": "492649618", "city": "四日市市", "area_sqm": 836, "reject": 0.2909, "ai_level": "適当", "ai_symbol": "○", "confidence": 0.7091, "reason": "①青地外(農振)②ハザード外③接道④系統連系 ゲート通過済み(computeCyanLive母集団) / AI衛星判定reject score=0.2909(低いほど優良地寄り) / 閾値cut_ok=0.45未満→AI適地(○)", "noshin_status": "CLEAR", "hazard_status": "CLEAR"}}, {"type": "Feature", "geometry": {"type": "Point", "coordinates": [136.57460809, 35.00619539]}, "properties": {"feature_id": "492625313", "city": "四日市市", "area_sqm": 2185, "reject": 0.2912, "ai_level": "適当", "ai_symbol": "○", "confidence": 0.7088, "reason": "①青地外(農振)②ハザード外③接道④系統連系 ゲート通過済み(computeCyanLive母集団) / AI衛星判定reject score=0.2912(低いほど優良地寄り) / 閾値cut_ok=0.45未満→AI適地(○)", "noshin_status": "CLEAR", "hazard_status": "CLEAR"}}, {"type": "Feature", "geometry": {"type": "Point", "coordinates": [136.57839529, 35.00890087]}, "properties": {"feature_id": "492626704", "city": "四日市市", "area_sqm": 2492, "reject": 0.2915, "ai_level": "適当", "ai_symbol": "○", "confidence": 0.7085, "reason": "①青地外(農振)②ハザード外③接道④系統連系 ゲート通過済み(computeCyanLive母集団) / AI衛星判定reject score=0.2915(低いほど優良地寄り) / 閾値cut_ok=0.45未満→AI適地(○)", "noshin_status": "CLEAR", "hazard_status": "CLEAR"}}, {"type": "Feature", "geometry": {"type": "Point", "coordinates": [136.60175488, 34.99866803]}, "properties": {"feature_id": "492617917", "city": "四日市市", "area_sqm": 945, "reject": 0.2915, "ai_level": "適当", "ai_symbol": "○", "confidence": 0.7085, "reason": "①青地外(農振)②ハザード外③接道④系統連系 ゲート通過済み(computeCyanLive母集団) / AI衛星判定reject score=0.2915(低いほど優良地寄り) / 閾値cut_ok=0.45未満→AI適地(○)", "noshin_status": "CLEAR", "hazard_status": "CLEAR"}}, {"type": "Feature", "geometry": {"type": "Point", "coordinates": [136.56194011, 34.9942764]}, "properties": {"feature_id": "492608196", "city": "四日市市", "area_sqm": 1297, "reject": 0.2917, "ai_level": "適当", "ai_symbol": "○", "confidence": 0.7083, "reason": "①青地外(農振)②ハザード外③接道④系統連系 ゲート通過済み(computeCyanLive母集団) / AI衛星判定reject score=0.2917(低いほど優良地寄り) / 閾値cut_ok=0.45未満→AI適地(○)", "noshin_status": "CLEAR", "hazard_status": "CLEAR"}}, {"type": "Feature", "geometry": {"type": "Point", "coordinates": [136.52547848, 34.93072089]}, "properties": {"feature_id": "492599432", "city": "四日市市", "area_sqm": 1219, "reject": 0.2919, "ai_level": "適当", "ai_symbol": "○", "confidence": 0.7081, "reason": "①青地外(農振)②ハザード外③接道④系統連系 ゲート通過済み(computeCyanLive母集団) / AI衛星判定reject score=0.2919(低いほど優良地寄り) / 閾値cut_ok=0.45未満→AI適地(○)", "noshin_status": "CLEAR", "hazard_status": "CLEAR"}}, {"type": "Feature", "geometry": {"type": "Point", "coordinates": [136.48507715, 34.9705392]}, "properties": {"feature_id": "492648322", "city": "四日市市", "area_sqm": 885, "reject": 0.2923, "ai_level": "適当", "ai_symbol": "○", "confidence": 0.7077, "reason": "①青地外(農振)②ハザード外③接道④系統連系 ゲート通過済み(computeCyanLive母集団) / AI衛星判定reject score=0.2923(低いほど優良地寄り) / 閾値cut_ok=0.45未満→AI適地(○)", "noshin_status": "CLEAR", "hazard_status": "CLEAR"}}, {"type": "Feature", "geometry": {"type": "Point", "coordinates": [136.46036241700006, 34.96018691300003]}, "properties": {"feature_id": "241462945", "city": "鈴鹿市", "area_sqm": 1570, "reject": 0.2924, "ai_level": "適当", "ai_symbol": "○", "confidence": 0.7076, "reason": "①青地外(農振)②ハザード外③接道④系統連系 ゲート通過済み(computeCyanLive母集団) / AI衛星判定reject score=0.2924(低いほど優良地寄り) / 閾値cut_ok=0.45未満→AI適地(○)", "noshin_status": "CLEAR", "hazard_status": "CLEAR"}}, {"type": "Feature", "geometry": {"type": "Point", "coordinates": [136.4220335980001, 34.83296038900005]}, "properties": {"feature_id": "478834040", "city": "津市", "area_sqm": 1019, "reject": 0.2929, "ai_level": "適当", "ai_symbol": "○", "confidence": 0.7071, "reason": "①青地外(農振)②ハザード外③接道④系統連系 ゲート通過済み(computeCyanLive母集団) / AI衛星判定reject score=0.2929(低いほど優良地寄り) / 閾値cut_ok=0.45未満→AI適地(○)", "noshin_status": "CLEAR", "hazard_status": "CLEAR"}}, {"type": "Feature", "geometry": {"type": "Point", "coordinates": [136.49218714000006, 34.92046938500005]}, "properties": {"feature_id": "241475538", "city": "鈴鹿市", "area_sqm": 1222, "reject": 0.2932, "ai_level": "適当", "ai_symbol": "○", "confidence": 0.7068, "reason": "①青地外(農振)②ハザード外③接道④系統連系 ゲート通過済み(computeCyanLive母集団) / AI衛星判定reject score=0.2932(低いほど優良地寄り) / 閾値cut_ok=0.45未満→AI適地(○)", "noshin_status": "CLEAR", "hazard_status": "CLEAR"}}, {"type": "Feature", "geometry": {"type": "Point", "coordinates": [136.48128143, 34.96201331]}, "properties": {"feature_id": "492651758", "city": "四日市市", "area_sqm": 2411, "reject": 0.2936, "ai_level": "適当", "ai_symbol": "○", "confidence": 0.7064, "reason": "①青地外(農振)②ハザード外③接道④系統連系 ゲート通過済み(computeCyanLive母集団) / AI衛星判定reject score=0.2936(低いほど優良地寄り) / 閾値cut_ok=0.45未満→AI適地(○)", "noshin_status": "CLEAR", "hazard_status": "CLEAR"}}, {"type": "Feature", "geometry": {"type": "Point", "coordinates": [136.48567596, 34.97019093]}, "properties": {"feature_id": "492648318", "city": "四日市市", "area_sqm": 1432, "reject": 0.2943, "ai_level": "適当", "ai_symbol": "○", "confidence": 0.7057, "reason": "①青地外(農振)②ハザード外③接道④系統連系 ゲート通過済み(computeCyanLive母集団) / AI衛星判定reject score=0.2943(低いほど優良地寄り) / 閾値cut_ok=0.45未満→AI適地(○)", "noshin_status": "CLEAR", "hazard_status": "CLEAR"}}, {"type": "Feature", "geometry": {"type": "Point", "coordinates": [136.50423355, 34.96626788]}, "properties": {"feature_id": "492602428", "city": "四日市市", "area_sqm": 1983, "reject": 0.295, "ai_level": "適当", "ai_symbol": "○", "confidence": 0.705, "reason": "①青地外(農振)②ハザード外③接道④系統連系 ゲート通過済み(computeCyanLive母集団) / AI衛星判定reject score=0.2950(低いほど優良地寄り) / 閾値cut_ok=0.45未満→AI適地(○)", "noshin_status": "CLEAR", "hazard_status": "CLEAR"}}, {"type": "Feature", "geometry": {"type": "Point", "coordinates": [136.55471727, 35.04514911]}, "properties": {"feature_id": "492652847", "city": "四日市市", "area_sqm": 1461, "reject": 0.295, "ai_level": "適当", "ai_symbol": "○", "confidence": 0.705, "reason": "①青地外(農振)②ハザード外③接道④系統連系 ゲート通過済み(computeCyanLive母集団) / AI衛星判定reject score=0.2950(低いほど優良地寄り) / 閾値cut_ok=0.45未満→AI適地(○)", "noshin_status": "CLEAR", "hazard_status": "CLEAR"}}, {"type": "Feature", "geometry": {"type": "Point", "coordinates": [136.47794921800005, 34.90687622200005]}, "properties": {"feature_id": "241478642", "city": "鈴鹿市", "area_sqm": 1208, "reject": 0.2958, "ai_level": "適当", "ai_symbol": "○", "confidence": 0.7042, "reason": "①青地外(農振)②ハザード外③接道④系統連系 ゲート通過済み(computeCyanLive母集団) / AI衛星判定reject score=0.2958(低いほど優良地寄り) / 閾値cut_ok=0.45未満→AI適地(○)", "noshin_status": "CLEAR", "hazard_status": "CLEAR"}}, {"type": "Feature", "geometry": {"type": "Point", "coordinates": [136.43735355600006, 34.80912412500004]}, "properties": {"feature_id": "478861072", "city": "津市", "area_sqm": 1473, "reject": 0.2961, "ai_level": "適当", "ai_symbol": "○", "confidence": 0.7039, "reason": "①青地外(農振)②ハザード外③接道④系統連系 ゲート通過済み(computeCyanLive母集団) / AI衛星判定reject score=0.2961(低いほど優良地寄り) / 閾値cut_ok=0.45未満→AI適地(○)", "noshin_status": "CLEAR", "hazard_status": "CLEAR"}}, {"type": "Feature", "geometry": {"type": "Point", "coordinates": [136.60040435, 35.04045591]}, "properties": {"feature_id": "492632683", "city": "四日市市", "area_sqm": 991, "reject": 0.2962, "ai_level": "適当", "ai_symbol": "○", "confidence": 0.7038, "reason": "①青地外(農振)②ハザード外③接道④系統連系 ゲート通過済み(computeCyanLive母集団) / AI衛星判定reject score=0.2962(低いほど優良地寄り) / 閾値cut_ok=0.45未満→AI適地(○)", "noshin_status": "CLEAR", "hazard_status": "CLEAR"}}, {"type": "Feature", "geometry": {"type": "Point", "coordinates": [136.54070134, 34.98890479]}, "properties": {"feature_id": "492613348", "city": "四日市市", "area_sqm": 1283, "reject": 0.2969, "ai_level": "適当", "ai_symbol": "○", "confidence": 0.7031, "reason": "①青地外(農振)②ハザード外③接道④系統連系 ゲート通過済み(computeCyanLive母集団) / AI衛星判定reject score=0.2969(低いほど優良地寄り) / 閾値cut_ok=0.45未満→AI適地(○)", "noshin_status": "CLEAR", "hazard_status": "CLEAR"}}, {"type": "Feature", "geometry": {"type": "Point", "coordinates": [136.60147898, 34.9788906]}, "properties": {"feature_id": "492620038", "city": "四日市市", "area_sqm": 1279, "reject": 0.2969, "ai_level": "適当", "ai_symbol": "○", "confidence": 0.7031, "reason": "①青地外(農振)②ハザード外③接道④系統連系 ゲート通過済み(computeCyanLive母集団) / AI衛星判定reject score=0.2969(低いほど優良地寄り) / 閾値cut_ok=0.45未満→AI適地(○)", "noshin_status": "CLEAR", "hazard_status": "CLEAR"}}, {"type": "Feature", "geometry": {"type": "Point", "coordinates": [136.56975176, 35.00487285]}, "properties": {"feature_id": "492626787", "city": "四日市市", "area_sqm": 2310, "reject": 0.2972, "ai_level": "適当", "ai_symbol": "○", "confidence": 0.7028, "reason": "①青地外(農振)②ハザード外③接道④系統連系 ゲート通過済み(computeCyanLive母集団) / AI衛星判定reject score=0.2972(低いほど優良地寄り) / 閾値cut_ok=0.45未満→AI適地(○)", "noshin_status": "CLEAR", "hazard_status": "CLEAR"}}, {"type": "Feature", "geometry": {"type": "Point", "coordinates": [136.57013774, 35.00493289]}, "properties": {"feature_id": "492626757", "city": "四日市市", "area_sqm": 871, "reject": 0.2975, "ai_level": "適当", "ai_symbol": "○", "confidence": 0.7025, "reason": "①青地外(農振)②ハザード外③接道④系統連系 ゲート通過済み(computeCyanLive母集団) / AI衛星判定reject score=0.2975(低いほど優良地寄り) / 閾値cut_ok=0.45未満→AI適地(○)", "noshin_status": "CLEAR", "hazard_status": "CLEAR"}}, {"type": "Feature", "geometry": {"type": "Point", "coordinates": [136.45578414200008, 34.96214757800004]}, "properties": {"feature_id": "241463262", "city": "鈴鹿市", "area_sqm": 922, "reject": 0.2976, "ai_level": "適当", "ai_symbol": "○", "confidence": 0.7024, "reason": "①青地外(農振)②ハザード外③接道④系統連系 ゲート通過済み(computeCyanLive母集団) / AI衛星判定reject score=0.2976(低いほど優良地寄り) / 閾値cut_ok=0.45未満→AI適地(○)", "noshin_status": "CLEAR", "hazard_status": "CLEAR"}}, {"type": "Feature", "geometry": {"type": "Point", "coordinates": [136.5420830820001, 34.89770951400004]}, "properties": {"feature_id": "241399595", "city": "鈴鹿市", "area_sqm": 1004, "reject": 0.2977, "ai_level": "適当", "ai_symbol": "○", "confidence": 0.7023, "reason": "①青地外(農振)②ハザード外③接道④系統連系 ゲート通過済み(computeCyanLive母集団) / AI衛星判定reject score=0.2977(低いほど優良地寄り) / 閾値cut_ok=0.45未満→AI適地(○)", "noshin_status": "CLEAR", "hazard_status": "CLEAR"}}, {"type": "Feature", "geometry": {"type": "Point", "coordinates": [136.5658375, 35.0063834]}, "properties": {"feature_id": "492625489", "city": "四日市市", "area_sqm": 1386, "reject": 0.298, "ai_level": "適当", "ai_symbol": "○", "confidence": 0.702, "reason": "①青地外(農振)②ハザード外③接道④系統連系 ゲート通過済み(computeCyanLive母集団) / AI衛星判定reject score=0.2980(低いほど優良地寄り) / 閾値cut_ok=0.45未満→AI適地(○)", "noshin_status": "CLEAR", "hazard_status": "CLEAR"}}, {"type": "Feature", "geometry": {"type": "Point", "coordinates": [136.51078611000003, 34.889989971000034]}, "properties": {"feature_id": "241390574", "city": "鈴鹿市", "area_sqm": 1636, "reject": 0.2994, "ai_level": "適当", "ai_symbol": "○", "confidence": 0.7006, "reason": "①青地外(農振)②ハザード外③接道④系統連系 ゲート通過済み(computeCyanLive母集団) / AI衛星判定reject score=0.2994(低いほど優良地寄り) / 閾値cut_ok=0.45未満→AI適地(○)", "noshin_status": "CLEAR", "hazard_status": "CLEAR"}}, {"type": "Feature", "geometry": {"type": "Point", "coordinates": [136.49240852000003, 34.85168208400006]}, "properties": {"feature_id": "241381038", "city": "鈴鹿市", "area_sqm": 2050, "reject": 0.3004, "ai_level": "適当", "ai_symbol": "○", "confidence": 0.6996, "reason": "①青地外(農振)②ハザード外③接道④系統連系 ゲート通過済み(computeCyanLive母集団) / AI衛星判定reject score=0.3004(低いほど優良地寄り) / 閾値cut_ok=0.45未満→AI適地(○)", "noshin_status": "CLEAR", "hazard_status": "CLEAR"}}, {"type": "Feature", "geometry": {"type": "Point", "coordinates": [136.54781955500005, 34.919436319000056]}, "properties": {"feature_id": "241459102", "city": "鈴鹿市", "area_sqm": 966, "reject": 0.3005, "ai_level": "適当", "ai_symbol": "○", "confidence": 0.6995, "reason": "①青地外(農振)②ハザード外③接道④系統連系 ゲート通過済み(computeCyanLive母集団) / AI衛星判定reject score=0.3005(低いほど優良地寄り) / 閾値cut_ok=0.45未満→AI適地(○)", "noshin_status": "CLEAR", "hazard_status": "CLEAR"}}, {"type": "Feature", "geometry": {"type": "Point", "coordinates": [136.52221897900006, 34.786910566000074]}, "properties": {"feature_id": "478856298", "city": "津市", "area_sqm": 919, "reject": 0.3015, "ai_level": "適当", "ai_symbol": "○", "confidence": 0.6985, "reason": "①青地外(農振)②ハザード外③接道④系統連系 ゲート通過済み(computeCyanLive母集団) / AI衛星判定reject score=0.3015(低いほど優良地寄り) / 閾値cut_ok=0.45未満→AI適地(○)", "noshin_status": "CLEAR", "hazard_status": "CLEAR"}}, {"type": "Feature", "geometry": {"type": "Point", "coordinates": [136.59134123, 34.91804267]}, "properties": {"feature_id": "492645452", "city": "四日市市", "area_sqm": 1038, "reject": 0.3018, "ai_level": "適当", "ai_symbol": "○", "confidence": 0.6982, "reason": "①青地外(農振)②ハザード外③接道④系統連系 ゲート通過済み(computeCyanLive母集団) / AI衛星判定reject score=0.3018(低いほど優良地寄り) / 閾値cut_ok=0.45未満→AI適地(○)", "noshin_status": "CLEAR", "hazard_status": "CLEAR"}}, {"type": "Feature", "geometry": {"type": "Point", "coordinates": [136.54090449, 34.98864714]}, "properties": {"feature_id": "492613347", "city": "四日市市", "area_sqm": 1295, "reject": 0.3023, "ai_level": "適当", "ai_symbol": "○", "confidence": 0.6977, "reason": "①青地外(農振)②ハザード外③接道④系統連系 ゲート通過済み(computeCyanLive母集団) / AI衛星判定reject score=0.3023(低いほど優良地寄り) / 閾値cut_ok=0.45未満→AI適地(○)", "noshin_status": "CLEAR", "hazard_status": "CLEAR"}}, {"type": "Feature", "geometry": {"type": "Point", "coordinates": [136.49049280300005, 34.92809725700005]}, "properties": {"feature_id": "241472674", "city": "鈴鹿市", "area_sqm": 1047, "reject": 0.3029, "ai_level": "適当", "ai_symbol": "○", "confidence": 0.6971, "reason": "①青地外(農振)②ハザード外③接道④系統連系 ゲート通過済み(computeCyanLive母集団) / AI衛星判定reject score=0.3029(低いほど優良地寄り) / 閾値cut_ok=0.45未満→AI適地(○)", "noshin_status": "CLEAR", "hazard_status": "CLEAR"}}, {"type": "Feature", "geometry": {"type": "Point", "coordinates": [136.48994032, 34.932610228]}, "properties": {"feature_id": "241472903", "city": "鈴鹿市", "area_sqm": 889, "reject": 0.3036, "ai_level": "適当", "ai_symbol": "○", "confidence": 0.6964, "reason": "①青地外(農振)②ハザード外③接道④系統連系 ゲート通過済み(computeCyanLive母集団) / AI衛星判定reject score=0.3036(低いほど優良地寄り) / 閾値cut_ok=0.45未満→AI適地(○)", "noshin_status": "CLEAR", "hazard_status": "CLEAR"}}, {"type": "Feature", "geometry": {"type": "Point", "coordinates": [136.47668849500008, 34.931774344000075]}, "properties": {"feature_id": "241474402", "city": "鈴鹿市", "area_sqm": 869, "reject": 0.3039, "ai_level": "適当", "ai_symbol": "○", "confidence": 0.6961, "reason": "①青地外(農振)②ハザード外③接道④系統連系 ゲート通過済み(computeCyanLive母集団) / AI衛星判定reject score=0.3039(低いほど優良地寄り) / 閾値cut_ok=0.45未満→AI適地(○)", "noshin_status": "CLEAR", "hazard_status": "CLEAR"}}, {"type": "Feature", "geometry": {"type": "Point", "coordinates": [136.47602827, 34.97616942]}, "properties": {"feature_id": "492648107", "city": "四日市市", "area_sqm": 985, "reject": 0.3055, "ai_level": "適当", "ai_symbol": "○", "confidence": 0.6945, "reason": "①青地外(農振)②ハザード外③接道④系統連系 ゲート通過済み(computeCyanLive母集団) / AI衛星判定reject score=0.3055(低いほど優良地寄り) / 閾値cut_ok=0.45未満→AI適地(○)", "noshin_status": "CLEAR", "hazard_status": "CLEAR"}}, {"type": "Feature", "geometry": {"type": "Point", "coordinates": [136.50098609000008, 34.852282510000066]}, "properties": {"feature_id": "241383429", "city": "鈴鹿市", "area_sqm": 1989, "reject": 0.3058, "ai_level": "適当", "ai_symbol": "○", "confidence": 0.6942, "reason": "①青地外(農振)②ハザード外③接道④系統連系 ゲート通過済み(computeCyanLive母集団) / AI衛星判定reject score=0.3058(低いほど優良地寄り) / 閾値cut_ok=0.45未満→AI適地(○)", "noshin_status": "CLEAR", "hazard_status": "CLEAR"}}, {"type": "Feature", "geometry": {"type": "Point", "coordinates": [136.5678894, 35.00542631]}, "properties": {"feature_id": "492625440", "city": "四日市市", "area_sqm": 995, "reject": 0.3066, "ai_level": "適当", "ai_symbol": "○", "confidence": 0.6934, "reason": "①青地外(農振)②ハザード外③接道④系統連系 ゲート通過済み(computeCyanLive母集団) / AI衛星判定reject score=0.3066(低いほど優良地寄り) / 閾値cut_ok=0.45未満→AI適地(○)", "noshin_status": "CLEAR", "hazard_status": "CLEAR"}}, {"type": "Feature", "geometry": {"type": "Point", "coordinates": [136.49100158900012, 34.92062577400003]}, "properties": {"feature_id": "241475526", "city": "鈴鹿市", "area_sqm": 1484, "reject": 0.3073, "ai_level": "適当", "ai_symbol": "○", "confidence": 0.6927, "reason": "①青地外(農振)②ハザード外③接道④系統連系 ゲート通過済み(computeCyanLive母集団) / AI衛星判定reject score=0.3073(低いほど優良地寄り) / 閾値cut_ok=0.45未満→AI適地(○)", "noshin_status": "CLEAR", "hazard_status": "CLEAR"}}, {"type": "Feature", "geometry": {"type": "Point", "coordinates": [136.49811543200008, 34.88445016500003]}, "properties": {"feature_id": "241392612", "city": "鈴鹿市", "area_sqm": 1629, "reject": 0.3088, "ai_level": "適当", "ai_symbol": "○", "confidence": 0.6912, "reason": "①青地外(農振)②ハザード外③接道④系統連系 ゲート通過済み(computeCyanLive母集団) / AI衛星判定reject score=0.3088(低いほど優良地寄り) / 閾値cut_ok=0.45未満→AI適地(○)", "noshin_status": "CLEAR", "hazard_status": "CLEAR"}}, {"type": "Feature", "geometry": {"type": "Point", "coordinates": [136.54724820100012, 34.91884852900006]}, "properties": {"feature_id": "241459101", "city": "鈴鹿市", "area_sqm": 988, "reject": 0.3088, "ai_level": "適当", "ai_symbol": "○", "confidence": 0.6912, "reason": "①青地外(農振)②ハザード外③接道④系統連系 ゲート通過済み(computeCyanLive母集団) / AI衛星判定reject score=0.3088(低いほど優良地寄り) / 閾値cut_ok=0.45未満→AI適地(○)", "noshin_status": "CLEAR", "hazard_status": "CLEAR"}}, {"type": "Feature", "geometry": {"type": "Point", "coordinates": [136.57270977, 35.0075021]}, "properties": {"feature_id": "492625344", "city": "四日市市", "area_sqm": 973, "reject": 0.3088, "ai_level": "適当", "ai_symbol": "○", "confidence": 0.6912, "reason": "①青地外(農振)②ハザード外③接道④系統連系 ゲート通過済み(computeCyanLive母集団) / AI衛星判定reject score=0.3088(低いほど優良地寄り) / 閾値cut_ok=0.45未満→AI適地(○)", "noshin_status": "CLEAR", "hazard_status": "CLEAR"}}, {"type": "Feature", "geometry": {"type": "Point", "coordinates": [136.55063299900007, 34.90168281500007]}, "properties": {"feature_id": "241398409", "city": "鈴鹿市", "area_sqm": 1239, "reject": 0.3098, "ai_level": "適当", "ai_symbol": "○", "confidence": 0.6902, "reason": "①青地外(農振)②ハザード外③接道④系統連系 ゲート通過済み(computeCyanLive母集団) / AI衛星判定reject score=0.3098(低いほど優良地寄り) / 閾値cut_ok=0.45未満→AI適地(○)", "noshin_status": "CLEAR", "hazard_status": "CLEAR"}}, {"type": "Feature", "geometry": {"type": "Point", "coordinates": [136.49184047, 34.96947586]}, "properties": {"feature_id": "492650216", "city": "四日市市", "area_sqm": 1188, "reject": 0.3101, "ai_level": "適当", "ai_symbol": "○", "confidence": 0.6899, "reason": "①青地外(農振)②ハザード外③接道④系統連系 ゲート通過済み(computeCyanLive母集団) / AI衛星判定reject score=0.3101(低いほど優良地寄り) / 閾値cut_ok=0.45未満→AI適地(○)", "noshin_status": "CLEAR", "hazard_status": "CLEAR"}}, {"type": "Feature", "geometry": {"type": "Point", "coordinates": [136.49827357, 34.95469847]}, "properties": {"feature_id": "492649332", "city": "四日市市", "area_sqm": 868, "reject": 0.3101, "ai_level": "適当", "ai_symbol": "○", "confidence": 0.6899, "reason": "①青地外(農振)②ハザード外③接道④系統連系 ゲート通過済み(computeCyanLive母集団) / AI衛星判定reject score=0.3101(低いほど優良地寄り) / 閾値cut_ok=0.45未満→AI適地(○)", "noshin_status": "CLEAR", "hazard_status": "CLEAR"}}, {"type": "Feature", "geometry": {"type": "Point", "coordinates": [136.56078023, 35.05919498]}, "properties": {"feature_id": "492657625", "city": "四日市市", "area_sqm": 1038, "reject": 0.3107, "ai_level": "適当", "ai_symbol": "○", "confidence": 0.6893, "reason": "①青地外(農振)②ハザード外③接道④系統連系 ゲート通過済み(computeCyanLive母集団) / AI衛星判定reject score=0.3107(低いほど優良地寄り) / 閾値cut_ok=0.45未満→AI適地(○)", "noshin_status": "CLEAR", "hazard_status": "CLEAR"}}, {"type": "Feature", "geometry": {"type": "Point", "coordinates": [136.5486828820001, 34.91670824900007]}, "properties": {"feature_id": "241459200", "city": "鈴鹿市", "area_sqm": 958, "reject": 0.3111, "ai_level": "適当", "ai_symbol": "○", "confidence": 0.6889, "reason": "①青地外(農振)②ハザード外③接道④系統連系 ゲート通過済み(computeCyanLive母集団) / AI衛星判定reject score=0.3111(低いほど優良地寄り) / 閾値cut_ok=0.45未満→AI適地(○)", "noshin_status": "CLEAR", "hazard_status": "CLEAR"}}, {"type": "Feature", "geometry": {"type": "Point", "coordinates": [136.49889365500007, 34.847391455000036]}, "properties": {"feature_id": "241383651", "city": "鈴鹿市", "area_sqm": 1901, "reject": 0.3116, "ai_level": "適当", "ai_symbol": "○", "confidence": 0.6884, "reason": "①青地外(農振)②ハザード外③接道④系統連系 ゲート通過済み(computeCyanLive母集団) / AI衛星判定reject score=0.3116(低いほど優良地寄り) / 閾値cut_ok=0.45未満→AI適地(○)", "noshin_status": "CLEAR", "hazard_status": "CLEAR"}}, {"type": "Feature", "geometry": {"type": "Point", "coordinates": [136.5012368880001, 34.853714023000066]}, "properties": {"feature_id": "241382133", "city": "鈴鹿市", "area_sqm": 1110, "reject": 0.3122, "ai_level": "適当", "ai_symbol": "○", "confidence": 0.6878, "reason": "①青地外(農振)②ハザード外③接道④系統連系 ゲート通過済み(computeCyanLive母集団) / AI衛星判定reject score=0.3122(低いほど優良地寄り) / 閾値cut_ok=0.45未満→AI適地(○)", "noshin_status": "CLEAR", "hazard_status": "CLEAR"}}, {"type": "Feature", "geometry": {"type": "Point", "coordinates": [136.494064169, 34.850008598000045]}, "properties": {"feature_id": "241383568", "city": "鈴鹿市", "area_sqm": 1009, "reject": 0.3138, "ai_level": "適当", "ai_symbol": "○", "confidence": 0.6862, "reason": "①青地外(農振)②ハザード外③接道④系統連系 ゲート通過済み(computeCyanLive母集団) / AI衛星判定reject score=0.3138(低いほど優良地寄り) / 閾値cut_ok=0.45未満→AI適地(○)", "noshin_status": "CLEAR", "hazard_status": "CLEAR"}}, {"type": "Feature", "geometry": {"type": "Point", "coordinates": [136.4264505870001, 34.796539480000035]}, "properties": {"feature_id": "478838542", "city": "津市", "area_sqm": 1622, "reject": 0.314, "ai_level": "適当", "ai_symbol": "○", "confidence": 0.686, "reason": "①青地外(農振)②ハザード外③接道④系統連系 ゲート通過済み(computeCyanLive母集団) / AI衛星判定reject score=0.3140(低いほど優良地寄り) / 閾値cut_ok=0.45未満→AI適地(○)", "noshin_status": "CLEAR", "hazard_status": "CLEAR"}}, {"type": "Feature", "geometry": {"type": "Point", "coordinates": [136.49778989000004, 34.88412490200005]}, "properties": {"feature_id": "241392577", "city": "鈴鹿市", "area_sqm": 833, "reject": 0.314, "ai_level": "適当", "ai_symbol": "○", "confidence": 0.686, "reason": "①青地外(農振)②ハザード外③接道④系統連系 ゲート通過済み(computeCyanLive母集団) / AI衛星判定reject score=0.3140(低いほど優良地寄り) / 閾値cut_ok=0.45未満→AI適地(○)", "noshin_status": "CLEAR", "hazard_status": "CLEAR"}}, {"type": "Feature", "geometry": {"type": "Point", "coordinates": [136.55054141100004, 34.91660695600007]}, "properties": {"feature_id": "241401938", "city": "鈴鹿市", "area_sqm": 944, "reject": 0.3149, "ai_level": "適当", "ai_symbol": "○", "confidence": 0.6851, "reason": "①青地外(農振)②ハザード外③接道④系統連系 ゲート通過済み(computeCyanLive母集団) / AI衛星判定reject score=0.3149(低いほど優良地寄り) / 閾値cut_ok=0.45未満→AI適地(○)", "noshin_status": "CLEAR", "hazard_status": "CLEAR"}}, {"type": "Feature", "geometry": {"type": "Point", "coordinates": [136.57745096, 35.01954745]}, "properties": {"feature_id": "492626306", "city": "四日市市", "area_sqm": 976, "reject": 0.315, "ai_level": "適当", "ai_symbol": "○", "confidence": 0.685, "reason": "①青地外(農振)②ハザード外③接道④系統連系 ゲート通過済み(computeCyanLive母集団) / AI衛星判定reject score=0.3150(低いほど優良地寄り) / 閾値cut_ok=0.45未満→AI適地(○)", "noshin_status": "CLEAR", "hazard_status": "CLEAR"}}, {"type": "Feature", "geometry": {"type": "Point", "coordinates": [136.48937138, 34.96384131]}, "properties": {"feature_id": "492649238", "city": "四日市市", "area_sqm": 1239, "reject": 0.3154, "ai_level": "適当", "ai_symbol": "○", "confidence": 0.6846, "reason": "①青地外(農振)②ハザード外③接道④系統連系 ゲート通過済み(computeCyanLive母集団) / AI衛星判定reject score=0.3154(低いほど優良地寄り) / 閾値cut_ok=0.45未満→AI適地(○)", "noshin_status": "CLEAR", "hazard_status": "CLEAR"}}, {"type": "Feature", "geometry": {"type": "Point", "coordinates": [136.47901973600005, 34.926579649000075]}, "properties": {"feature_id": "241474976", "city": "鈴鹿市", "area_sqm": 935, "reject": 0.3157, "ai_level": "適当", "ai_symbol": "○", "confidence": 0.6843, "reason": "①青地外(農振)②ハザード外③接道④系統連系 ゲート通過済み(computeCyanLive母集団) / AI衛星判定reject score=0.3157(低いほど優良地寄り) / 閾値cut_ok=0.45未満→AI適地(○)", "noshin_status": "CLEAR", "hazard_status": "CLEAR"}}, {"type": "Feature", "geometry": {"type": "Point", "coordinates": [136.4959260390001, 34.85518879700004]}, "properties": {"feature_id": "241381243", "city": "鈴鹿市", "area_sqm": 2766, "reject": 0.3158, "ai_level": "適当", "ai_symbol": "○", "confidence": 0.6842, "reason": "①青地外(農振)②ハザード外③接道④系統連系 ゲート通過済み(computeCyanLive母集団) / AI衛星判定reject score=0.3158(低いほど優良地寄り) / 閾値cut_ok=0.45未満→AI適地(○)", "noshin_status": "CLEAR", "hazard_status": "CLEAR"}}, {"type": "Feature", "geometry": {"type": "Point", "coordinates": [136.47619719, 34.98081634]}, "properties": {"feature_id": "492647364", "city": "四日市市", "area_sqm": 1361, "reject": 0.3158, "ai_level": "適当", "ai_symbol": "○", "confidence": 0.6842, "reason": "①青地外(農振)②ハザード外③接道④系統連系 ゲート通過済み(computeCyanLive母集団) / AI衛星判定reject score=0.3158(低いほど優良地寄り) / 閾値cut_ok=0.45未満→AI適地(○)", "noshin_status": "CLEAR", "hazard_status": "CLEAR"}}, {"type": "Feature", "geometry": {"type": "Point", "coordinates": [136.4870200350001, 34.92199730600004]}, "properties": {"feature_id": "241475575", "city": "鈴鹿市", "area_sqm": 1672, "reject": 0.3163, "ai_level": "適当", "ai_symbol": "○", "confidence": 0.6837, "reason": "①青地外(農振)②ハザード外③接道④系統連系 ゲート通過済み(computeCyanLive母集団) / AI衛星判定reject score=0.3163(低いほど優良地寄り) / 閾値cut_ok=0.45未満→AI適地(○)", "noshin_status": "CLEAR", "hazard_status": "CLEAR"}}, {"type": "Feature", "geometry": {"type": "Point", "coordinates": [136.48896667100007, 34.93107963800003]}, "properties": {"feature_id": "241472966", "city": "鈴鹿市", "area_sqm": 912, "reject": 0.3163, "ai_level": "適当", "ai_symbol": "○", "confidence": 0.6837, "reason": "①青地外(農振)②ハザード外③接道④系統連系 ゲート通過済み(computeCyanLive母集団) / AI衛星判定reject score=0.3163(低いほど優良地寄り) / 閾値cut_ok=0.45未満→AI適地(○)", "noshin_status": "CLEAR", "hazard_status": "CLEAR"}}, {"type": "Feature", "geometry": {"type": "Point", "coordinates": [136.56138029, 35.01981078]}, "properties": {"feature_id": "492624442", "city": "四日市市", "area_sqm": 945, "reject": 0.3164, "ai_level": "適当", "ai_symbol": "○", "confidence": 0.6836, "reason": "①青地外(農振)②ハザード外③接道④系統連系 ゲート通過済み(computeCyanLive母集団) / AI衛星判定reject score=0.3164(低いほど優良地寄り) / 閾値cut_ok=0.45未満→AI適地(○)", "noshin_status": "CLEAR", "hazard_status": "CLEAR"}}, {"type": "Feature", "geometry": {"type": "Point", "coordinates": [136.48641626300002, 34.92282512300005]}, "properties": {"feature_id": "241475581", "city": "鈴鹿市", "area_sqm": 1737, "reject": 0.3171, "ai_level": "適当", "ai_symbol": "○", "confidence": 0.6829, "reason": "①青地外(農振)②ハザード外③接道④系統連系 ゲート通過済み(computeCyanLive母集団) / AI衛星判定reject score=0.3171(低いほど優良地寄り) / 閾値cut_ok=0.45未満→AI適地(○)", "noshin_status": "CLEAR", "hazard_status": "CLEAR"}}, {"type": "Feature", "geometry": {"type": "Point", "coordinates": [136.49216744400007, 34.85134394800008]}, "properties": {"feature_id": "241381041", "city": "鈴鹿市", "area_sqm": 1720, "reject": 0.3171, "ai_level": "適当", "ai_symbol": "○", "confidence": 0.6829, "reason": "①青地外(農振)②ハザード外③接道④系統連系 ゲート通過済み(computeCyanLive母集団) / AI衛星判定reject score=0.3171(低いほど優良地寄り) / 閾値cut_ok=0.45未満→AI適地(○)", "noshin_status": "CLEAR", "hazard_status": "CLEAR"}}, {"type": "Feature", "geometry": {"type": "Point", "coordinates": [136.60170965, 35.04120372]}, "properties": {"feature_id": "492632738", "city": "四日市市", "area_sqm": 1011, "reject": 0.3174, "ai_level": "適当", "ai_symbol": "○", "confidence": 0.6826, "reason": "①青地外(農振)②ハザード外③接道④系統連系 ゲート通過済み(computeCyanLive母集団) / AI衛星判定reject score=0.3174(低いほど優良地寄り) / 閾値cut_ok=0.45未満→AI適地(○)", "noshin_status": "CLEAR", "hazard_status": "CLEAR"}}, {"type": "Feature", "geometry": {"type": "Point", "coordinates": [136.48102558, 34.96218804]}, "properties": {"feature_id": "492651757", "city": "四日市市", "area_sqm": 2452, "reject": 0.3181, "ai_level": "適当", "ai_symbol": "○", "confidence": 0.6819, "reason": "①青地外(農振)②ハザード外③接道④系統連系 ゲート通過済み(computeCyanLive母集団) / AI衛星判定reject score=0.3181(低いほど優良地寄り) / 閾値cut_ok=0.45未満→AI適地(○)", "noshin_status": "CLEAR", "hazard_status": "CLEAR"}}, {"type": "Feature", "geometry": {"type": "Point", "coordinates": [136.49094218, 34.96945434]}, "properties": {"feature_id": "492648887", "city": "四日市市", "area_sqm": 1190, "reject": 0.3185, "ai_level": "適当", "ai_symbol": "○", "confidence": 0.6815, "reason": "①青地外(農振)②ハザード外③接道④系統連系 ゲート通過済み(computeCyanLive母集団) / AI衛星判定reject score=0.3185(低いほど優良地寄り) / 閾値cut_ok=0.45未満→AI適地(○)", "noshin_status": "CLEAR", "hazard_status": "CLEAR"}}, {"type": "Feature", "geometry": {"type": "Point", "coordinates": [136.48078008000005, 34.925838320000025]}, "properties": {"feature_id": "241474923", "city": "鈴鹿市", "area_sqm": 1036, "reject": 0.3188, "ai_level": "適当", "ai_symbol": "○", "confidence": 0.6812, "reason": "①青地外(農振)②ハザード外③接道④系統連系 ゲート通過済み(computeCyanLive母集団) / AI衛星判定reject score=0.3188(低いほど優良地寄り) / 閾値cut_ok=0.45未満→AI適地(○)", "noshin_status": "CLEAR", "hazard_status": "CLEAR"}}, {"type": "Feature", "geometry": {"type": "Point", "coordinates": [136.57025528, 35.0071277]}, "properties": {"feature_id": "492625402", "city": "四日市市", "area_sqm": 991, "reject": 0.3189, "ai_level": "適当", "ai_symbol": "○", "confidence": 0.6811, "reason": "①青地外(農振)②ハザード外③接道④系統連系 ゲート通過済み(computeCyanLive母集団) / AI衛星判定reject score=0.3189(低いほど優良地寄り) / 閾値cut_ok=0.45未満→AI適地(○)", "noshin_status": "CLEAR", "hazard_status": "CLEAR"}}, {"type": "Feature", "geometry": {"type": "Point", "coordinates": [136.42963469500012, 34.80458353000006]}, "properties": {"feature_id": "478859677", "city": "津市", "area_sqm": 957, "reject": 0.3189, "ai_level": "適当", "ai_symbol": "○", "confidence": 0.6811, "reason": "①青地外(農振)②ハザード外③接道④系統連系 ゲート通過済み(computeCyanLive母集団) / AI衛星判定reject score=0.3189(低いほど優良地寄り) / 閾値cut_ok=0.45未満→AI適地(○)", "noshin_status": "CLEAR", "hazard_status": "CLEAR"}}, {"type": "Feature", "geometry": {"type": "Point", "coordinates": [136.55642478, 35.04451916]}, "properties": {"feature_id": "492652841", "city": "四日市市", "area_sqm": 2542, "reject": 0.3203, "ai_level": "適当", "ai_symbol": "○", "confidence": 0.6797, "reason": "①青地外(農振)②ハザード外③接道④系統連系 ゲート通過済み(computeCyanLive母集団) / AI衛星判定reject score=0.3203(低いほど優良地寄り) / 閾値cut_ok=0.45未満→AI適地(○)", "noshin_status": "CLEAR", "hazard_status": "CLEAR"}}, {"type": "Feature", "geometry": {"type": "Point", "coordinates": [136.4923354230001, 34.92651005400006]}, "properties": {"feature_id": "241475124", "city": "鈴鹿市", "area_sqm": 1074, "reject": 0.3213, "ai_level": "適当", "ai_symbol": "○", "confidence": 0.6787, "reason": "①青地外(農振)②ハザード外③接道④系統連系 ゲート通過済み(computeCyanLive母集団) / AI衛星判定reject score=0.3213(低いほど優良地寄り) / 閾値cut_ok=0.45未満→AI適地(○)", "noshin_status": "CLEAR", "hazard_status": "CLEAR"}}, {"type": "Feature", "geometry": {"type": "Point", "coordinates": [136.50023694, 34.95505367]}, "properties": {"feature_id": "492601151", "city": "四日市市", "area_sqm": 1616, "reject": 0.3217, "ai_level": "適当", "ai_symbol": "○", "confidence": 0.6783, "reason": "①青地外(農振)②ハザード外③接道④系統連系 ゲート通過済み(computeCyanLive母集団) / AI衛星判定reject score=0.3217(低いほど優良地寄り) / 閾値cut_ok=0.45未満→AI適地(○)", "noshin_status": "CLEAR", "hazard_status": "CLEAR"}}, {"type": "Feature", "geometry": {"type": "Point", "coordinates": [136.555521787, 34.900249871]}, "properties": {"feature_id": "241398548", "city": "鈴鹿市", "area_sqm": 955, "reject": 0.3225, "ai_level": "適当", "ai_symbol": "○", "confidence": 0.6775, "reason": "①青地外(農振)②ハザード外③接道④系統連系 ゲート通過済み(computeCyanLive母集団) / AI衛星判定reject score=0.3225(低いほど優良地寄り) / 閾値cut_ok=0.45未満→AI適地(○)", "noshin_status": "CLEAR", "hazard_status": "CLEAR"}}, {"type": "Feature", "geometry": {"type": "Point", "coordinates": [136.45224636900002, 34.92881530900007]}, "properties": {"feature_id": "241481661", "city": "鈴鹿市", "area_sqm": 1921, "reject": 0.3246, "ai_level": "適当", "ai_symbol": "○", "confidence": 0.6754, "reason": "①青地外(農振)②ハザード外③接道④系統連系 ゲート通過済み(computeCyanLive母集団) / AI衛星判定reject score=0.3246(低いほど優良地寄り) / 閾値cut_ok=0.45未満→AI適地(○)", "noshin_status": "CLEAR", "hazard_status": "CLEAR"}}, {"type": "Feature", "geometry": {"type": "Point", "coordinates": [136.49598508300005, 34.85101228000008]}, "properties": {"feature_id": "241381027", "city": "鈴鹿市", "area_sqm": 2161, "reject": 0.3255, "ai_level": "適当", "ai_symbol": "○", "confidence": 0.6745, "reason": "①青地外(農振)②ハザード外③接道④系統連系 ゲート通過済み(computeCyanLive母集団) / AI衛星判定reject score=0.3255(低いほど優良地寄り) / 閾値cut_ok=0.45未満→AI適地(○)", "noshin_status": "CLEAR", "hazard_status": "CLEAR"}}, {"type": "Feature", "geometry": {"type": "Point", "coordinates": [136.55979468, 35.00816974]}, "properties": {"feature_id": "492628148", "city": "四日市市", "area_sqm": 1555, "reject": 0.326, "ai_level": "適当", "ai_symbol": "○", "confidence": 0.674, "reason": "①青地外(農振)②ハザード外③接道④系統連系 ゲート通過済み(computeCyanLive母集団) / AI衛星判定reject score=0.3260(低いほど優良地寄り) / 閾値cut_ok=0.45未満→AI適地(○)", "noshin_status": "CLEAR", "hazard_status": "CLEAR"}}, {"type": "Feature", "geometry": {"type": "Point", "coordinates": [136.46056548500007, 34.958531289000064]}, "properties": {"feature_id": "241462868", "city": "鈴鹿市", "area_sqm": 1032, "reject": 0.3288, "ai_level": "適当", "ai_symbol": "○", "confidence": 0.6712, "reason": "①青地外(農振)②ハザード外③接道④系統連系 ゲート通過済み(computeCyanLive母集団) / AI衛星判定reject score=0.3288(低いほど優良地寄り) / 閾値cut_ok=0.45未満→AI適地(○)", "noshin_status": "CLEAR", "hazard_status": "CLEAR"}}, {"type": "Feature", "geometry": {"type": "Point", "coordinates": [136.53284698, 34.96129363]}, "properties": {"feature_id": "492581899", "city": "四日市市", "area_sqm": 2515, "reject": 0.3291, "ai_level": "適当", "ai_symbol": "○", "confidence": 0.6709, "reason": "①青地外(農振)②ハザード外③接道④系統連系 ゲート通過済み(computeCyanLive母集団) / AI衛星判定reject score=0.3291(低いほど優良地寄り) / 閾値cut_ok=0.45未満→AI適地(○)", "noshin_status": "CLEAR", "hazard_status": "CLEAR"}}, {"type": "Feature", "geometry": {"type": "Point", "coordinates": [136.56951065200008, 34.90591975700005]}, "properties": {"feature_id": "241419980", "city": "鈴鹿市", "area_sqm": 1123, "reject": 0.3292, "ai_level": "適当", "ai_symbol": "○", "confidence": 0.6708, "reason": "①青地外(農振)②ハザード外③接道④系統連系 ゲート通過済み(computeCyanLive母集団) / AI衛星判定reject score=0.3292(低いほど優良地寄り) / 閾値cut_ok=0.45未満→AI適地(○)", "noshin_status": "CLEAR", "hazard_status": "CLEAR"}}, {"type": "Feature", "geometry": {"type": "Point", "coordinates": [136.49449189100005, 34.84992753800003]}, "properties": {"feature_id": "241383569", "city": "鈴鹿市", "area_sqm": 1009, "reject": 0.3297, "ai_level": "適当", "ai_symbol": "○", "confidence": 0.6703, "reason": "①青地外(農振)②ハザード外③接道④系統連系 ゲート通過済み(computeCyanLive母集団) / AI衛星判定reject score=0.3297(低いほど優良地寄り) / 閾値cut_ok=0.45未満→AI適地(○)", "noshin_status": "CLEAR", "hazard_status": "CLEAR"}}, {"type": "Feature", "geometry": {"type": "Point", "coordinates": [136.59383604, 34.91659095]}, "properties": {"feature_id": "492645363", "city": "四日市市", "area_sqm": 2201, "reject": 0.3305, "ai_level": "適当", "ai_symbol": "○", "confidence": 0.6695, "reason": "①青地外(農振)②ハザード外③接道④系統連系 ゲート通過済み(computeCyanLive母集団) / AI衛星判定reject score=0.3305(低いほど優良地寄り) / 閾値cut_ok=0.45未満→AI適地(○)", "noshin_status": "CLEAR", "hazard_status": "CLEAR"}}, {"type": "Feature", "geometry": {"type": "Point", "coordinates": [136.44413175800003, 34.80793309400008]}, "properties": {"feature_id": "478860792", "city": "津市", "area_sqm": 1236, "reject": 0.3306, "ai_level": "適当", "ai_symbol": "○", "confidence": 0.6694, "reason": "①青地外(農振)②ハザード外③接道④系統連系 ゲート通過済み(computeCyanLive母集団) / AI衛星判定reject score=0.3306(低いほど優良地寄り) / 閾値cut_ok=0.45未満→AI適地(○)", "noshin_status": "CLEAR", "hazard_status": "CLEAR"}}, {"type": "Feature", "geometry": {"type": "Point", "coordinates": [136.48963011800004, 34.93282659700003]}, "properties": {"feature_id": "241469087", "city": "鈴鹿市", "area_sqm": 1230, "reject": 0.3316, "ai_level": "適当", "ai_symbol": "○", "confidence": 0.6684, "reason": "①青地外(農振)②ハザード外③接道④系統連系 ゲート通過済み(computeCyanLive母集団) / AI衛星判定reject score=0.3316(低いほど優良地寄り) / 閾値cut_ok=0.45未満→AI適地(○)", "noshin_status": "CLEAR", "hazard_status": "CLEAR"}}, {"type": "Feature", "geometry": {"type": "Point", "coordinates": [136.55860537, 35.00812001]}, "properties": {"feature_id": "492626972", "city": "四日市市", "area_sqm": 897, "reject": 0.3318, "ai_level": "適当", "ai_symbol": "○", "confidence": 0.6682, "reason": "①青地外(農振)②ハザード外③接道④系統連系 ゲート通過済み(computeCyanLive母集団) / AI衛星判定reject score=0.3318(低いほど優良地寄り) / 閾値cut_ok=0.45未満→AI適地(○)", "noshin_status": "CLEAR", "hazard_status": "CLEAR"}}, {"type": "Feature", "geometry": {"type": "Point", "coordinates": [136.47473484800003, 34.934673675000056]}, "properties": {"feature_id": "241472415", "city": "鈴鹿市", "area_sqm": 1093, "reject": 0.332, "ai_level": "適当", "ai_symbol": "○", "confidence": 0.668, "reason": "①青地外(農振)②ハザード外③接道④系統連系 ゲート通過済み(computeCyanLive母集団) / AI衛星判定reject score=0.3320(低いほど優良地寄り) / 閾値cut_ok=0.45未満→AI適地(○)", "noshin_status": "CLEAR", "hazard_status": "CLEAR"}}, {"type": "Feature", "geometry": {"type": "Point", "coordinates": [136.48149679800008, 34.924532482000075]}, "properties": {"feature_id": "241474890", "city": "鈴鹿市", "area_sqm": 1104, "reject": 0.3335, "ai_level": "適当", "ai_symbol": "○", "confidence": 0.6665, "reason": "①青地外(農振)②ハザード外③接道④系統連系 ゲート通過済み(computeCyanLive母集団) / AI衛星判定reject score=0.3335(低いほど優良地寄り) / 閾値cut_ok=0.45未満→AI適地(○)", "noshin_status": "CLEAR", "hazard_status": "CLEAR"}}, {"type": "Feature", "geometry": {"type": "Point", "coordinates": [136.50125359, 34.8825673380001]}, "properties": {"feature_id": "241457886", "city": "鈴鹿市", "area_sqm": 829, "reject": 0.3338, "ai_level": "適当", "ai_symbol": "○", "confidence": 0.6662, "reason": "①青地外(農振)②ハザード外③接道④系統連系 ゲート通過済み(computeCyanLive母集団) / AI衛星判定reject score=0.3338(低いほど優良地寄り) / 閾値cut_ok=0.45未満→AI適地(○)", "noshin_status": "CLEAR", "hazard_status": "CLEAR"}}, {"type": "Feature", "geometry": {"type": "Point", "coordinates": [136.55924742, 35.00933722]}, "properties": {"feature_id": "492623696", "city": "四日市市", "area_sqm": 1005, "reject": 0.3341, "ai_level": "適当", "ai_symbol": "○", "confidence": 0.6659, "reason": "①青地外(農振)②ハザード外③接道④系統連系 ゲート通過済み(computeCyanLive母集団) / AI衛星判定reject score=0.3341(低いほど優良地寄り) / 閾値cut_ok=0.45未満→AI適地(○)", "noshin_status": "CLEAR", "hazard_status": "CLEAR"}}, {"type": "Feature", "geometry": {"type": "Point", "coordinates": [136.57606424, 35.00805575]}, "properties": {"feature_id": "492626636", "city": "四日市市", "area_sqm": 1190, "reject": 0.3349, "ai_level": "適当", "ai_symbol": "○", "confidence": 0.6651, "reason": "①青地外(農振)②ハザード外③接道④系統連系 ゲート通過済み(computeCyanLive母集団) / AI衛星判定reject score=0.3349(低いほど優良地寄り) / 閾値cut_ok=0.45未満→AI適地(○)", "noshin_status": "CLEAR", "hazard_status": "CLEAR"}}, {"type": "Feature", "geometry": {"type": "Point", "coordinates": [136.49689782100006, 34.882551188000036]}, "properties": {"feature_id": "241392559", "city": "鈴鹿市", "area_sqm": 991, "reject": 0.335, "ai_level": "適当", "ai_symbol": "○", "confidence": 0.665, "reason": "①青地外(農振)②ハザード外③接道④系統連系 ゲート通過済み(computeCyanLive母集団) / AI衛星判定reject score=0.3350(低いほど優良地寄り) / 閾値cut_ok=0.45未満→AI適地(○)", "noshin_status": "CLEAR", "hazard_status": "CLEAR"}}, {"type": "Feature", "geometry": {"type": "Point", "coordinates": [136.56908143, 35.00556164]}, "properties": {"feature_id": "492626785", "city": "四日市市", "area_sqm": 866, "reject": 0.3353, "ai_level": "適当", "ai_symbol": "○", "confidence": 0.6647, "reason": "①青地外(農振)②ハザード外③接道④系統連系 ゲート通過済み(computeCyanLive母集団) / AI衛星判定reject score=0.3353(低いほど優良地寄り) / 閾値cut_ok=0.45未満→AI適地(○)", "noshin_status": "CLEAR", "hazard_status": "CLEAR"}}, {"type": "Feature", "geometry": {"type": "Point", "coordinates": [136.548715641, 34.9174536360001]}, "properties": {"feature_id": "241459187", "city": "鈴鹿市", "area_sqm": 1061, "reject": 0.3366, "ai_level": "適当", "ai_symbol": "○", "confidence": 0.6634, "reason": "①青地外(農振)②ハザード外③接道④系統連系 ゲート通過済み(computeCyanLive母集団) / AI衛星判定reject score=0.3366(低いほど優良地寄り) / 閾値cut_ok=0.45未満→AI適地(○)", "noshin_status": "CLEAR", "hazard_status": "CLEAR"}}, {"type": "Feature", "geometry": {"type": "Point", "coordinates": [136.49766642200007, 34.85992623800007]}, "properties": {"feature_id": "241381339", "city": "鈴鹿市", "area_sqm": 3273, "reject": 0.3367, "ai_level": "適当", "ai_symbol": "○", "confidence": 0.6633, "reason": "①青地外(農振)②ハザード外③接道④系統連系 ゲート通過済み(computeCyanLive母集団) / AI衛星判定reject score=0.3367(低いほど優良地寄り) / 閾値cut_ok=0.45未満→AI適地(○)", "noshin_status": "CLEAR", "hazard_status": "CLEAR"}}, {"type": "Feature", "geometry": {"type": "Point", "coordinates": [136.4986355850001, 34.85648834800003]}, "properties": {"feature_id": "241381067", "city": "鈴鹿市", "area_sqm": 991, "reject": 0.3373, "ai_level": "適当", "ai_symbol": "○", "confidence": 0.6627, "reason": "①青地外(農振)②ハザード外③接道④系統連系 ゲート通過済み(computeCyanLive母集団) / AI衛星判定reject score=0.3373(低いほど優良地寄り) / 閾値cut_ok=0.45未満→AI適地(○)", "noshin_status": "CLEAR", "hazard_status": "CLEAR"}}, {"type": "Feature", "geometry": {"type": "Point", "coordinates": [136.51400967, 34.93794786]}, "properties": {"feature_id": "492601705", "city": "四日市市", "area_sqm": 1340, "reject": 0.3388, "ai_level": "適当", "ai_symbol": "○", "confidence": 0.6612, "reason": "①青地外(農振)②ハザード外③接道④系統連系 ゲート通過済み(computeCyanLive母集団) / AI衛星判定reject score=0.3388(低いほど優良地寄り) / 閾値cut_ok=0.45未満→AI適地(○)", "noshin_status": "CLEAR", "hazard_status": "CLEAR"}}, {"type": "Feature", "geometry": {"type": "Point", "coordinates": [136.60887934100003, 34.43345028900006]}, "properties": {"feature_id": "242590763", "city": "度会町", "area_sqm": 1027, "reject": 0.3391, "ai_level": "適当", "ai_symbol": "○", "confidence": 0.6609, "reason": "①青地外(農振)②ハザード外③接道④系統連系 ゲート通過済み(computeCyanLive母集団) / AI衛星判定reject score=0.3391(低いほど優良地寄り) / 閾値cut_ok=0.45未満→AI適地(○)", "noshin_status": "CLEAR", "hazard_status": "CLEAR"}}, {"type": "Feature", "geometry": {"type": "Point", "coordinates": [136.61072338, 34.98489384]}, "properties": {"feature_id": "492620589", "city": "四日市市", "area_sqm": 980, "reject": 0.3392, "ai_level": "適当", "ai_symbol": "○", "confidence": 0.6608, "reason": "①青地外(農振)②ハザード外③接道④系統連系 ゲート通過済み(computeCyanLive母集団) / AI衛星判定reject score=0.3392(低いほど優良地寄り) / 閾値cut_ok=0.45未満→AI適地(○)", "noshin_status": "CLEAR", "hazard_status": "CLEAR"}}, {"type": "Feature", "geometry": {"type": "Point", "coordinates": [136.47954240400009, 34.92651524100006]}, "properties": {"feature_id": "241474974", "city": "鈴鹿市", "area_sqm": 819, "reject": 0.3395, "ai_level": "適当", "ai_symbol": "○", "confidence": 0.6605, "reason": "①青地外(農振)②ハザード外③接道④系統連系 ゲート通過済み(computeCyanLive母集団) / AI衛星判定reject score=0.3395(低いほど優良地寄り) / 閾値cut_ok=0.45未満→AI適地(○)", "noshin_status": "CLEAR", "hazard_status": "CLEAR"}}, {"type": "Feature", "geometry": {"type": "Point", "coordinates": [136.54763291300003, 34.920972789000075]}, "properties": {"feature_id": "241459139", "city": "鈴鹿市", "area_sqm": 3431, "reject": 0.3397, "ai_level": "適当", "ai_symbol": "○", "confidence": 0.6603, "reason": "①青地外(農振)②ハザード外③接道④系統連系 ゲート通過済み(computeCyanLive母集団) / AI衛星判定reject score=0.3397(低いほど優良地寄り) / 閾値cut_ok=0.45未満→AI適地(○)", "noshin_status": "CLEAR", "hazard_status": "CLEAR"}}, {"type": "Feature", "geometry": {"type": "Point", "coordinates": [136.49797782000007, 34.88134556600005]}, "properties": {"feature_id": "241392599", "city": "鈴鹿市", "area_sqm": 2231, "reject": 0.3397, "ai_level": "適当", "ai_symbol": "○", "confidence": 0.6603, "reason": "①青地外(農振)②ハザード外③接道④系統連系 ゲート通過済み(computeCyanLive母集団) / AI衛星判定reject score=0.3397(低いほど優良地寄り) / 閾値cut_ok=0.45未満→AI適地(○)", "noshin_status": "CLEAR", "hazard_status": "CLEAR"}}, {"type": "Feature", "geometry": {"type": "Point", "coordinates": [136.54602836, 34.96438628]}, "properties": {"feature_id": "492595445", "city": "四日市市", "area_sqm": 842, "reject": 0.3397, "ai_level": "適当", "ai_symbol": "○", "confidence": 0.6603, "reason": "①青地外(農振)②ハザード外③接道④系統連系 ゲート通過済み(computeCyanLive母集団) / AI衛星判定reject score=0.3397(低いほど優良地寄り) / 閾値cut_ok=0.45未満→AI適地(○)", "noshin_status": "CLEAR", "hazard_status": "CLEAR"}}, {"type": "Feature", "geometry": {"type": "Point", "coordinates": [136.49071878300003, 34.929124013000035]}, "properties": {"feature_id": "241472734", "city": "鈴鹿市", "area_sqm": 994, "reject": 0.3398, "ai_level": "適当", "ai_symbol": "○", "confidence": 0.6602, "reason": "①青地外(農振)②ハザード外③接道④系統連系 ゲート通過済み(computeCyanLive母集団) / AI衛星判定reject score=0.3398(低いほど優良地寄り) / 閾値cut_ok=0.45未満→AI適地(○)", "noshin_status": "CLEAR", "hazard_status": "CLEAR"}}, {"type": "Feature", "geometry": {"type": "Point", "coordinates": [136.56892538, 35.05332755]}, "properties": {"feature_id": "492654492", "city": "四日市市", "area_sqm": 1964, "reject": 0.3399, "ai_level": "適当", "ai_symbol": "○", "confidence": 0.6601, "reason": "①青地外(農振)②ハザード外③接道④系統連系 ゲート通過済み(computeCyanLive母集団) / AI衛星判定reject score=0.3399(低いほど優良地寄り) / 閾値cut_ok=0.45未満→AI適地(○)", "noshin_status": "CLEAR", "hazard_status": "CLEAR"}}, {"type": "Feature", "geometry": {"type": "Point", "coordinates": [136.486878756, 34.92440959500004]}, "properties": {"feature_id": "241475090", "city": "鈴鹿市", "area_sqm": 1555, "reject": 0.3401, "ai_level": "適当", "ai_symbol": "○", "confidence": 0.6599, "reason": "①青地外(農振)②ハザード外③接道④系統連系 ゲート通過済み(computeCyanLive母集団) / AI衛星判定reject score=0.3401(低いほど優良地寄り) / 閾値cut_ok=0.45未満→AI適地(○)", "noshin_status": "CLEAR", "hazard_status": "CLEAR"}}, {"type": "Feature", "geometry": {"type": "Point", "coordinates": [136.50002812900004, 34.84619997500005]}, "properties": {"feature_id": "241383847", "city": "鈴鹿市", "area_sqm": 1087, "reject": 0.3404, "ai_level": "適当", "ai_symbol": "○", "confidence": 0.6596, "reason": "①青地外(農振)②ハザード外③接道④系統連系 ゲート通過済み(computeCyanLive母集団) / AI衛星判定reject score=0.3404(低いほど優良地寄り) / 閾値cut_ok=0.45未満→AI適地(○)", "noshin_status": "CLEAR", "hazard_status": "CLEAR"}}, {"type": "Feature", "geometry": {"type": "Point", "coordinates": [136.4993560470001, 34.84657763600006]}, "properties": {"feature_id": "241383827", "city": "鈴鹿市", "area_sqm": 1137, "reject": 0.3409, "ai_level": "適当", "ai_symbol": "○", "confidence": 0.6591, "reason": "①青地外(農振)②ハザード外③接道④系統連系 ゲート通過済み(computeCyanLive母集団) / AI衛星判定reject score=0.3409(低いほど優良地寄り) / 閾値cut_ok=0.45未満→AI適地(○)", "noshin_status": "CLEAR", "hazard_status": "CLEAR"}}, {"type": "Feature", "geometry": {"type": "Point", "coordinates": [136.56637325, 35.00787934]}, "properties": {"feature_id": "492625515", "city": "四日市市", "area_sqm": 1755, "reject": 0.341, "ai_level": "適当", "ai_symbol": "○", "confidence": 0.659, "reason": "①青地外(農振)②ハザード外③接道④系統連系 ゲート通過済み(computeCyanLive母集団) / AI衛星判定reject score=0.3410(低いほど優良地寄り) / 閾値cut_ok=0.45未満→AI適地(○)", "noshin_status": "CLEAR", "hazard_status": "CLEAR"}}, {"type": "Feature", "geometry": {"type": "Point", "coordinates": [136.5543500220001, 34.90082648400005]}, "properties": {"feature_id": "241398562", "city": "鈴鹿市", "area_sqm": 860, "reject": 0.3413, "ai_level": "適当", "ai_symbol": "○", "confidence": 0.6587, "reason": "①青地外(農振)②ハザード外③接道④系統連系 ゲート通過済み(computeCyanLive母集団) / AI衛星判定reject score=0.3413(低いほど優良地寄り) / 閾値cut_ok=0.45未満→AI適地(○)", "noshin_status": "CLEAR", "hazard_status": "CLEAR"}}, {"type": "Feature", "geometry": {"type": "Point", "coordinates": [136.56022435, 35.05931609]}, "properties": {"feature_id": "492657631", "city": "四日市市", "area_sqm": 1619, "reject": 0.3419, "ai_level": "適当", "ai_symbol": "○", "confidence": 0.6581, "reason": "①青地外(農振)②ハザード外③接道④系統連系 ゲート通過済み(computeCyanLive母集団) / AI衛星判定reject score=0.3419(低いほど優良地寄り) / 閾値cut_ok=0.45未満→AI適地(○)", "noshin_status": "CLEAR", "hazard_status": "CLEAR"}}, {"type": "Feature", "geometry": {"type": "Point", "coordinates": [136.5560105300001, 34.91785487000004]}, "properties": {"feature_id": "241459272", "city": "鈴鹿市", "area_sqm": 803, "reject": 0.3419, "ai_level": "適当", "ai_symbol": "○", "confidence": 0.6581, "reason": "①青地外(農振)②ハザード外③接道④系統連系 ゲート通過済み(computeCyanLive母集団) / AI衛星判定reject score=0.3419(低いほど優良地寄り) / 閾値cut_ok=0.45未満→AI適地(○)", "noshin_status": "CLEAR", "hazard_status": "CLEAR"}}, {"type": "Feature", "geometry": {"type": "Point", "coordinates": [136.46072233200005, 34.96058008600005]}, "properties": {"feature_id": "241462957", "city": "鈴鹿市", "area_sqm": 1196, "reject": 0.3423, "ai_level": "適当", "ai_symbol": "○", "confidence": 0.6577, "reason": "①青地外(農振)②ハザード外③接道④系統連系 ゲート通過済み(computeCyanLive母集団) / AI衛星判定reject score=0.3423(低いほど優良地寄り) / 閾値cut_ok=0.45未満→AI適地(○)", "noshin_status": "CLEAR", "hazard_status": "CLEAR"}}, {"type": "Feature", "geometry": {"type": "Point", "coordinates": [136.54114809, 35.0388056]}, "properties": {"feature_id": "492653726", "city": "四日市市", "area_sqm": 1021, "reject": 0.3424, "ai_level": "適当", "ai_symbol": "○", "confidence": 0.6576, "reason": "①青地外(農振)②ハザード外③接道④系統連系 ゲート通過済み(computeCyanLive母集団) / AI衛星判定reject score=0.3424(低いほど優良地寄り) / 閾値cut_ok=0.45未満→AI適地(○)", "noshin_status": "CLEAR", "hazard_status": "CLEAR"}}, {"type": "Feature", "geometry": {"type": "Point", "coordinates": [136.47766131, 34.97154053]}, "properties": {"feature_id": "492648541", "city": "四日市市", "area_sqm": 2026, "reject": 0.3431, "ai_level": "適当", "ai_symbol": "○", "confidence": 0.6569, "reason": "①青地外(農振)②ハザード外③接道④系統連系 ゲート通過済み(computeCyanLive母集団) / AI衛星判定reject score=0.3431(低いほど優良地寄り) / 閾値cut_ok=0.45未満→AI適地(○)", "noshin_status": "CLEAR", "hazard_status": "CLEAR"}}, {"type": "Feature", "geometry": {"type": "Point", "coordinates": [136.5450885, 34.94785129]}, "properties": {"feature_id": "492594279", "city": "四日市市", "area_sqm": 2436, "reject": 0.3442, "ai_level": "適当", "ai_symbol": "○", "confidence": 0.6558, "reason": "①青地外(農振)②ハザード外③接道④系統連系 ゲート通過済み(computeCyanLive母集団) / AI衛星判定reject score=0.3442(低いほど優良地寄り) / 閾値cut_ok=0.45未満→AI適地(○)", "noshin_status": "CLEAR", "hazard_status": "CLEAR"}}, {"type": "Feature", "geometry": {"type": "Point", "coordinates": [136.6054532, 34.99921509]}, "properties": {"feature_id": "492617199", "city": "四日市市", "area_sqm": 1000, "reject": 0.3447, "ai_level": "適当", "ai_symbol": "○", "confidence": 0.6553, "reason": "①青地外(農振)②ハザード外③接道④系統連系 ゲート通過済み(computeCyanLive母集団) / AI衛星判定reject score=0.3447(低いほど優良地寄り) / 閾値cut_ok=0.45未満→AI適地(○)", "noshin_status": "CLEAR", "hazard_status": "CLEAR"}}, {"type": "Feature", "geometry": {"type": "Point", "coordinates": [136.51128542100003, 34.78668285200007]}, "properties": {"feature_id": "478793757", "city": "津市", "area_sqm": 909, "reject": 0.3465, "ai_level": "適当", "ai_symbol": "○", "confidence": 0.6535, "reason": "①青地外(農振)②ハザード外③接道④系統連系 ゲート通過済み(computeCyanLive母集団) / AI衛星判定reject score=0.3465(低いほど優良地寄り) / 閾値cut_ok=0.45未満→AI適地(○)", "noshin_status": "CLEAR", "hazard_status": "CLEAR"}}, {"type": "Feature", "geometry": {"type": "Point", "coordinates": [136.49097085, 34.96285498]}, "properties": {"feature_id": "492649117", "city": "四日市市", "area_sqm": 972, "reject": 0.35, "ai_level": "適当", "ai_symbol": "○", "confidence": 0.65, "reason": "①青地外(農振)②ハザード外③接道④系統連系 ゲート通過済み(computeCyanLive母集団) / AI衛星判定reject score=0.3500(低いほど優良地寄り) / 閾値cut_ok=0.45未満→AI適地(○)", "noshin_status": "CLEAR", "hazard_status": "CLEAR"}}, {"type": "Feature", "geometry": {"type": "Point", "coordinates": [136.4626406120001, 34.69002085300008]}, "properties": {"feature_id": "478723520", "city": "津市", "area_sqm": 1028, "reject": 0.3506, "ai_level": "適当", "ai_symbol": "○", "confidence": 0.6494, "reason": "①青地外(農振)②ハザード外③接道④系統連系 ゲート通過済み(computeCyanLive母集団) / AI衛星判定reject score=0.3506(低いほど優良地寄り) / 閾値cut_ok=0.45未満→AI適地(○)", "noshin_status": "CLEAR", "hazard_status": "CLEAR"}}, {"type": "Feature", "geometry": {"type": "Point", "coordinates": [136.51660195700003, 34.934038086000044]}, "properties": {"feature_id": "241461050", "city": "鈴鹿市", "area_sqm": 1504, "reject": 0.3511, "ai_level": "適当", "ai_symbol": "○", "confidence": 0.6489, "reason": "①青地外(農振)②ハザード外③接道④系統連系 ゲート通過済み(computeCyanLive母集団) / AI衛星判定reject score=0.3511(低いほど優良地寄り) / 閾値cut_ok=0.45未満→AI適地(○)", "noshin_status": "CLEAR", "hazard_status": "CLEAR"}}, {"type": "Feature", "geometry": {"type": "Point", "coordinates": [136.475882599, 34.9077814990001]}, "properties": {"feature_id": "241478609", "city": "鈴鹿市", "area_sqm": 988, "reject": 0.3528, "ai_level": "適当", "ai_symbol": "○", "confidence": 0.6472, "reason": "①青地外(農振)②ハザード外③接道④系統連系 ゲート通過済み(computeCyanLive母集団) / AI衛星判定reject score=0.3528(低いほど優良地寄り) / 閾値cut_ok=0.45未満→AI適地(○)", "noshin_status": "CLEAR", "hazard_status": "CLEAR"}}, {"type": "Feature", "geometry": {"type": "Point", "coordinates": [136.46234743700006, 34.68989100300007]}, "properties": {"feature_id": "478723518", "city": "津市", "area_sqm": 1352, "reject": 0.3529, "ai_level": "適当", "ai_symbol": "○", "confidence": 0.6471, "reason": "①青地外(農振)②ハザード外③接道④系統連系 ゲート通過済み(computeCyanLive母集団) / AI衛星判定reject score=0.3529(低いほど優良地寄り) / 閾値cut_ok=0.45未満→AI適地(○)", "noshin_status": "CLEAR", "hazard_status": "CLEAR"}}, {"type": "Feature", "geometry": {"type": "Point", "coordinates": [136.49890826900003, 34.67796978000007]}, "properties": {"feature_id": "478727428", "city": "津市", "area_sqm": 1061, "reject": 0.353, "ai_level": "適当", "ai_symbol": "○", "confidence": 0.647, "reason": "①青地外(農振)②ハザード外③接道④系統連系 ゲート通過済み(computeCyanLive母集団) / AI衛星判定reject score=0.3530(低いほど優良地寄り) / 閾値cut_ok=0.45未満→AI適地(○)", "noshin_status": "CLEAR", "hazard_status": "CLEAR"}}, {"type": "Feature", "geometry": {"type": "Point", "coordinates": [136.5624964, 35.01884589]}, "properties": {"feature_id": "492624417", "city": "四日市市", "area_sqm": 1279, "reject": 0.3532, "ai_level": "適当", "ai_symbol": "○", "confidence": 0.6468, "reason": "①青地外(農振)②ハザード外③接道④系統連系 ゲート通過済み(computeCyanLive母集団) / AI衛星判定reject score=0.3532(低いほど優良地寄り) / 閾値cut_ok=0.45未満→AI適地(○)", "noshin_status": "CLEAR", "hazard_status": "CLEAR"}}, {"type": "Feature", "geometry": {"type": "Point", "coordinates": [136.56788927, 35.00591512]}, "properties": {"feature_id": "492625447", "city": "四日市市", "area_sqm": 842, "reject": 0.3538, "ai_level": "適当", "ai_symbol": "○", "confidence": 0.6462, "reason": "①青地外(農振)②ハザード外③接道④系統連系 ゲート通過済み(computeCyanLive母集団) / AI衛星判定reject score=0.3538(低いほど優良地寄り) / 閾値cut_ok=0.45未満→AI適地(○)", "noshin_status": "CLEAR", "hazard_status": "CLEAR"}}, {"type": "Feature", "geometry": {"type": "Point", "coordinates": [136.49218412400012, 34.85333138300007]}, "properties": {"feature_id": "241381111", "city": "鈴鹿市", "area_sqm": 1685, "reject": 0.3543, "ai_level": "適当", "ai_symbol": "○", "confidence": 0.6457, "reason": "①青地外(農振)②ハザード外③接道④系統連系 ゲート通過済み(computeCyanLive母集団) / AI衛星判定reject score=0.3543(低いほど優良地寄り) / 閾値cut_ok=0.45未満→AI適地(○)", "noshin_status": "CLEAR", "hazard_status": "CLEAR"}}, {"type": "Feature", "geometry": {"type": "Point", "coordinates": [136.5833890680001, 34.91231525200004]}, "properties": {"feature_id": "241419697", "city": "鈴鹿市", "area_sqm": 880, "reject": 0.3545, "ai_level": "適当", "ai_symbol": "○", "confidence": 0.6455, "reason": "①青地外(農振)②ハザード外③接道④系統連系 ゲート通過済み(computeCyanLive母集団) / AI衛星判定reject score=0.3545(低いほど優良地寄り) / 閾値cut_ok=0.45未満→AI適地(○)", "noshin_status": "CLEAR", "hazard_status": "CLEAR"}}, {"type": "Feature", "geometry": {"type": "Point", "coordinates": [136.63532594, 35.00846812]}, "properties": {"feature_id": "492570678", "city": "四日市市", "area_sqm": 1064, "reject": 0.3558, "ai_level": "適当", "ai_symbol": "○", "confidence": 0.6442, "reason": "①青地外(農振)②ハザード外③接道④系統連系 ゲート通過済み(computeCyanLive母集団) / AI衛星判定reject score=0.3558(低いほど優良地寄り) / 閾値cut_ok=0.45未満→AI適地(○)", "noshin_status": "CLEAR", "hazard_status": "CLEAR"}}, {"type": "Feature", "geometry": {"type": "Point", "coordinates": [136.496948018, 34.88287578500007]}, "properties": {"feature_id": "241392561", "city": "鈴鹿市", "area_sqm": 991, "reject": 0.3567, "ai_level": "適当", "ai_symbol": "○", "confidence": 0.6433, "reason": "①青地外(農振)②ハザード外③接道④系統連系 ゲート通過済み(computeCyanLive母集団) / AI衛星判定reject score=0.3567(低いほど優良地寄り) / 閾値cut_ok=0.45未満→AI適地(○)", "noshin_status": "CLEAR", "hazard_status": "CLEAR"}}, {"type": "Feature", "geometry": {"type": "Point", "coordinates": [136.52001312100003, 34.815536146000056]}, "properties": {"feature_id": "241454479", "city": "鈴鹿市", "area_sqm": 1366, "reject": 0.3574, "ai_level": "適当", "ai_symbol": "○", "confidence": 0.6426, "reason": "①青地外(農振)②ハザード外③接道④系統連系 ゲート通過済み(computeCyanLive母集団) / AI衛星判定reject score=0.3574(低いほど優良地寄り) / 閾値cut_ok=0.45未満→AI適地(○)", "noshin_status": "CLEAR", "hazard_status": "CLEAR"}}, {"type": "Feature", "geometry": {"type": "Point", "coordinates": [136.570611, 35.00819868]}, "properties": {"feature_id": "492626622", "city": "四日市市", "area_sqm": 993, "reject": 0.3582, "ai_level": "適当", "ai_symbol": "○", "confidence": 0.6418, "reason": "①青地外(農振)②ハザード外③接道④系統連系 ゲート通過済み(computeCyanLive母集団) / AI衛星判定reject score=0.3582(低いほど優良地寄り) / 閾値cut_ok=0.45未満→AI適地(○)", "noshin_status": "CLEAR", "hazard_status": "CLEAR"}}, {"type": "Feature", "geometry": {"type": "Point", "coordinates": [136.56510353, 35.00554276]}, "properties": {"feature_id": "492625246", "city": "四日市市", "area_sqm": 958, "reject": 0.3591, "ai_level": "適当", "ai_symbol": "○", "confidence": 0.6409, "reason": "①青地外(農振)②ハザード外③接道④系統連系 ゲート通過済み(computeCyanLive母集団) / AI衛星判定reject score=0.3591(低いほど優良地寄り) / 閾値cut_ok=0.45未満→AI適地(○)", "noshin_status": "CLEAR", "hazard_status": "CLEAR"}}, {"type": "Feature", "geometry": {"type": "Point", "coordinates": [136.5437034, 35.03951667]}, "properties": {"feature_id": "492653339", "city": "四日市市", "area_sqm": 1789, "reject": 0.3601, "ai_level": "適当", "ai_symbol": "○", "confidence": 0.6399, "reason": "①青地外(農振)②ハザード外③接道④系統連系 ゲート通過済み(computeCyanLive母集団) / AI衛星判定reject score=0.3601(低いほど優良地寄り) / 閾値cut_ok=0.45未満→AI適地(○)", "noshin_status": "CLEAR", "hazard_status": "CLEAR"}}, {"type": "Feature", "geometry": {"type": "Point", "coordinates": [136.4356562590001, 34.80422565200007]}, "properties": {"feature_id": "478860009", "city": "津市", "area_sqm": 869, "reject": 0.3601, "ai_level": "適当", "ai_symbol": "○", "confidence": 0.6399, "reason": "①青地外(農振)②ハザード外③接道④系統連系 ゲート通過済み(computeCyanLive母集団) / AI衛星判定reject score=0.3601(低いほど優良地寄り) / 閾値cut_ok=0.45未満→AI適地(○)", "noshin_status": "CLEAR", "hazard_status": "CLEAR"}}, {"type": "Feature", "geometry": {"type": "Point", "coordinates": [136.5458805, 35.04426433]}, "properties": {"feature_id": "492653356", "city": "四日市市", "area_sqm": 876, "reject": 0.3603, "ai_level": "適当", "ai_symbol": "○", "confidence": 0.6397, "reason": "①青地外(農振)②ハザード外③接道④系統連系 ゲート通過済み(computeCyanLive母集団) / AI衛星判定reject score=0.3603(低いほど優良地寄り) / 閾値cut_ok=0.45未満→AI適地(○)", "noshin_status": "CLEAR", "hazard_status": "CLEAR"}}, {"type": "Feature", "geometry": {"type": "Point", "coordinates": [136.45836803200007, 34.680559448000054]}, "properties": {"feature_id": "478767909", "city": "津市", "area_sqm": 1000, "reject": 0.3609, "ai_level": "適当", "ai_symbol": "○", "confidence": 0.6391, "reason": "①青地外(農振)②ハザード外③接道④系統連系 ゲート通過済み(computeCyanLive母集団) / AI衛星判定reject score=0.3609(低いほど優良地寄り) / 閾値cut_ok=0.45未満→AI適地(○)", "noshin_status": "CLEAR", "hazard_status": "CLEAR"}}, {"type": "Feature", "geometry": {"type": "Point", "coordinates": [136.4204013970001, 34.81978756400008]}, "properties": {"feature_id": "478835372", "city": "津市", "area_sqm": 1098, "reject": 0.361, "ai_level": "適当", "ai_symbol": "○", "confidence": 0.639, "reason": "①青地外(農振)②ハザード外③接道④系統連系 ゲート通過済み(computeCyanLive母集団) / AI衛星判定reject score=0.3610(低いほど優良地寄り) / 閾値cut_ok=0.45未満→AI適地(○)", "noshin_status": "CLEAR", "hazard_status": "CLEAR"}}, {"type": "Feature", "geometry": {"type": "Point", "coordinates": [136.52048665200005, 34.78666010500007]}, "properties": {"feature_id": "478792346", "city": "津市", "area_sqm": 1114, "reject": 0.362, "ai_level": "適当", "ai_symbol": "○", "confidence": 0.638, "reason": "①青地外(農振)②ハザード外③接道④系統連系 ゲート通過済み(computeCyanLive母集団) / AI衛星判定reject score=0.3620(低いほど優良地寄り) / 閾値cut_ok=0.45未満→AI適地(○)", "noshin_status": "CLEAR", "hazard_status": "CLEAR"}}, {"type": "Feature", "geometry": {"type": "Point", "coordinates": [136.51243734900004, 34.86246209800004]}, "properties": {"feature_id": "241382487", "city": "鈴鹿市", "area_sqm": 915, "reject": 0.362, "ai_level": "適当", "ai_symbol": "○", "confidence": 0.638, "reason": "①青地外(農振)②ハザード外③接道④系統連系 ゲート通過済み(computeCyanLive母集団) / AI衛星判定reject score=0.3620(低いほど優良地寄り) / 閾値cut_ok=0.45未満→AI適地(○)", "noshin_status": "CLEAR", "hazard_status": "CLEAR"}}, {"type": "Feature", "geometry": {"type": "Point", "coordinates": [136.48662441200008, 34.92321756700005]}, "properties": {"feature_id": "241475086", "city": "鈴鹿市", "area_sqm": 977, "reject": 0.3623, "ai_level": "適当", "ai_symbol": "○", "confidence": 0.6377, "reason": "①青地外(農振)②ハザード外③接道④系統連系 ゲート通過済み(computeCyanLive母集団) / AI衛星判定reject score=0.3623(低いほど優良地寄り) / 閾値cut_ok=0.45未満→AI適地(○)", "noshin_status": "CLEAR", "hazard_status": "CLEAR"}}, {"type": "Feature", "geometry": {"type": "Point", "coordinates": [136.45074660800003, 34.803919688000065]}, "properties": {"feature_id": "478694300", "city": "津市", "area_sqm": 803, "reject": 0.3625, "ai_level": "適当", "ai_symbol": "○", "confidence": 0.6375, "reason": "①青地外(農振)②ハザード外③接道④系統連系 ゲート通過済み(computeCyanLive母集団) / AI衛星判定reject score=0.3625(低いほど優良地寄り) / 閾値cut_ok=0.45未満→AI適地(○)", "noshin_status": "CLEAR", "hazard_status": "CLEAR"}}, {"type": "Feature", "geometry": {"type": "Point", "coordinates": [136.5435903240001, 34.88208483200003]}, "properties": {"feature_id": "241394841", "city": "鈴鹿市", "area_sqm": 847, "reject": 0.3626, "ai_level": "適当", "ai_symbol": "○", "confidence": 0.6374, "reason": "①青地外(農振)②ハザード外③接道④系統連系 ゲート通過済み(computeCyanLive母集団) / AI衛星判定reject score=0.3626(低いほど優良地寄り) / 閾値cut_ok=0.45未満→AI適地(○)", "noshin_status": "CLEAR", "hazard_status": "CLEAR"}}, {"type": "Feature", "geometry": {"type": "Point", "coordinates": [136.55975029, 35.04626658]}, "properties": {"feature_id": "492658110", "city": "四日市市", "area_sqm": 1591, "reject": 0.3627, "ai_level": "適当", "ai_symbol": "○", "confidence": 0.6373, "reason": "①青地外(農振)②ハザード外③接道④系統連系 ゲート通過済み(computeCyanLive母集団) / AI衛星判定reject score=0.3627(低いほど優良地寄り) / 閾値cut_ok=0.45未満→AI適地(○)", "noshin_status": "CLEAR", "hazard_status": "CLEAR"}}, {"type": "Feature", "geometry": {"type": "Point", "coordinates": [136.57264581200002, 34.90675589800003]}, "properties": {"feature_id": "241419819", "city": "鈴鹿市", "area_sqm": 1275, "reject": 0.363, "ai_level": "適当", "ai_symbol": "○", "confidence": 0.637, "reason": "①青地外(農振)②ハザード外③接道④系統連系 ゲート通過済み(computeCyanLive母集団) / AI衛星判定reject score=0.3630(低いほど優良地寄り) / 閾値cut_ok=0.45未満→AI適地(○)", "noshin_status": "CLEAR", "hazard_status": "CLEAR"}}, {"type": "Feature", "geometry": {"type": "Point", "coordinates": [136.53624446, 35.03863934]}, "properties": {"feature_id": "492656584", "city": "四日市市", "area_sqm": 2049, "reject": 0.3631, "ai_level": "適当", "ai_symbol": "○", "confidence": 0.6369, "reason": "①青地外(農振)②ハザード外③接道④系統連系 ゲート通過済み(computeCyanLive母集団) / AI衛星判定reject score=0.3631(低いほど優良地寄り) / 閾値cut_ok=0.45未満→AI適地(○)", "noshin_status": "CLEAR", "hazard_status": "CLEAR"}}, {"type": "Feature", "geometry": {"type": "Point", "coordinates": [136.47734743600006, 34.91161283400004]}, "properties": {"feature_id": "241478244", "city": "鈴鹿市", "area_sqm": 1393, "reject": 0.3643, "ai_level": "適当", "ai_symbol": "○", "confidence": 0.6357, "reason": "①青地外(農振)②ハザード外③接道④系統連系 ゲート通過済み(computeCyanLive母集団) / AI衛星判定reject score=0.3643(低いほど優良地寄り) / 閾値cut_ok=0.45未満→AI適地(○)", "noshin_status": "CLEAR", "hazard_status": "CLEAR"}}, {"type": "Feature", "geometry": {"type": "Point", "coordinates": [136.4550108310001, 34.68349633200006]}, "properties": {"feature_id": "478767784", "city": "津市", "area_sqm": 1000, "reject": 0.3666, "ai_level": "適当", "ai_symbol": "○", "confidence": 0.6334, "reason": "①青地外(農振)②ハザード外③接道④系統連系 ゲート通過済み(computeCyanLive母集団) / AI衛星判定reject score=0.3666(低いほど優良地寄り) / 閾値cut_ok=0.45未満→AI適地(○)", "noshin_status": "CLEAR", "hazard_status": "CLEAR"}}, {"type": "Feature", "geometry": {"type": "Point", "coordinates": [136.49702698300007, 34.88341035600007]}, "properties": {"feature_id": "241392567", "city": "鈴鹿市", "area_sqm": 1289, "reject": 0.3668, "ai_level": "適当", "ai_symbol": "○", "confidence": 0.6332, "reason": "①青地外(農振)②ハザード外③接道④系統連系 ゲート通過済み(computeCyanLive母集団) / AI衛星判定reject score=0.3668(低いほど優良地寄り) / 閾値cut_ok=0.45未満→AI適地(○)", "noshin_status": "CLEAR", "hazard_status": "CLEAR"}}, {"type": "Feature", "geometry": {"type": "Point", "coordinates": [136.4765598140001, 34.78438242300007]}, "properties": {"feature_id": "478690688", "city": "津市", "area_sqm": 1983, "reject": 0.367, "ai_level": "適当", "ai_symbol": "○", "confidence": 0.633, "reason": "①青地外(農振)②ハザード外③接道④系統連系 ゲート通過済み(computeCyanLive母集団) / AI衛星判定reject score=0.3670(低いほど優良地寄り) / 閾値cut_ok=0.45未満→AI適地(○)", "noshin_status": "CLEAR", "hazard_status": "CLEAR"}}, {"type": "Feature", "geometry": {"type": "Point", "coordinates": [136.41238244800002, 34.696186185000045]}, "properties": {"feature_id": "478775375", "city": "津市", "area_sqm": 1296, "reject": 0.3674, "ai_level": "適当", "ai_symbol": "○", "confidence": 0.6326, "reason": "①青地外(農振)②ハザード外③接道④系統連系 ゲート通過済み(computeCyanLive母集団) / AI衛星判定reject score=0.3674(低いほど優良地寄り) / 閾値cut_ok=0.45未満→AI適地(○)", "noshin_status": "CLEAR", "hazard_status": "CLEAR"}}, {"type": "Feature", "geometry": {"type": "Point", "coordinates": [136.61901498, 35.00386937]}, "properties": {"feature_id": "492641236", "city": "四日市市", "area_sqm": 963, "reject": 0.3676, "ai_level": "適当", "ai_symbol": "○", "confidence": 0.6324, "reason": "①青地外(農振)②ハザード外③接道④系統連系 ゲート通過済み(computeCyanLive母集団) / AI衛星判定reject score=0.3676(低いほど優良地寄り) / 閾値cut_ok=0.45未満→AI適地(○)", "noshin_status": "CLEAR", "hazard_status": "CLEAR"}}, {"type": "Feature", "geometry": {"type": "Point", "coordinates": [136.49505461900003, 34.85474833100005]}, "properties": {"feature_id": "241381236", "city": "鈴鹿市", "area_sqm": 5438, "reject": 0.3678, "ai_level": "適当", "ai_symbol": "○", "confidence": 0.6322, "reason": "①青地外(農振)②ハザード外③接道④系統連系 ゲート通過済み(computeCyanLive母集団) / AI衛星判定reject score=0.3678(低いほど優良地寄り) / 閾値cut_ok=0.45未満→AI適地(○)", "noshin_status": "CLEAR", "hazard_status": "CLEAR"}}, {"type": "Feature", "geometry": {"type": "Point", "coordinates": [136.49079325700006, 34.92794367600004]}, "properties": {"feature_id": "241472673", "city": "鈴鹿市", "area_sqm": 1557, "reject": 0.368, "ai_level": "適当", "ai_symbol": "○", "confidence": 0.632, "reason": "①青地外(農振)②ハザード外③接道④系統連系 ゲート通過済み(computeCyanLive母集団) / AI衛星判定reject score=0.3680(低いほど優良地寄り) / 閾値cut_ok=0.45未満→AI適地(○)", "noshin_status": "CLEAR", "hazard_status": "CLEAR"}}, {"type": "Feature", "geometry": {"type": "Point", "coordinates": [136.5435548800001, 34.88138032400008]}, "properties": {"feature_id": "241394838", "city": "鈴鹿市", "area_sqm": 1129, "reject": 0.3718, "ai_level": "適当", "ai_symbol": "○", "confidence": 0.6282, "reason": "①青地外(農振)②ハザード外③接道④系統連系 ゲート通過済み(computeCyanLive母集団) / AI衛星判定reject score=0.3718(低いほど優良地寄り) / 閾値cut_ok=0.45未満→AI適地(○)", "noshin_status": "CLEAR", "hazard_status": "CLEAR"}}, {"type": "Feature", "geometry": {"type": "Point", "coordinates": [136.45625527900006, 34.96221325700003]}, "properties": {"feature_id": "241463257", "city": "鈴鹿市", "area_sqm": 899, "reject": 0.3718, "ai_level": "適当", "ai_symbol": "○", "confidence": 0.6282, "reason": "①青地外(農振)②ハザード外③接道④系統連系 ゲート通過済み(computeCyanLive母集団) / AI衛星判定reject score=0.3718(低いほど優良地寄り) / 閾値cut_ok=0.45未満→AI適地(○)", "noshin_status": "CLEAR", "hazard_status": "CLEAR"}}, {"type": "Feature", "geometry": {"type": "Point", "coordinates": [136.497768428, 34.8529274000001]}, "properties": {"feature_id": "241383523", "city": "鈴鹿市", "area_sqm": 1000, "reject": 0.3721, "ai_level": "適当", "ai_symbol": "○", "confidence": 0.6279, "reason": "①青地外(農振)②ハザード外③接道④系統連系 ゲート通過済み(computeCyanLive母集団) / AI衛星判定reject score=0.3721(低いほど優良地寄り) / 閾値cut_ok=0.45未満→AI適地(○)", "noshin_status": "CLEAR", "hazard_status": "CLEAR"}}, {"type": "Feature", "geometry": {"type": "Point", "coordinates": [136.53972089, 34.988048]}, "properties": {"feature_id": "492613369", "city": "四日市市", "area_sqm": 1102, "reject": 0.3727, "ai_level": "適当", "ai_symbol": "○", "confidence": 0.6273, "reason": "①青地外(農振)②ハザード外③接道④系統連系 ゲート通過済み(computeCyanLive母集団) / AI衛星判定reject score=0.3727(低いほど優良地寄り) / 閾値cut_ok=0.45未満→AI適地(○)", "noshin_status": "CLEAR", "hazard_status": "CLEAR"}}, {"type": "Feature", "geometry": {"type": "Point", "coordinates": [136.45162192700002, 34.93063606800007]}, "properties": {"feature_id": "241481689", "city": "鈴鹿市", "area_sqm": 842, "reject": 0.3745, "ai_level": "適当", "ai_symbol": "○", "confidence": 0.6255, "reason": "①青地外(農振)②ハザード外③接道④系統連系 ゲート通過済み(computeCyanLive母集団) / AI衛星判定reject score=0.3745(低いほど優良地寄り) / 閾値cut_ok=0.45未満→AI適地(○)", "noshin_status": "CLEAR", "hazard_status": "CLEAR"}}, {"type": "Feature", "geometry": {"type": "Point", "coordinates": [136.49632624600008, 34.88277145500007]}, "properties": {"feature_id": "241392540", "city": "鈴鹿市", "area_sqm": 991, "reject": 0.3754, "ai_level": "適当", "ai_symbol": "○", "confidence": 0.6246, "reason": "①青地外(農振)②ハザード外③接道④系統連系 ゲート通過済み(computeCyanLive母集団) / AI衛星判定reject score=0.3754(低いほど優良地寄り) / 閾値cut_ok=0.45未満→AI適地(○)", "noshin_status": "CLEAR", "hazard_status": "CLEAR"}}, {"type": "Feature", "geometry": {"type": "Point", "coordinates": [136.57881416, 34.98464201]}, "properties": {"feature_id": "492610183", "city": "四日市市", "area_sqm": 1617, "reject": 0.3755, "ai_level": "適当", "ai_symbol": "○", "confidence": 0.6245, "reason": "①青地外(農振)②ハザード外③接道④系統連系 ゲート通過済み(computeCyanLive母集団) / AI衛星判定reject score=0.3755(低いほど優良地寄り) / 閾値cut_ok=0.45未満→AI適地(○)", "noshin_status": "CLEAR", "hazard_status": "CLEAR"}}, {"type": "Feature", "geometry": {"type": "Point", "coordinates": [136.60516788, 34.99938779]}, "properties": {"feature_id": "492617800", "city": "四日市市", "area_sqm": 840, "reject": 0.3769, "ai_level": "適当", "ai_symbol": "○", "confidence": 0.6231, "reason": "①青地外(農振)②ハザード外③接道④系統連系 ゲート通過済み(computeCyanLive母集団) / AI衛星判定reject score=0.3769(低いほど優良地寄り) / 閾値cut_ok=0.45未満→AI適地(○)", "noshin_status": "CLEAR", "hazard_status": "CLEAR"}}, {"type": "Feature", "geometry": {"type": "Point", "coordinates": [136.50741550500004, 34.934371283000075]}, "properties": {"feature_id": "241467743", "city": "鈴鹿市", "area_sqm": 1979, "reject": 0.3772, "ai_level": "適当", "ai_symbol": "○", "confidence": 0.6228, "reason": "①青地外(農振)②ハザード外③接道④系統連系 ゲート通過済み(computeCyanLive母集団) / AI衛星判定reject score=0.3772(低いほど優良地寄り) / 閾値cut_ok=0.45未満→AI適地(○)", "noshin_status": "CLEAR", "hazard_status": "CLEAR"}}, {"type": "Feature", "geometry": {"type": "Point", "coordinates": [136.60095113, 35.04093898]}, "properties": {"feature_id": "492632680", "city": "四日市市", "area_sqm": 990, "reject": 0.3775, "ai_level": "適当", "ai_symbol": "○", "confidence": 0.6225, "reason": "①青地外(農振)②ハザード外③接道④系統連系 ゲート通過済み(computeCyanLive母集団) / AI衛星判定reject score=0.3775(低いほど優良地寄り) / 閾値cut_ok=0.45未満→AI適地(○)", "noshin_status": "CLEAR", "hazard_status": "CLEAR"}}, {"type": "Feature", "geometry": {"type": "Point", "coordinates": [136.48908521400006, 34.931433285000026]}, "properties": {"feature_id": "241472926", "city": "鈴鹿市", "area_sqm": 1094, "reject": 0.381, "ai_level": "適当", "ai_symbol": "○", "confidence": 0.619, "reason": "①青地外(農振)②ハザード外③接道④系統連系 ゲート通過済み(computeCyanLive母集団) / AI衛星判定reject score=0.3810(低いほど優良地寄り) / 閾値cut_ok=0.45未満→AI適地(○)", "noshin_status": "CLEAR", "hazard_status": "CLEAR"}}, {"type": "Feature", "geometry": {"type": "Point", "coordinates": [136.63287937500002, 34.43688689600003]}, "properties": {"feature_id": "242587728", "city": "度会町", "area_sqm": 1061, "reject": 0.3818, "ai_level": "適当", "ai_symbol": "○", "confidence": 0.6182, "reason": "①青地外(農振)②ハザード外③接道④系統連系 ゲート通過済み(computeCyanLive母集団) / AI衛星判定reject score=0.3818(低いほど優良地寄り) / 閾値cut_ok=0.45未満→AI適地(○)", "noshin_status": "CLEAR", "hazard_status": "CLEAR"}}, {"type": "Feature", "geometry": {"type": "Point", "coordinates": [136.45127268700003, 34.681233450000036]}, "properties": {"feature_id": "478767586", "city": "津市", "area_sqm": 933, "reject": 0.3818, "ai_level": "適当", "ai_symbol": "○", "confidence": 0.6182, "reason": "①青地外(農振)②ハザード外③接道④系統連系 ゲート通過済み(computeCyanLive母集団) / AI衛星判定reject score=0.3818(低いほど優良地寄り) / 閾値cut_ok=0.45未満→AI適地(○)", "noshin_status": "CLEAR", "hazard_status": "CLEAR"}}, {"type": "Feature", "geometry": {"type": "Point", "coordinates": [136.45421606600007, 34.683980365000025]}, "properties": {"feature_id": "478767802", "city": "津市", "area_sqm": 1396, "reject": 0.382, "ai_level": "適当", "ai_symbol": "○", "confidence": 0.618, "reason": "①青地外(農振)②ハザード外③接道④系統連系 ゲート通過済み(computeCyanLive母集団) / AI衛星判定reject score=0.3820(低いほど優良地寄り) / 閾値cut_ok=0.45未満→AI適地(○)", "noshin_status": "CLEAR", "hazard_status": "CLEAR"}}, {"type": "Feature", "geometry": {"type": "Point", "coordinates": [136.50107535100005, 34.84829125500005]}, "properties": {"feature_id": "241383783", "city": "鈴鹿市", "area_sqm": 801, "reject": 0.3839, "ai_level": "適当", "ai_symbol": "○", "confidence": 0.6161, "reason": "①青地外(農振)②ハザード外③接道④系統連系 ゲート通過済み(computeCyanLive母集団) / AI衛星判定reject score=0.3839(低いほど優良地寄り) / 閾値cut_ok=0.45未満→AI適地(○)", "noshin_status": "CLEAR", "hazard_status": "CLEAR"}}, {"type": "Feature", "geometry": {"type": "Point", "coordinates": [136.49744552800007, 34.86039206300006]}, "properties": {"feature_id": "241381346", "city": "鈴鹿市", "area_sqm": 1186, "reject": 0.3841, "ai_level": "適当", "ai_symbol": "○", "confidence": 0.6159, "reason": "①青地外(農振)②ハザード外③接道④系統連系 ゲート通過済み(computeCyanLive母集団) / AI衛星判定reject score=0.3841(低いほど優良地寄り) / 閾値cut_ok=0.45未満→AI適地(○)", "noshin_status": "CLEAR", "hazard_status": "CLEAR"}}, {"type": "Feature", "geometry": {"type": "Point", "coordinates": [136.48165851600004, 34.92481575200003]}, "properties": {"feature_id": "241474891", "city": "鈴鹿市", "area_sqm": 1059, "reject": 0.3847, "ai_level": "適当", "ai_symbol": "○", "confidence": 0.6153, "reason": "①青地外(農振)②ハザード外③接道④系統連系 ゲート通過済み(computeCyanLive母集団) / AI衛星判定reject score=0.3847(低いほど優良地寄り) / 閾値cut_ok=0.45未満→AI適地(○)", "noshin_status": "CLEAR", "hazard_status": "CLEAR"}}, {"type": "Feature", "geometry": {"type": "Point", "coordinates": [136.49893358600002, 34.883525517000066]}, "properties": {"feature_id": "241457828", "city": "鈴鹿市", "area_sqm": 991, "reject": 0.3848, "ai_level": "適当", "ai_symbol": "○", "confidence": 0.6152, "reason": "①青地外(農振)②ハザード外③接道④系統連系 ゲート通過済み(computeCyanLive母集団) / AI衛星判定reject score=0.3848(低いほど優良地寄り) / 閾値cut_ok=0.45未満→AI適地(○)", "noshin_status": "CLEAR", "hazard_status": "CLEAR"}}, {"type": "Feature", "geometry": {"type": "Point", "coordinates": [136.49357197400002, 34.85538574700007]}, "properties": {"feature_id": "241381228", "city": "鈴鹿市", "area_sqm": 2228, "reject": 0.3855, "ai_level": "適当", "ai_symbol": "○", "confidence": 0.6145, "reason": "①青地外(農振)②ハザード外③接道④系統連系 ゲート通過済み(computeCyanLive母集団) / AI衛星判定reject score=0.3855(低いほど優良地寄り) / 閾値cut_ok=0.45未満→AI適地(○)", "noshin_status": "CLEAR", "hazard_status": "CLEAR"}}, {"type": "Feature", "geometry": {"type": "Point", "coordinates": [136.496347065, 34.85330955200004]}, "properties": {"feature_id": "241381164", "city": "鈴鹿市", "area_sqm": 879, "reject": 0.3857, "ai_level": "適当", "ai_symbol": "○", "confidence": 0.6143, "reason": "①青地外(農振)②ハザード外③接道④系統連系 ゲート通過済み(computeCyanLive母集団) / AI衛星判定reject score=0.3857(低いほど優良地寄り) / 閾値cut_ok=0.45未満→AI適地(○)", "noshin_status": "CLEAR", "hazard_status": "CLEAR"}}, {"type": "Feature", "geometry": {"type": "Point", "coordinates": [136.5730576640001, 34.90690974000006]}, "properties": {"feature_id": "241419827", "city": "鈴鹿市", "area_sqm": 992, "reject": 0.3862, "ai_level": "適当", "ai_symbol": "○", "confidence": 0.6138, "reason": "①青地外(農振)②ハザード外③接道④系統連系 ゲート通過済み(computeCyanLive母集団) / AI衛星判定reject score=0.3862(低いほど優良地寄り) / 閾値cut_ok=0.45未満→AI適地(○)", "noshin_status": "CLEAR", "hazard_status": "CLEAR"}}, {"type": "Feature", "geometry": {"type": "Point", "coordinates": [136.49709910100012, 34.88406472400004]}, "properties": {"feature_id": "241392573", "city": "鈴鹿市", "area_sqm": 1114, "reject": 0.3871, "ai_level": "適当", "ai_symbol": "○", "confidence": 0.6129, "reason": "①青地外(農振)②ハザード外③接道④系統連系 ゲート通過済み(computeCyanLive母集団) / AI衛星判定reject score=0.3871(低いほど優良地寄り) / 閾値cut_ok=0.45未満→AI適地(○)", "noshin_status": "CLEAR", "hazard_status": "CLEAR"}}, {"type": "Feature", "geometry": {"type": "Point", "coordinates": [136.47687353000003, 34.90992883500007]}, "properties": {"feature_id": "241478616", "city": "鈴鹿市", "area_sqm": 1021, "reject": 0.388, "ai_level": "適当", "ai_symbol": "○", "confidence": 0.612, "reason": "①青地外(農振)②ハザード外③接道④系統連系 ゲート通過済み(computeCyanLive母集団) / AI衛星判定reject score=0.3880(低いほど優良地寄り) / 閾値cut_ok=0.45未満→AI適地(○)", "noshin_status": "CLEAR", "hazard_status": "CLEAR"}}, {"type": "Feature", "geometry": {"type": "Point", "coordinates": [136.5009773370001, 34.85198405500006]}, "properties": {"feature_id": "241383430", "city": "鈴鹿市", "area_sqm": 1432, "reject": 0.3896, "ai_level": "適当", "ai_symbol": "○", "confidence": 0.6104, "reason": "①青地外(農振)②ハザード外③接道④系統連系 ゲート通過済み(computeCyanLive母集団) / AI衛星判定reject score=0.3896(低いほど優良地寄り) / 閾値cut_ok=0.45未満→AI適地(○)", "noshin_status": "CLEAR", "hazard_status": "CLEAR"}}, {"type": "Feature", "geometry": {"type": "Point", "coordinates": [136.55604280900002, 34.91670653600005]}, "properties": {"feature_id": "241459292", "city": "鈴鹿市", "area_sqm": 816, "reject": 0.3904, "ai_level": "適当", "ai_symbol": "○", "confidence": 0.6096, "reason": "①青地外(農振)②ハザード外③接道④系統連系 ゲート通過済み(computeCyanLive母集団) / AI衛星判定reject score=0.3904(低いほど優良地寄り) / 閾値cut_ok=0.45未満→AI適地(○)", "noshin_status": "CLEAR", "hazard_status": "CLEAR"}}, {"type": "Feature", "geometry": {"type": "Point", "coordinates": [136.45531869400008, 34.68038618200006]}, "properties": {"feature_id": "478767896", "city": "津市", "area_sqm": 984, "reject": 0.3909, "ai_level": "適当", "ai_symbol": "○", "confidence": 0.6091, "reason": "①青地外(農振)②ハザード外③接道④系統連系 ゲート通過済み(computeCyanLive母集団) / AI衛星判定reject score=0.3909(低いほど優良地寄り) / 閾値cut_ok=0.45未満→AI適地(○)", "noshin_status": "CLEAR", "hazard_status": "CLEAR"}}, {"type": "Feature", "geometry": {"type": "Point", "coordinates": [136.5567686270001, 34.90205157400004]}, "properties": {"feature_id": "241398533", "city": "鈴鹿市", "area_sqm": 1031, "reject": 0.3929, "ai_level": "適当", "ai_symbol": "○", "confidence": 0.6071, "reason": "①青地外(農振)②ハザード外③接道④系統連系 ゲート通過済み(computeCyanLive母集団) / AI衛星判定reject score=0.3929(低いほど優良地寄り) / 閾値cut_ok=0.45未満→AI適地(○)", "noshin_status": "CLEAR", "hazard_status": "CLEAR"}}, {"type": "Feature", "geometry": {"type": "Point", "coordinates": [136.5079807720001, 34.90434407300006]}, "properties": {"feature_id": "241468953", "city": "鈴鹿市", "area_sqm": 4277, "reject": 0.3931, "ai_level": "適当", "ai_symbol": "○", "confidence": 0.6069, "reason": "①青地外(農振)②ハザード外③接道④系統連系 ゲート通過済み(computeCyanLive母集団) / AI衛星判定reject score=0.3931(低いほど優良地寄り) / 閾値cut_ok=0.45未満→AI適地(○)", "noshin_status": "CLEAR", "hazard_status": "CLEAR"}}, {"type": "Feature", "geometry": {"type": "Point", "coordinates": [136.4933031910001, 34.854719497000076]}, "properties": {"feature_id": "241381207", "city": "鈴鹿市", "area_sqm": 1790, "reject": 0.3935, "ai_level": "適当", "ai_symbol": "○", "confidence": 0.6065, "reason": "①青地外(農振)②ハザード外③接道④系統連系 ゲート通過済み(computeCyanLive母集団) / AI衛星判定reject score=0.3935(低いほど優良地寄り) / 閾値cut_ok=0.45未満→AI適地(○)", "noshin_status": "CLEAR", "hazard_status": "CLEAR"}}, {"type": "Feature", "geometry": {"type": "Point", "coordinates": [136.4980780200001, 34.85610470800003]}, "properties": {"feature_id": "241381061", "city": "鈴鹿市", "area_sqm": 1183, "reject": 0.3943, "ai_level": "適当", "ai_symbol": "○", "confidence": 0.6057, "reason": "①青地外(農振)②ハザード外③接道④系統連系 ゲート通過済み(computeCyanLive母集団) / AI衛星判定reject score=0.3943(低いほど優良地寄り) / 閾値cut_ok=0.45未満→AI適地(○)", "noshin_status": "CLEAR", "hazard_status": "CLEAR"}}, {"type": "Feature", "geometry": {"type": "Point", "coordinates": [136.5164165000001, 34.935648162000064]}, "properties": {"feature_id": "241461080", "city": "鈴鹿市", "area_sqm": 2611, "reject": 0.3954, "ai_level": "適当", "ai_symbol": "○", "confidence": 0.6046, "reason": "①青地外(農振)②ハザード外③接道④系統連系 ゲート通過済み(computeCyanLive母集団) / AI衛星判定reject score=0.3954(低いほど優良地寄り) / 閾値cut_ok=0.45未満→AI適地(○)", "noshin_status": "CLEAR", "hazard_status": "CLEAR"}}, {"type": "Feature", "geometry": {"type": "Point", "coordinates": [136.54816143000005, 34.88246944900004]}, "properties": {"feature_id": "241394872", "city": "鈴鹿市", "area_sqm": 1492, "reject": 0.3954, "ai_level": "適当", "ai_symbol": "○", "confidence": 0.6046, "reason": "①青地外(農振)②ハザード外③接道④系統連系 ゲート通過済み(computeCyanLive母集団) / AI衛星判定reject score=0.3954(低いほど優良地寄り) / 閾値cut_ok=0.45未満→AI適地(○)", "noshin_status": "CLEAR", "hazard_status": "CLEAR"}}, {"type": "Feature", "geometry": {"type": "Point", "coordinates": [136.50381233, 34.96770525]}, "properties": {"feature_id": "492602440", "city": "四日市市", "area_sqm": 1487, "reject": 0.3976, "ai_level": "適当", "ai_symbol": "○", "confidence": 0.6024, "reason": "①青地外(農振)②ハザード外③接道④系統連系 ゲート通過済み(computeCyanLive母集団) / AI衛星判定reject score=0.3976(低いほど優良地寄り) / 閾値cut_ok=0.45未満→AI適地(○)", "noshin_status": "CLEAR", "hazard_status": "CLEAR"}}, {"type": "Feature", "geometry": {"type": "Point", "coordinates": [136.5686533590001, 34.90541718000003]}, "properties": {"feature_id": "241419954", "city": "鈴鹿市", "area_sqm": 1041, "reject": 0.3985, "ai_level": "適当", "ai_symbol": "○", "confidence": 0.6015, "reason": "①青地外(農振)②ハザード外③接道④系統連系 ゲート通過済み(computeCyanLive母集団) / AI衛星判定reject score=0.3985(低いほど優良地寄り) / 閾値cut_ok=0.45未満→AI適地(○)", "noshin_status": "CLEAR", "hazard_status": "CLEAR"}}, {"type": "Feature", "geometry": {"type": "Point", "coordinates": [136.49106093300009, 34.92090337600007]}, "properties": {"feature_id": "241475525", "city": "鈴鹿市", "area_sqm": 964, "reject": 0.3985, "ai_level": "適当", "ai_symbol": "○", "confidence": 0.6015, "reason": "①青地外(農振)②ハザード外③接道④系統連系 ゲート通過済み(computeCyanLive母集団) / AI衛星判定reject score=0.3985(低いほど優良地寄り) / 閾値cut_ok=0.45未満→AI適地(○)", "noshin_status": "CLEAR", "hazard_status": "CLEAR"}}, {"type": "Feature", "geometry": {"type": "Point", "coordinates": [136.56948937100003, 34.90440496900004]}, "properties": {"feature_id": "241419995", "city": "鈴鹿市", "area_sqm": 4115, "reject": 0.3989, "ai_level": "適当", "ai_symbol": "○", "confidence": 0.6011, "reason": "①青地外(農振)②ハザード外③接道④系統連系 ゲート通過済み(computeCyanLive母集団) / AI衛星判定reject score=0.3989(低いほど優良地寄り) / 閾値cut_ok=0.45未満→AI適地(○)", "noshin_status": "CLEAR", "hazard_status": "CLEAR"}}, {"type": "Feature", "geometry": {"type": "Point", "coordinates": [136.56803242, 35.00397891]}, "properties": {"feature_id": "492626760", "city": "四日市市", "area_sqm": 832, "reject": 0.3992, "ai_level": "適当", "ai_symbol": "○", "confidence": 0.6008, "reason": "①青地外(農振)②ハザード外③接道④系統連系 ゲート通過済み(computeCyanLive母集団) / AI衛星判定reject score=0.3992(低いほど優良地寄り) / 閾値cut_ok=0.45未満→AI適地(○)", "noshin_status": "CLEAR", "hazard_status": "CLEAR"}}, {"type": "Feature", "geometry": {"type": "Point", "coordinates": [136.56093817, 34.91621673]}, "properties": {"feature_id": "492585132", "city": "四日市市", "area_sqm": 978, "reject": 0.3993, "ai_level": "適当", "ai_symbol": "○", "confidence": 0.6007, "reason": "①青地外(農振)②ハザード外③接道④系統連系 ゲート通過済み(computeCyanLive母集団) / AI衛星判定reject score=0.3993(低いほど優良地寄り) / 閾値cut_ok=0.45未満→AI適地(○)", "noshin_status": "CLEAR", "hazard_status": "CLEAR"}}, {"type": "Feature", "geometry": {"type": "Point", "coordinates": [136.55611088, 35.00613154]}, "properties": {"feature_id": "492626935", "city": "四日市市", "area_sqm": 983, "reject": 0.4002, "ai_level": "適当", "ai_symbol": "○", "confidence": 0.5998, "reason": "①青地外(農振)②ハザード外③接道④系統連系 ゲート通過済み(computeCyanLive母集団) / AI衛星判定reject score=0.4002(低いほど優良地寄り) / 閾値cut_ok=0.45未満→AI適地(○)", "noshin_status": "CLEAR", "hazard_status": "CLEAR"}}, {"type": "Feature", "geometry": {"type": "Point", "coordinates": [136.57548511, 35.02279028]}, "properties": {"feature_id": "492626193", "city": "四日市市", "area_sqm": 1369, "reject": 0.4003, "ai_level": "適当", "ai_symbol": "○", "confidence": 0.5997, "reason": "①青地外(農振)②ハザード外③接道④系統連系 ゲート通過済み(computeCyanLive母集団) / AI衛星判定reject score=0.4003(低いほど優良地寄り) / 閾値cut_ok=0.45未満→AI適地(○)", "noshin_status": "CLEAR", "hazard_status": "CLEAR"}}, {"type": "Feature", "geometry": {"type": "Point", "coordinates": [136.57004596, 35.00769371]}, "properties": {"feature_id": "492625398", "city": "四日市市", "area_sqm": 912, "reject": 0.4008, "ai_level": "適当", "ai_symbol": "○", "confidence": 0.5992, "reason": "①青地外(農振)②ハザード外③接道④系統連系 ゲート通過済み(computeCyanLive母集団) / AI衛星判定reject score=0.4008(低いほど優良地寄り) / 閾値cut_ok=0.45未満→AI適地(○)", "noshin_status": "CLEAR", "hazard_status": "CLEAR"}}, {"type": "Feature", "geometry": {"type": "Point", "coordinates": [136.42092426800002, 34.81850896000003]}, "properties": {"feature_id": "478836047", "city": "津市", "area_sqm": 1980, "reject": 0.4014, "ai_level": "適当", "ai_symbol": "○", "confidence": 0.5986, "reason": "①青地外(農振)②ハザード外③接道④系統連系 ゲート通過済み(computeCyanLive母集団) / AI衛星判定reject score=0.4014(低いほど優良地寄り) / 閾値cut_ok=0.45未満→AI適地(○)", "noshin_status": "CLEAR", "hazard_status": "CLEAR"}}, {"type": "Feature", "geometry": {"type": "Point", "coordinates": [136.4864289190001, 34.92924275200005]}, "properties": {"feature_id": "241473022", "city": "鈴鹿市", "area_sqm": 928, "reject": 0.4015, "ai_level": "適当", "ai_symbol": "○", "confidence": 0.5985, "reason": "①青地外(農振)②ハザード外③接道④系統連系 ゲート通過済み(computeCyanLive母集団) / AI衛星判定reject score=0.4015(低いほど優良地寄り) / 閾値cut_ok=0.45未満→AI適地(○)", "noshin_status": "CLEAR", "hazard_status": "CLEAR"}}, {"type": "Feature", "geometry": {"type": "Point", "coordinates": [136.47663774700004, 34.928959973000076]}, "properties": {"feature_id": "241474498", "city": "鈴鹿市", "area_sqm": 1077, "reject": 0.4034, "ai_level": "適当", "ai_symbol": "○", "confidence": 0.5966, "reason": "①青地外(農振)②ハザード外③接道④系統連系 ゲート通過済み(computeCyanLive母集団) / AI衛星判定reject score=0.4034(低いほど優良地寄り) / 閾値cut_ok=0.45未満→AI適地(○)", "noshin_status": "CLEAR", "hazard_status": "CLEAR"}}, {"type": "Feature", "geometry": {"type": "Point", "coordinates": [136.46117547100005, 34.96021725600008]}, "properties": {"feature_id": "241462952", "city": "鈴鹿市", "area_sqm": 962, "reject": 0.4035, "ai_level": "適当", "ai_symbol": "○", "confidence": 0.5965, "reason": "①青地外(農振)②ハザード外③接道④系統連系 ゲート通過済み(computeCyanLive母集団) / AI衛星判定reject score=0.4035(低いほど優良地寄り) / 閾値cut_ok=0.45未満→AI適地(○)", "noshin_status": "CLEAR", "hazard_status": "CLEAR"}}, {"type": "Feature", "geometry": {"type": "Point", "coordinates": [136.55622142100003, 34.916458841000065]}, "properties": {"feature_id": "241459291", "city": "鈴鹿市", "area_sqm": 1186, "reject": 0.4039, "ai_level": "適当", "ai_symbol": "○", "confidence": 0.5961, "reason": "①青地外(農振)②ハザード外③接道④系統連系 ゲート通過済み(computeCyanLive母集団) / AI衛星判定reject score=0.4039(低いほど優良地寄り) / 閾値cut_ok=0.45未満→AI適地(○)", "noshin_status": "CLEAR", "hazard_status": "CLEAR"}}, {"type": "Feature", "geometry": {"type": "Point", "coordinates": [136.48680164100006, 34.92285556400003]}, "properties": {"feature_id": "241475582", "city": "鈴鹿市", "area_sqm": 1841, "reject": 0.404, "ai_level": "適当", "ai_symbol": "○", "confidence": 0.596, "reason": "①青地外(農振)②ハザード外③接道④系統連系 ゲート通過済み(computeCyanLive母集団) / AI衛星判定reject score=0.4040(低いほど優良地寄り) / 閾値cut_ok=0.45未満→AI適地(○)", "noshin_status": "CLEAR", "hazard_status": "CLEAR"}}, {"type": "Feature", "geometry": {"type": "Point", "coordinates": [136.4927729860001, 34.91983921600007]}, "properties": {"feature_id": "241475237", "city": "鈴鹿市", "area_sqm": 1452, "reject": 0.4043, "ai_level": "適当", "ai_symbol": "○", "confidence": 0.5957, "reason": "①青地外(農振)②ハザード外③接道④系統連系 ゲート通過済み(computeCyanLive母集団) / AI衛星判定reject score=0.4043(低いほど優良地寄り) / 閾値cut_ok=0.45未満→AI適地(○)", "noshin_status": "CLEAR", "hazard_status": "CLEAR"}}, {"type": "Feature", "geometry": {"type": "Point", "coordinates": [136.55649947, 35.0060294]}, "properties": {"feature_id": "492626937", "city": "四日市市", "area_sqm": 886, "reject": 0.4046, "ai_level": "適当", "ai_symbol": "○", "confidence": 0.5954, "reason": "①青地外(農振)②ハザード外③接道④系統連系 ゲート通過済み(computeCyanLive母集団) / AI衛星判定reject score=0.4046(低いほど優良地寄り) / 閾値cut_ok=0.45未満→AI適地(○)", "noshin_status": "CLEAR", "hazard_status": "CLEAR"}}, {"type": "Feature", "geometry": {"type": "Point", "coordinates": [136.57171606200006, 34.90637023600004]}, "properties": {"feature_id": "241419808", "city": "鈴鹿市", "area_sqm": 1471, "reject": 0.4058, "ai_level": "適当", "ai_symbol": "○", "confidence": 0.5942, "reason": "①青地外(農振)②ハザード外③接道④系統連系 ゲート通過済み(computeCyanLive母集団) / AI衛星判定reject score=0.4058(低いほど優良地寄り) / 閾値cut_ok=0.45未満→AI適地(○)", "noshin_status": "CLEAR", "hazard_status": "CLEAR"}}, {"type": "Feature", "geometry": {"type": "Point", "coordinates": [136.48620795500005, 34.93007202700005]}, "properties": {"feature_id": "241473008", "city": "鈴鹿市", "area_sqm": 1388, "reject": 0.406, "ai_level": "適当", "ai_symbol": "○", "confidence": 0.594, "reason": "①青地外(農振)②ハザード外③接道④系統連系 ゲート通過済み(computeCyanLive母集団) / AI衛星判定reject score=0.4060(低いほど優良地寄り) / 閾値cut_ok=0.45未満→AI適地(○)", "noshin_status": "CLEAR", "hazard_status": "CLEAR"}}, {"type": "Feature", "geometry": {"type": "Point", "coordinates": [136.57581504, 35.00776738]}, "properties": {"feature_id": "492626635", "city": "四日市市", "area_sqm": 2235, "reject": 0.4061, "ai_level": "適当", "ai_symbol": "○", "confidence": 0.5939, "reason": "①青地外(農振)②ハザード外③接道④系統連系 ゲート通過済み(computeCyanLive母集団) / AI衛星判定reject score=0.4061(低いほど優良地寄り) / 閾値cut_ok=0.45未満→AI適地(○)", "noshin_status": "CLEAR", "hazard_status": "CLEAR"}}, {"type": "Feature", "geometry": {"type": "Point", "coordinates": [136.48041565300002, 34.776061785000024]}, "properties": {"feature_id": "478689019", "city": "津市", "area_sqm": 862, "reject": 0.4076, "ai_level": "適当", "ai_symbol": "○", "confidence": 0.5924, "reason": "①青地外(農振)②ハザード外③接道④系統連系 ゲート通過済み(computeCyanLive母集団) / AI衛星判定reject score=0.4076(低いほど優良地寄り) / 閾値cut_ok=0.45未満→AI適地(○)", "noshin_status": "CLEAR", "hazard_status": "CLEAR"}}, {"type": "Feature", "geometry": {"type": "Point", "coordinates": [136.45575021800005, 34.96175602500006]}, "properties": {"feature_id": "241463280", "city": "鈴鹿市", "area_sqm": 882, "reject": 0.4078, "ai_level": "適当", "ai_symbol": "○", "confidence": 0.5922, "reason": "①青地外(農振)②ハザード外③接道④系統連系 ゲート通過済み(computeCyanLive母集団) / AI衛星判定reject score=0.4078(低いほど優良地寄り) / 閾値cut_ok=0.45未満→AI適地(○)", "noshin_status": "CLEAR", "hazard_status": "CLEAR"}}, {"type": "Feature", "geometry": {"type": "Point", "coordinates": [136.49217338100004, 34.90738310000006]}, "properties": {"feature_id": "241476499", "city": "鈴鹿市", "area_sqm": 981, "reject": 0.4088, "ai_level": "適当", "ai_symbol": "○", "confidence": 0.5912, "reason": "①青地外(農振)②ハザード外③接道④系統連系 ゲート通過済み(computeCyanLive母集団) / AI衛星判定reject score=0.4088(低いほど優良地寄り) / 閾値cut_ok=0.45未満→AI適地(○)", "noshin_status": "CLEAR", "hazard_status": "CLEAR"}}, {"type": "Feature", "geometry": {"type": "Point", "coordinates": [136.47965609, 34.97531451]}, "properties": {"feature_id": "492648080", "city": "四日市市", "area_sqm": 2729, "reject": 0.4094, "ai_level": "適当", "ai_symbol": "○", "confidence": 0.5906, "reason": "①青地外(農振)②ハザード外③接道④系統連系 ゲート通過済み(computeCyanLive母集団) / AI衛星判定reject score=0.4094(低いほど優良地寄り) / 閾値cut_ok=0.45未満→AI適地(○)", "noshin_status": "CLEAR", "hazard_status": "CLEAR"}}, {"type": "Feature", "geometry": {"type": "Point", "coordinates": [136.491137462, 34.929706233]}, "properties": {"feature_id": "241472723", "city": "鈴鹿市", "area_sqm": 1295, "reject": 0.4094, "ai_level": "適当", "ai_symbol": "○", "confidence": 0.5906, "reason": "①青地外(農振)②ハザード外③接道④系統連系 ゲート通過済み(computeCyanLive母集団) / AI衛星判定reject score=0.4094(低いほど優良地寄り) / 閾値cut_ok=0.45未満→AI適地(○)", "noshin_status": "CLEAR", "hazard_status": "CLEAR"}}, {"type": "Feature", "geometry": {"type": "Point", "coordinates": [136.49106327, 34.9621939]}, "properties": {"feature_id": "492649220", "city": "四日市市", "area_sqm": 1741, "reject": 0.4095, "ai_level": "適当", "ai_symbol": "○", "confidence": 0.5905, "reason": "①青地外(農振)②ハザード外③接道④系統連系 ゲート通過済み(computeCyanLive母集団) / AI衛星判定reject score=0.4095(低いほど優良地寄り) / 閾値cut_ok=0.45未満→AI適地(○)", "noshin_status": "CLEAR", "hazard_status": "CLEAR"}}, {"type": "Feature", "geometry": {"type": "Point", "coordinates": [136.49562996400005, 34.88232454800004]}, "properties": {"feature_id": "241392518", "city": "鈴鹿市", "area_sqm": 958, "reject": 0.4096, "ai_level": "適当", "ai_symbol": "○", "confidence": 0.5904, "reason": "①青地外(農振)②ハザード外③接道④系統連系 ゲート通過済み(computeCyanLive母集団) / AI衛星判定reject score=0.4096(低いほど優良地寄り) / 閾値cut_ok=0.45未満→AI適地(○)", "noshin_status": "CLEAR", "hazard_status": "CLEAR"}}, {"type": "Feature", "geometry": {"type": "Point", "coordinates": [136.61901152, 35.00342284]}, "properties": {"feature_id": "492641234", "city": "四日市市", "area_sqm": 997, "reject": 0.4116, "ai_level": "適当", "ai_symbol": "○", "confidence": 0.5884, "reason": "①青地外(農振)②ハザード外③接道④系統連系 ゲート通過済み(computeCyanLive母集団) / AI衛星判定reject score=0.4116(低いほど優良地寄り) / 閾値cut_ok=0.45未満→AI適地(○)", "noshin_status": "CLEAR", "hazard_status": "CLEAR"}}, {"type": "Feature", "geometry": {"type": "Point", "coordinates": [136.4391664750001, 34.810944617000075]}, "properties": {"feature_id": "478830797", "city": "津市", "area_sqm": 1068, "reject": 0.4117, "ai_level": "適当", "ai_symbol": "○", "confidence": 0.5883, "reason": "①青地外(農振)②ハザード外③接道④系統連系 ゲート通過済み(computeCyanLive母集団) / AI衛星判定reject score=0.4117(低いほど優良地寄り) / 閾値cut_ok=0.45未満→AI適地(○)", "noshin_status": "CLEAR", "hazard_status": "CLEAR"}}, {"type": "Feature", "geometry": {"type": "Point", "coordinates": [136.56887283900005, 34.90599353700003]}, "properties": {"feature_id": "241419956", "city": "鈴鹿市", "area_sqm": 4117, "reject": 0.4125, "ai_level": "適当", "ai_symbol": "○", "confidence": 0.5875, "reason": "①青地外(農振)②ハザード外③接道④系統連系 ゲート通過済み(computeCyanLive母集団) / AI衛星判定reject score=0.4125(低いほど優良地寄り) / 閾値cut_ok=0.45未満→AI適地(○)", "noshin_status": "CLEAR", "hazard_status": "CLEAR"}}, {"type": "Feature", "geometry": {"type": "Point", "coordinates": [136.48874032900005, 34.95164212700007]}, "properties": {"feature_id": "241465298", "city": "鈴鹿市", "area_sqm": 943, "reject": 0.4134, "ai_level": "適当", "ai_symbol": "○", "confidence": 0.5866, "reason": "①青地外(農振)②ハザード外③接道④系統連系 ゲート通過済み(computeCyanLive母集団) / AI衛星判定reject score=0.4134(低いほど優良地寄り) / 閾値cut_ok=0.45未満→AI適地(○)", "noshin_status": "CLEAR", "hazard_status": "CLEAR"}}, {"type": "Feature", "geometry": {"type": "Point", "coordinates": [136.49744968800007, 34.85643986400004]}, "properties": {"feature_id": "241381058", "city": "鈴鹿市", "area_sqm": 991, "reject": 0.4142, "ai_level": "適当", "ai_symbol": "○", "confidence": 0.5858, "reason": "①青地外(農振)②ハザード外③接道④系統連系 ゲート通過済み(computeCyanLive母集団) / AI衛星判定reject score=0.4142(低いほど優良地寄り) / 閾値cut_ok=0.45未満→AI適地(○)", "noshin_status": "CLEAR", "hazard_status": "CLEAR"}}, {"type": "Feature", "geometry": {"type": "Point", "coordinates": [136.47487638600012, 34.95609778800008]}, "properties": {"feature_id": "241461372", "city": "鈴鹿市", "area_sqm": 1266, "reject": 0.4146, "ai_level": "適当", "ai_symbol": "○", "confidence": 0.5854, "reason": "①青地外(農振)②ハザード外③接道④系統連系 ゲート通過済み(computeCyanLive母集団) / AI衛星判定reject score=0.4146(低いほど優良地寄り) / 閾値cut_ok=0.45未満→AI適地(○)", "noshin_status": "CLEAR", "hazard_status": "CLEAR"}}, {"type": "Feature", "geometry": {"type": "Point", "coordinates": [136.4283599890001, 34.68197191200005]}, "properties": {"feature_id": "478770528", "city": "津市", "area_sqm": 887, "reject": 0.4146, "ai_level": "適当", "ai_symbol": "○", "confidence": 0.5854, "reason": "①青地外(農振)②ハザード外③接道④系統連系 ゲート通過済み(computeCyanLive母集団) / AI衛星判定reject score=0.4146(低いほど優良地寄り) / 閾値cut_ok=0.45未満→AI適地(○)", "noshin_status": "CLEAR", "hazard_status": "CLEAR"}}, {"type": "Feature", "geometry": {"type": "Point", "coordinates": [136.4411580620001, 34.80857462300003]}, "properties": {"feature_id": "478800679", "city": "津市", "area_sqm": 1957, "reject": 0.4149, "ai_level": "適当", "ai_symbol": "○", "confidence": 0.5851, "reason": "①青地外(農振)②ハザード外③接道④系統連系 ゲート通過済み(computeCyanLive母集団) / AI衛星判定reject score=0.4149(低いほど優良地寄り) / 閾値cut_ok=0.45未満→AI適地(○)", "noshin_status": "CLEAR", "hazard_status": "CLEAR"}}, {"type": "Feature", "geometry": {"type": "Point", "coordinates": [136.56822918, 35.00756851]}, "properties": {"feature_id": "492625459", "city": "四日市市", "area_sqm": 1933, "reject": 0.4155, "ai_level": "適当", "ai_symbol": "○", "confidence": 0.5845, "reason": "①青地外(農振)②ハザード外③接道④系統連系 ゲート通過済み(computeCyanLive母集団) / AI衛星判定reject score=0.4155(低いほど優良地寄り) / 閾値cut_ok=0.45未満→AI適地(○)", "noshin_status": "CLEAR", "hazard_status": "CLEAR"}}, {"type": "Feature", "geometry": {"type": "Point", "coordinates": [136.45545140000002, 34.68403376400005]}, "properties": {"feature_id": "478769510", "city": "津市", "area_sqm": 827, "reject": 0.416, "ai_level": "適当", "ai_symbol": "○", "confidence": 0.584, "reason": "①青地外(農振)②ハザード外③接道④系統連系 ゲート通過済み(computeCyanLive母集団) / AI衛星判定reject score=0.4160(低いほど優良地寄り) / 閾値cut_ok=0.45未満→AI適地(○)", "noshin_status": "CLEAR", "hazard_status": "CLEAR"}}, {"type": "Feature", "geometry": {"type": "Point", "coordinates": [136.5475286290001, 34.91960634000003]}, "properties": {"feature_id": "241459108", "city": "鈴鹿市", "area_sqm": 1731, "reject": 0.4161, "ai_level": "適当", "ai_symbol": "○", "confidence": 0.5839, "reason": "①青地外(農振)②ハザード外③接道④系統連系 ゲート通過済み(computeCyanLive母集団) / AI衛星判定reject score=0.4161(低いほど優良地寄り) / 閾値cut_ok=0.45未満→AI適地(○)", "noshin_status": "CLEAR", "hazard_status": "CLEAR"}}, {"type": "Feature", "geometry": {"type": "Point", "coordinates": [136.62897925400011, 34.43381944300006]}, "properties": {"feature_id": "242588012", "city": "度会町", "area_sqm": 1074, "reject": 0.4163, "ai_level": "適当", "ai_symbol": "○", "confidence": 0.5837, "reason": "①青地外(農振)②ハザード外③接道④系統連系 ゲート通過済み(computeCyanLive母集団) / AI衛星判定reject score=0.4163(低いほど優良地寄り) / 閾値cut_ok=0.45未満→AI適地(○)", "noshin_status": "CLEAR", "hazard_status": "CLEAR"}}, {"type": "Feature", "geometry": {"type": "Point", "coordinates": [136.54565666700012, 34.88200368200006]}, "properties": {"feature_id": "241394850", "city": "鈴鹿市", "area_sqm": 1210, "reject": 0.4169, "ai_level": "適当", "ai_symbol": "○", "confidence": 0.5831, "reason": "①青地外(農振)②ハザード外③接道④系統連系 ゲート通過済み(computeCyanLive母集団) / AI衛星判定reject score=0.4169(低いほど優良地寄り) / 閾値cut_ok=0.45未満→AI適地(○)", "noshin_status": "CLEAR", "hazard_status": "CLEAR"}}, {"type": "Feature", "geometry": {"type": "Point", "coordinates": [136.461727149, 34.69026012200004]}, "properties": {"feature_id": "478723569", "city": "津市", "area_sqm": 1086, "reject": 0.4171, "ai_level": "適当", "ai_symbol": "○", "confidence": 0.5829, "reason": "①青地外(農振)②ハザード外③接道④系統連系 ゲート通過済み(computeCyanLive母集団) / AI衛星判定reject score=0.4171(低いほど優良地寄り) / 閾値cut_ok=0.45未満→AI適地(○)", "noshin_status": "CLEAR", "hazard_status": "CLEAR"}}, {"type": "Feature", "geometry": {"type": "Point", "coordinates": [136.48007033, 34.96261364]}, "properties": {"feature_id": "492651747", "city": "四日市市", "area_sqm": 1221, "reject": 0.4173, "ai_level": "適当", "ai_symbol": "○", "confidence": 0.5827, "reason": "①青地外(農振)②ハザード外③接道④系統連系 ゲート通過済み(computeCyanLive母集団) / AI衛星判定reject score=0.4173(低いほど優良地寄り) / 閾値cut_ok=0.45未満→AI適地(○)", "noshin_status": "CLEAR", "hazard_status": "CLEAR"}}, {"type": "Feature", "geometry": {"type": "Point", "coordinates": [136.4275613540001, 34.815018758000065]}, "properties": {"feature_id": "478861661", "city": "津市", "area_sqm": 1135, "reject": 0.4185, "ai_level": "適当", "ai_symbol": "○", "confidence": 0.5815, "reason": "①青地外(農振)②ハザード外③接道④系統連系 ゲート通過済み(computeCyanLive母集団) / AI衛星判定reject score=0.4185(低いほど優良地寄り) / 閾値cut_ok=0.45未満→AI適地(○)", "noshin_status": "CLEAR", "hazard_status": "CLEAR"}}, {"type": "Feature", "geometry": {"type": "Point", "coordinates": [136.49164949800002, 34.92041154200007]}, "properties": {"feature_id": "241475534", "city": "鈴鹿市", "area_sqm": 1487, "reject": 0.4187, "ai_level": "適当", "ai_symbol": "○", "confidence": 0.5813, "reason": "①青地外(農振)②ハザード外③接道④系統連系 ゲート通過済み(computeCyanLive母集団) / AI衛星判定reject score=0.4187(低いほど優良地寄り) / 閾値cut_ok=0.45未満→AI適地(○)", "noshin_status": "CLEAR", "hazard_status": "CLEAR"}}, {"type": "Feature", "geometry": {"type": "Point", "coordinates": [136.49065584700008, 34.91950420400008]}, "properties": {"feature_id": "241475516", "city": "鈴鹿市", "area_sqm": 999, "reject": 0.4191, "ai_level": "適当", "ai_symbol": "○", "confidence": 0.5809, "reason": "①青地外(農振)②ハザード外③接道④系統連系 ゲート通過済み(computeCyanLive母集団) / AI衛星判定reject score=0.4191(低いほど優良地寄り) / 閾値cut_ok=0.45未満→AI適地(○)", "noshin_status": "CLEAR", "hazard_status": "CLEAR"}}, {"type": "Feature", "geometry": {"type": "Point", "coordinates": [136.4977420040001, 34.859577569000066]}, "properties": {"feature_id": "241381337", "city": "鈴鹿市", "area_sqm": 919, "reject": 0.4196, "ai_level": "適当", "ai_symbol": "○", "confidence": 0.5804, "reason": "①青地外(農振)②ハザード外③接道④系統連系 ゲート通過済み(computeCyanLive母集団) / AI衛星判定reject score=0.4196(低いほど優良地寄り) / 閾値cut_ok=0.45未満→AI適地(○)", "noshin_status": "CLEAR", "hazard_status": "CLEAR"}}, {"type": "Feature", "geometry": {"type": "Point", "coordinates": [136.47559988, 34.97740983]}, "properties": {"feature_id": "492647154", "city": "四日市市", "area_sqm": 833, "reject": 0.4198, "ai_level": "適当", "ai_symbol": "○", "confidence": 0.5802, "reason": "①青地外(農振)②ハザード外③接道④系統連系 ゲート通過済み(computeCyanLive母集団) / AI衛星判定reject score=0.4198(低いほど優良地寄り) / 閾値cut_ok=0.45未満→AI適地(○)", "noshin_status": "CLEAR", "hazard_status": "CLEAR"}}, {"type": "Feature", "geometry": {"type": "Point", "coordinates": [136.52597613500006, 34.92420298600007]}, "properties": {"feature_id": "241458273", "city": "鈴鹿市", "area_sqm": 1004, "reject": 0.4208, "ai_level": "適当", "ai_symbol": "○", "confidence": 0.5792, "reason": "①青地外(農振)②ハザード外③接道④系統連系 ゲート通過済み(computeCyanLive母集団) / AI衛星判定reject score=0.4208(低いほど優良地寄り) / 閾値cut_ok=0.45未満→AI適地(○)", "noshin_status": "CLEAR", "hazard_status": "CLEAR"}}, {"type": "Feature", "geometry": {"type": "Point", "coordinates": [136.49705767600005, 34.85294102600005]}, "properties": {"feature_id": "241381301", "city": "鈴鹿市", "area_sqm": 1462, "reject": 0.4212, "ai_level": "適当", "ai_symbol": "○", "confidence": 0.5788, "reason": "①青地外(農振)②ハザード外③接道④系統連系 ゲート通過済み(computeCyanLive母集団) / AI衛星判定reject score=0.4212(低いほど優良地寄り) / 閾値cut_ok=0.45未満→AI適地(○)", "noshin_status": "CLEAR", "hazard_status": "CLEAR"}}, {"type": "Feature", "geometry": {"type": "Point", "coordinates": [136.47924816800003, 34.92980193100004]}, "properties": {"feature_id": "241474479", "city": "鈴鹿市", "area_sqm": 813, "reject": 0.4216, "ai_level": "適当", "ai_symbol": "○", "confidence": 0.5784, "reason": "①青地外(農振)②ハザード外③接道④系統連系 ゲート通過済み(computeCyanLive母集団) / AI衛星判定reject score=0.4216(低いほど優良地寄り) / 閾値cut_ok=0.45未満→AI適地(○)", "noshin_status": "CLEAR", "hazard_status": "CLEAR"}}, {"type": "Feature", "geometry": {"type": "Point", "coordinates": [136.46975783200003, 34.787380333000044]}, "properties": {"feature_id": "478692758", "city": "津市", "area_sqm": 991, "reject": 0.4221, "ai_level": "適当", "ai_symbol": "○", "confidence": 0.5779, "reason": "①青地外(農振)②ハザード外③接道④系統連系 ゲート通過済み(computeCyanLive母集団) / AI衛星判定reject score=0.4221(低いほど優良地寄り) / 閾値cut_ok=0.45未満→AI適地(○)", "noshin_status": "CLEAR", "hazard_status": "CLEAR"}}, {"type": "Feature", "geometry": {"type": "Point", "coordinates": [136.483645945, 34.934006407]}, "properties": {"feature_id": "241473233", "city": "鈴鹿市", "area_sqm": 2140, "reject": 0.4222, "ai_level": "適当", "ai_symbol": "○", "confidence": 0.5778, "reason": "①青地外(農振)②ハザード外③接道④系統連系 ゲート通過済み(computeCyanLive母集団) / AI衛星判定reject score=0.4222(低いほど優良地寄り) / 閾値cut_ok=0.45未満→AI適地(○)", "noshin_status": "CLEAR", "hazard_status": "CLEAR"}}, {"type": "Feature", "geometry": {"type": "Point", "coordinates": [136.45914533500002, 34.95848457000005]}, "properties": {"feature_id": "241462859", "city": "鈴鹿市", "area_sqm": 985, "reject": 0.4232, "ai_level": "適当", "ai_symbol": "○", "confidence": 0.5768, "reason": "①青地外(農振)②ハザード外③接道④系統連系 ゲート通過済み(computeCyanLive母集団) / AI衛星判定reject score=0.4232(低いほど優良地寄り) / 閾値cut_ok=0.45未満→AI適地(○)", "noshin_status": "CLEAR", "hazard_status": "CLEAR"}}, {"type": "Feature", "geometry": {"type": "Point", "coordinates": [136.50336337500005, 34.93331309900003]}, "properties": {"feature_id": "241467709", "city": "鈴鹿市", "area_sqm": 1259, "reject": 0.4237, "ai_level": "適当", "ai_symbol": "○", "confidence": 0.5763, "reason": "①青地外(農振)②ハザード外③接道④系統連系 ゲート通過済み(computeCyanLive母集団) / AI衛星判定reject score=0.4237(低いほど優良地寄り) / 閾値cut_ok=0.45未満→AI適地(○)", "noshin_status": "CLEAR", "hazard_status": "CLEAR"}}, {"type": "Feature", "geometry": {"type": "Point", "coordinates": [136.498685689, 34.84554183100005]}, "properties": {"feature_id": "241383855", "city": "鈴鹿市", "area_sqm": 1829, "reject": 0.4249, "ai_level": "適当", "ai_symbol": "○", "confidence": 0.5751, "reason": "①青地外(農振)②ハザード外③接道④系統連系 ゲート通過済み(computeCyanLive母集団) / AI衛星判定reject score=0.4249(低いほど優良地寄り) / 閾値cut_ok=0.45未満→AI適地(○)", "noshin_status": "CLEAR", "hazard_status": "CLEAR"}}, {"type": "Feature", "geometry": {"type": "Point", "coordinates": [136.497333722, 34.88133084900005]}, "properties": {"feature_id": "241392598", "city": "鈴鹿市", "area_sqm": 990, "reject": 0.4253, "ai_level": "適当", "ai_symbol": "○", "confidence": 0.5747, "reason": "①青地外(農振)②ハザード外③接道④系統連系 ゲート通過済み(computeCyanLive母集団) / AI衛星判定reject score=0.4253(低いほど優良地寄り) / 閾値cut_ok=0.45未満→AI適地(○)", "noshin_status": "CLEAR", "hazard_status": "CLEAR"}}, {"type": "Feature", "geometry": {"type": "Point", "coordinates": [136.4964070210001, 34.88328395000008]}, "properties": {"feature_id": "241392537", "city": "鈴鹿市", "area_sqm": 990, "reject": 0.426, "ai_level": "適当", "ai_symbol": "○", "confidence": 0.574, "reason": "①青地外(農振)②ハザード外③接道④系統連系 ゲート通過済み(computeCyanLive母集団) / AI衛星判定reject score=0.4260(低いほど優良地寄り) / 閾値cut_ok=0.45未満→AI適地(○)", "noshin_status": "CLEAR", "hazard_status": "CLEAR"}}, {"type": "Feature", "geometry": {"type": "Point", "coordinates": [136.454608408, 34.68347500700003]}, "properties": {"feature_id": "478767782", "city": "津市", "area_sqm": 1000, "reject": 0.4265, "ai_level": "適当", "ai_symbol": "○", "confidence": 0.5735, "reason": "①青地外(農振)②ハザード外③接道④系統連系 ゲート通過済み(computeCyanLive母集団) / AI衛星判定reject score=0.4265(低いほど優良地寄り) / 閾値cut_ok=0.45未満→AI適地(○)", "noshin_status": "CLEAR", "hazard_status": "CLEAR"}}, {"type": "Feature", "geometry": {"type": "Point", "coordinates": [136.49171693900007, 34.850697946000025]}, "properties": {"feature_id": "241383561", "city": "鈴鹿市", "area_sqm": 2254, "reject": 0.4266, "ai_level": "適当", "ai_symbol": "○", "confidence": 0.5734, "reason": "①青地外(農振)②ハザード外③接道④系統連系 ゲート通過済み(computeCyanLive母集団) / AI衛星判定reject score=0.4266(低いほど優良地寄り) / 閾値cut_ok=0.45未満→AI適地(○)", "noshin_status": "CLEAR", "hazard_status": "CLEAR"}}, {"type": "Feature", "geometry": {"type": "Point", "coordinates": [136.4620321000001, 34.697535225000024]}, "properties": {"feature_id": "478734381", "city": "津市", "area_sqm": 1248, "reject": 0.4268, "ai_level": "適当", "ai_symbol": "○", "confidence": 0.5732, "reason": "①青地外(農振)②ハザード外③接道④系統連系 ゲート通過済み(computeCyanLive母集団) / AI衛星判定reject score=0.4268(低いほど優良地寄り) / 閾値cut_ok=0.45未満→AI適地(○)", "noshin_status": "CLEAR", "hazard_status": "CLEAR"}}, {"type": "Feature", "geometry": {"type": "Point", "coordinates": [136.55388182600007, 34.90058256200007]}, "properties": {"feature_id": "241398566", "city": "鈴鹿市", "area_sqm": 1514, "reject": 0.4294, "ai_level": "適当", "ai_symbol": "○", "confidence": 0.5706, "reason": "①青地外(農振)②ハザード外③接道④系統連系 ゲート通過済み(computeCyanLive母集団) / AI衛星判定reject score=0.4294(低いほど優良地寄り) / 閾値cut_ok=0.45未満→AI適地(○)", "noshin_status": "CLEAR", "hazard_status": "CLEAR"}}, {"type": "Feature", "geometry": {"type": "Point", "coordinates": [136.460371892, 34.96856642800003]}, "properties": {"feature_id": "241464894", "city": "鈴鹿市", "area_sqm": 1074, "reject": 0.4296, "ai_level": "適当", "ai_symbol": "○", "confidence": 0.5704, "reason": "①青地外(農振)②ハザード外③接道④系統連系 ゲート通過済み(computeCyanLive母集団) / AI衛星判定reject score=0.4296(低いほど優良地寄り) / 閾値cut_ok=0.45未満→AI適地(○)", "noshin_status": "CLEAR", "hazard_status": "CLEAR"}}, {"type": "Feature", "geometry": {"type": "Point", "coordinates": [136.49645416500005, 34.88361032700004]}, "properties": {"feature_id": "241392535", "city": "鈴鹿市", "area_sqm": 991, "reject": 0.4298, "ai_level": "適当", "ai_symbol": "○", "confidence": 0.5702, "reason": "①青地外(農振)②ハザード外③接道④系統連系 ゲート通過済み(computeCyanLive母集団) / AI衛星判定reject score=0.4298(低いほど優良地寄り) / 閾値cut_ok=0.45未満→AI適地(○)", "noshin_status": "CLEAR", "hazard_status": "CLEAR"}}, {"type": "Feature", "geometry": {"type": "Point", "coordinates": [136.55749827, 34.9971594]}, "properties": {"feature_id": "492607016", "city": "四日市市", "area_sqm": 882, "reject": 0.4303, "ai_level": "適当", "ai_symbol": "○", "confidence": 0.5697, "reason": "①青地外(農振)②ハザード外③接道④系統連系 ゲート通過済み(computeCyanLive母集団) / AI衛星判定reject score=0.4303(低いほど優良地寄り) / 閾値cut_ok=0.45未満→AI適地(○)", "noshin_status": "CLEAR", "hazard_status": "CLEAR"}}, {"type": "Feature", "geometry": {"type": "Point", "coordinates": [136.52521324100007, 34.84172700800008]}, "properties": {"feature_id": "241448637", "city": "鈴鹿市", "area_sqm": 885, "reject": 0.4304, "ai_level": "適当", "ai_symbol": "○", "confidence": 0.5696, "reason": "①青地外(農振)②ハザード外③接道④系統連系 ゲート通過済み(computeCyanLive母集団) / AI衛星判定reject score=0.4304(低いほど優良地寄り) / 閾値cut_ok=0.45未満→AI適地(○)", "noshin_status": "CLEAR", "hazard_status": "CLEAR"}}, {"type": "Feature", "geometry": {"type": "Point", "coordinates": [136.50053229600007, 34.93372368800004]}, "properties": {"feature_id": "241467702", "city": "鈴鹿市", "area_sqm": 1596, "reject": 0.4316, "ai_level": "適当", "ai_symbol": "○", "confidence": 0.5684, "reason": "①青地外(農振)②ハザード外③接道④系統連系 ゲート通過済み(computeCyanLive母集団) / AI衛星判定reject score=0.4316(低いほど優良地寄り) / 閾値cut_ok=0.45未満→AI適地(○)", "noshin_status": "CLEAR", "hazard_status": "CLEAR"}}, {"type": "Feature", "geometry": {"type": "Point", "coordinates": [136.54303998900002, 34.881511302000035]}, "properties": {"feature_id": "241394659", "city": "鈴鹿市", "area_sqm": 981, "reject": 0.4334, "ai_level": "適当", "ai_symbol": "○", "confidence": 0.5666, "reason": "①青地外(農振)②ハザード外③接道④系統連系 ゲート通過済み(computeCyanLive母集団) / AI衛星判定reject score=0.4334(低いほど優良地寄り) / 閾値cut_ok=0.45未満→AI適地(○)", "noshin_status": "CLEAR", "hazard_status": "CLEAR"}}, {"type": "Feature", "geometry": {"type": "Point", "coordinates": [136.5555351710001, 34.90106444300005]}, "properties": {"feature_id": "241398552", "city": "鈴鹿市", "area_sqm": 1001, "reject": 0.4338, "ai_level": "適当", "ai_symbol": "○", "confidence": 0.5662, "reason": "①青地外(農振)②ハザード外③接道④系統連系 ゲート通過済み(computeCyanLive母集団) / AI衛星判定reject score=0.4338(低いほど優良地寄り) / 閾値cut_ok=0.45未満→AI適地(○)", "noshin_status": "CLEAR", "hazard_status": "CLEAR"}}, {"type": "Feature", "geometry": {"type": "Point", "coordinates": [136.55567095, 35.04531003]}, "properties": {"feature_id": "492652900", "city": "四日市市", "area_sqm": 823, "reject": 0.4339, "ai_level": "適当", "ai_symbol": "○", "confidence": 0.5661, "reason": "①青地外(農振)②ハザード外③接道④系統連系 ゲート通過済み(computeCyanLive母集団) / AI衛星判定reject score=0.4339(低いほど優良地寄り) / 閾値cut_ok=0.45未満→AI適地(○)", "noshin_status": "CLEAR", "hazard_status": "CLEAR"}}, {"type": "Feature", "geometry": {"type": "Point", "coordinates": [136.54044244, 34.98850117]}, "properties": {"feature_id": "492613366", "city": "四日市市", "area_sqm": 1160, "reject": 0.4348, "ai_level": "適当", "ai_symbol": "○", "confidence": 0.5652, "reason": "①青地外(農振)②ハザード外③接道④系統連系 ゲート通過済み(computeCyanLive母集団) / AI衛星判定reject score=0.4348(低いほど優良地寄り) / 閾値cut_ok=0.45未満→AI適地(○)", "noshin_status": "CLEAR", "hazard_status": "CLEAR"}}, {"type": "Feature", "geometry": {"type": "Point", "coordinates": [136.49539234500003, 34.84706361700006]}, "properties": {"feature_id": "241380992", "city": "鈴鹿市", "area_sqm": 2138, "reject": 0.4353, "ai_level": "適当", "ai_symbol": "○", "confidence": 0.5647, "reason": "①青地外(農振)②ハザード外③接道④系統連系 ゲート通過済み(computeCyanLive母集団) / AI衛星判定reject score=0.4353(低いほど優良地寄り) / 閾値cut_ok=0.45未満→AI適地(○)", "noshin_status": "CLEAR", "hazard_status": "CLEAR"}}, {"type": "Feature", "geometry": {"type": "Point", "coordinates": [136.47725949, 34.98230738]}, "properties": {"feature_id": "492647815", "city": "四日市市", "area_sqm": 942, "reject": 0.4353, "ai_level": "適当", "ai_symbol": "○", "confidence": 0.5647, "reason": "①青地外(農振)②ハザード外③接道④系統連系 ゲート通過済み(computeCyanLive母集団) / AI衛星判定reject score=0.4353(低いほど優良地寄り) / 閾値cut_ok=0.45未満→AI適地(○)", "noshin_status": "CLEAR", "hazard_status": "CLEAR"}}, {"type": "Feature", "geometry": {"type": "Point", "coordinates": [136.460563846, 34.797965772000055]}, "properties": {"feature_id": "478693733", "city": "津市", "area_sqm": 856, "reject": 0.4371, "ai_level": "適当", "ai_symbol": "○", "confidence": 0.5629, "reason": "①青地外(農振)②ハザード外③接道④系統連系 ゲート通過済み(computeCyanLive母集団) / AI衛星判定reject score=0.4371(低いほど優良地寄り) / 閾値cut_ok=0.45未満→AI適地(○)", "noshin_status": "CLEAR", "hazard_status": "CLEAR"}}, {"type": "Feature", "geometry": {"type": "Point", "coordinates": [136.4594685180001, 34.96195312200007]}, "properties": {"feature_id": "241462994", "city": "鈴鹿市", "area_sqm": 816, "reject": 0.4371, "ai_level": "適当", "ai_symbol": "○", "confidence": 0.5629, "reason": "①青地外(農振)②ハザード外③接道④系統連系 ゲート通過済み(computeCyanLive母集団) / AI衛星判定reject score=0.4371(低いほど優良地寄り) / 閾値cut_ok=0.45未満→AI適地(○)", "noshin_status": "CLEAR", "hazard_status": "CLEAR"}}, {"type": "Feature", "geometry": {"type": "Point", "coordinates": [136.4773042160001, 34.91112990200003]}, "properties": {"feature_id": "241478249", "city": "鈴鹿市", "area_sqm": 957, "reject": 0.4383, "ai_level": "適当", "ai_symbol": "○", "confidence": 0.5617, "reason": "①青地外(農振)②ハザード外③接道④系統連系 ゲート通過済み(computeCyanLive母集団) / AI衛星判定reject score=0.4383(低いほど優良地寄り) / 閾値cut_ok=0.45未満→AI適地(○)", "noshin_status": "CLEAR", "hazard_status": "CLEAR"}}, {"type": "Feature", "geometry": {"type": "Point", "coordinates": [136.44577383700005, 34.74682454200007]}, "properties": {"feature_id": "478911761", "city": "津市", "area_sqm": 1049, "reject": 0.4387, "ai_level": "適当", "ai_symbol": "○", "confidence": 0.5613, "reason": "①青地外(農振)②ハザード外③接道④系統連系 ゲート通過済み(computeCyanLive母集団) / AI衛星判定reject score=0.4387(低いほど優良地寄り) / 閾値cut_ok=0.45未満→AI適地(○)", "noshin_status": "CLEAR", "hazard_status": "CLEAR"}}, {"type": "Feature", "geometry": {"type": "Point", "coordinates": [136.47361822200003, 34.690311131000044]}, "properties": {"feature_id": "478723305", "city": "津市", "area_sqm": 1069, "reject": 0.439, "ai_level": "適当", "ai_symbol": "○", "confidence": 0.561, "reason": "①青地外(農振)②ハザード外③接道④系統連系 ゲート通過済み(computeCyanLive母集団) / AI衛星判定reject score=0.4390(低いほど優良地寄り) / 閾値cut_ok=0.45未満→AI適地(○)", "noshin_status": "CLEAR", "hazard_status": "CLEAR"}}, {"type": "Feature", "geometry": {"type": "Point", "coordinates": [136.51826666400007, 34.78566344700005]}, "properties": {"feature_id": "478791970", "city": "津市", "area_sqm": 1557, "reject": 0.4402, "ai_level": "適当", "ai_symbol": "○", "confidence": 0.5598, "reason": "①青地外(農振)②ハザード外③接道④系統連系 ゲート通過済み(computeCyanLive母集団) / AI衛星判定reject score=0.4402(低いほど優良地寄り) / 閾値cut_ok=0.45未満→AI適地(○)", "noshin_status": "CLEAR", "hazard_status": "CLEAR"}}, {"type": "Feature", "geometry": {"type": "Point", "coordinates": [136.4938579190001, 34.85478361200006]}, "properties": {"feature_id": "241381242", "city": "鈴鹿市", "area_sqm": 4308, "reject": 0.4416, "ai_level": "適当", "ai_symbol": "○", "confidence": 0.5584, "reason": "①青地外(農振)②ハザード外③接道④系統連系 ゲート通過済み(computeCyanLive母集団) / AI衛星判定reject score=0.4416(低いほど優良地寄り) / 閾値cut_ok=0.45未満→AI適地(○)", "noshin_status": "CLEAR", "hazard_status": "CLEAR"}}, {"type": "Feature", "geometry": {"type": "Point", "coordinates": [136.48676084300007, 34.928398076000065]}, "properties": {"feature_id": "241473023", "city": "鈴鹿市", "area_sqm": 1364, "reject": 0.4424, "ai_level": "適当", "ai_symbol": "○", "confidence": 0.5576, "reason": "①青地外(農振)②ハザード外③接道④系統連系 ゲート通過済み(computeCyanLive母集団) / AI衛星判定reject score=0.4424(低いほど優良地寄り) / 閾値cut_ok=0.45未満→AI適地(○)", "noshin_status": "CLEAR", "hazard_status": "CLEAR"}}, {"type": "Feature", "geometry": {"type": "Point", "coordinates": [136.57963801, 34.96249617]}, "properties": {"feature_id": "492579371", "city": "四日市市", "area_sqm": 816, "reject": 0.4431, "ai_level": "適当", "ai_symbol": "○", "confidence": 0.5569, "reason": "①青地外(農振)②ハザード外③接道④系統連系 ゲート通過済み(computeCyanLive母集団) / AI衛星判定reject score=0.4431(低いほど優良地寄り) / 閾値cut_ok=0.45未満→AI適地(○)", "noshin_status": "CLEAR", "hazard_status": "CLEAR"}}, {"type": "Feature", "geometry": {"type": "Point", "coordinates": [136.50188982100008, 34.851179983000065]}, "properties": {"feature_id": "241383323", "city": "鈴鹿市", "area_sqm": 1165, "reject": 0.4434, "ai_level": "適当", "ai_symbol": "○", "confidence": 0.5566, "reason": "①青地外(農振)②ハザード外③接道④系統連系 ゲート通過済み(computeCyanLive母集団) / AI衛星判定reject score=0.4434(低いほど優良地寄り) / 閾値cut_ok=0.45未満→AI適地(○)", "noshin_status": "CLEAR", "hazard_status": "CLEAR"}}, {"type": "Feature", "geometry": {"type": "Point", "coordinates": [136.63056918300003, 34.43432479200004]}, "properties": {"feature_id": "242588004", "city": "度会町", "area_sqm": 948, "reject": 0.4452, "ai_level": "適当", "ai_symbol": "○", "confidence": 0.5548, "reason": "①青地外(農振)②ハザード外③接道④系統連系 ゲート通過済み(computeCyanLive母集団) / AI衛星判定reject score=0.4452(低いほど優良地寄り) / 閾値cut_ok=0.45未満→AI適地(○)", "noshin_status": "CLEAR", "hazard_status": "CLEAR"}}, {"type": "Feature", "geometry": {"type": "Point", "coordinates": [136.479440682, 34.9258858640001]}, "properties": {"feature_id": "241474971", "city": "鈴鹿市", "area_sqm": 958, "reject": 0.4455, "ai_level": "適当", "ai_symbol": "○", "confidence": 0.5545, "reason": "①青地外(農振)②ハザード外③接道④系統連系 ゲート通過済み(computeCyanLive母集団) / AI衛星判定reject score=0.4455(低いほど優良地寄り) / 閾値cut_ok=0.45未満→AI適地(○)", "noshin_status": "CLEAR", "hazard_status": "CLEAR"}}, {"type": "Feature", "geometry": {"type": "Point", "coordinates": [136.46040188300003, 34.68637771700003]}, "properties": {"feature_id": "478724242", "city": "津市", "area_sqm": 1014, "reject": 0.4459, "ai_level": "適当", "ai_symbol": "○", "confidence": 0.5541, "reason": "①青地外(農振)②ハザード外③接道④系統連系 ゲート通過済み(computeCyanLive母集団) / AI衛星判定reject score=0.4459(低いほど優良地寄り) / 閾値cut_ok=0.45未満→AI適地(○)", "noshin_status": "CLEAR", "hazard_status": "CLEAR"}}, {"type": "Feature", "geometry": {"type": "Point", "coordinates": [136.48860329100012, 34.68930371000005]}, "properties": {"feature_id": "478759086", "city": "津市", "area_sqm": 886, "reject": 0.446, "ai_level": "適当", "ai_symbol": "○", "confidence": 0.554, "reason": "①青地外(農振)②ハザード外③接道④系統連系 ゲート通過済み(computeCyanLive母集団) / AI衛星判定reject score=0.4460(低いほど優良地寄り) / 閾値cut_ok=0.45未満→AI適地(○)", "noshin_status": "CLEAR", "hazard_status": "CLEAR"}}, {"type": "Feature", "geometry": {"type": "Point", "coordinates": [136.4973398740001, 34.881017290000045]}, "properties": {"feature_id": "241457735", "city": "鈴鹿市", "area_sqm": 1188, "reject": 0.4464, "ai_level": "適当", "ai_symbol": "○", "confidence": 0.5536, "reason": "①青地外(農振)②ハザード外③接道④系統連系 ゲート通過済み(computeCyanLive母集団) / AI衛星判定reject score=0.4464(低いほど優良地寄り) / 閾値cut_ok=0.45未満→AI適地(○)", "noshin_status": "CLEAR", "hazard_status": "CLEAR"}}, {"type": "Feature", "geometry": {"type": "Point", "coordinates": [136.57919008, 34.98501121]}, "properties": {"feature_id": "492610893", "city": "四日市市", "area_sqm": 1328, "reject": 0.4468, "ai_level": "適当", "ai_symbol": "○", "confidence": 0.5532, "reason": "①青地外(農振)②ハザード外③接道④系統連系 ゲート通過済み(computeCyanLive母集団) / AI衛星判定reject score=0.4468(低いほど優良地寄り) / 閾値cut_ok=0.45未満→AI適地(○)", "noshin_status": "CLEAR", "hazard_status": "CLEAR"}}, {"type": "Feature", "geometry": {"type": "Point", "coordinates": [136.516558008, 34.935054591]}, "properties": {"feature_id": "241461077", "city": "鈴鹿市", "area_sqm": 1570, "reject": 0.4472, "ai_level": "適当", "ai_symbol": "○", "confidence": 0.5528, "reason": "①青地外(農振)②ハザード外③接道④系統連系 ゲート通過済み(computeCyanLive母集団) / AI衛星判定reject score=0.4472(低いほど優良地寄り) / 閾値cut_ok=0.45未満→AI適地(○)", "noshin_status": "CLEAR", "hazard_status": "CLEAR"}}, {"type": "Feature", "geometry": {"type": "Point", "coordinates": [136.490143599, 34.927798647]}, "properties": {"feature_id": "241472639", "city": "鈴鹿市", "area_sqm": 1233, "reject": 0.4472, "ai_level": "適当", "ai_symbol": "○", "confidence": 0.5528, "reason": "①青地外(農振)②ハザード外③接道④系統連系 ゲート通過済み(computeCyanLive母集団) / AI衛星判定reject score=0.4472(低いほど優良地寄り) / 閾値cut_ok=0.45未満→AI適地(○)", "noshin_status": "CLEAR", "hazard_status": "CLEAR"}}, {"type": "Feature", "geometry": {"type": "Point", "coordinates": [136.45922863600003, 34.95801257900007]}, "properties": {"feature_id": "241462852", "city": "鈴鹿市", "area_sqm": 1428, "reject": 0.4485, "ai_level": "適当", "ai_symbol": "○", "confidence": 0.5515, "reason": "①青地外(農振)②ハザード外③接道④系統連系 ゲート通過済み(computeCyanLive母集団) / AI衛星判定reject score=0.4485(低いほど優良地寄り) / 閾値cut_ok=0.45未満→AI適地(○)", "noshin_status": "CLEAR", "hazard_status": "CLEAR"}}, {"type": "Feature", "geometry": {"type": "Point", "coordinates": [136.47701651800003, 34.932076592000044]}, "properties": {"feature_id": "241472462", "city": "鈴鹿市", "area_sqm": 938, "reject": 0.4485, "ai_level": "適当", "ai_symbol": "○", "confidence": 0.5515, "reason": "①青地外(農振)②ハザード外③接道④系統連系 ゲート通過済み(computeCyanLive母集団) / AI衛星判定reject score=0.4485(低いほど優良地寄り) / 閾値cut_ok=0.45未満→AI適地(○)", "noshin_status": "CLEAR", "hazard_status": "CLEAR"}}, {"type": "Feature", "geometry": {"type": "Point", "coordinates": [136.55694053, 35.04433016]}, "properties": {"feature_id": "492652839", "city": "四日市市", "area_sqm": 2168, "reject": 0.4491, "ai_level": "適当", "ai_symbol": "○", "confidence": 0.5509, "reason": "①青地外(農振)②ハザード外③接道④系統連系 ゲート通過済み(computeCyanLive母集団) / AI衛星判定reject score=0.4491(低いほど優良地寄り) / 閾値cut_ok=0.45未満→AI適地(○)", "noshin_status": "CLEAR", "hazard_status": "CLEAR"}}, {"type": "Feature", "geometry": {"type": "Point", "coordinates": [136.59330977, 34.91681481]}, "properties": {"feature_id": "492645358", "city": "四日市市", "area_sqm": 1289, "reject": 0.4493, "ai_level": "適当", "ai_symbol": "○", "confidence": 0.5507, "reason": "①青地外(農振)②ハザード外③接道④系統連系 ゲート通過済み(computeCyanLive母集団) / AI衛星判定reject score=0.4493(低いほど優良地寄り) / 閾値cut_ok=0.45未満→AI適地(○)", "noshin_status": "CLEAR", "hazard_status": "CLEAR"}}, {"type": "Feature", "geometry": {"type": "Point", "coordinates": [136.45718678900005, 34.68774998500004]}, "properties": {"feature_id": "478768129", "city": "津市", "area_sqm": 867, "reject": 0.4495, "ai_level": "適当", "ai_symbol": "○", "confidence": 0.5505, "reason": "①青地外(農振)②ハザード外③接道④系統連系 ゲート通過済み(computeCyanLive母集団) / AI衛星判定reject score=0.4495(低いほど優良地寄り) / 閾値cut_ok=0.45未満→AI適地(○)", "noshin_status": "CLEAR", "hazard_status": "CLEAR"}}, {"type": "Feature", "geometry": {"type": "Point", "coordinates": [136.556863, 34.99642329]}, "properties": {"feature_id": "492607010", "city": "四日市市", "area_sqm": 833, "reject": 0.4496, "ai_level": "適当", "ai_symbol": "○", "confidence": 0.5504, "reason": "①青地外(農振)②ハザード外③接道④系統連系 ゲート通過済み(computeCyanLive母集団) / AI衛星判定reject score=0.4496(低いほど優良地寄り) / 閾値cut_ok=0.45未満→AI適地(○)", "noshin_status": "CLEAR", "hazard_status": "CLEAR"}}, {"type": "Feature", "geometry": {"type": "Point", "coordinates": [136.52314116, 34.93295642]}, "properties": {"feature_id": "492599457", "city": "四日市市", "area_sqm": 968, "reject": 0.4505, "ai_level": "検討", "ai_symbol": "△", "confidence": 0.5495, "reason": "①青地外(農振)②ハザード外③接道④系統連系 ゲート通過済み(computeCyanLive母集団) / AI衛星判定reject score=0.4505(低いほど優良地寄り) / 閾値cut_ok=0.45以上cut_ng=0.5144未満→検討(△・要目視確認)", "noshin_status": "CLEAR", "hazard_status": "CLEAR"}}, {"type": "Feature", "geometry": {"type": "Point", "coordinates": [136.45549511600007, 34.96407995200008]}, "properties": {"feature_id": "241463366", "city": "鈴鹿市", "area_sqm": 803, "reject": 0.4505, "ai_level": "検討", "ai_symbol": "△", "confidence": 0.5495, "reason": "①青地外(農振)②ハザード外③接道④系統連系 ゲート通過済み(computeCyanLive母集団) / AI衛星判定reject score=0.4505(低いほど優良地寄り) / 閾値cut_ok=0.45以上cut_ng=0.5144未満→検討(△・要目視確認)", "noshin_status": "CLEAR", "hazard_status": "CLEAR"}}, {"type": "Feature", "geometry": {"type": "Point", "coordinates": [136.57628358, 35.0083209]}, "properties": {"feature_id": "492626639", "city": "四日市市", "area_sqm": 1491, "reject": 0.451, "ai_level": "検討", "ai_symbol": "△", "confidence": 0.549, "reason": "①青地外(農振)②ハザード外③接道④系統連系 ゲート通過済み(computeCyanLive母集団) / AI衛星判定reject score=0.4510(低いほど優良地寄り) / 閾値cut_ok=0.45以上cut_ng=0.5144未満→検討(△・要目視確認)", "noshin_status": "CLEAR", "hazard_status": "CLEAR"}}, {"type": "Feature", "geometry": {"type": "Point", "coordinates": [136.47426140800007, 34.910433597000065]}, "properties": {"feature_id": "241478308", "city": "鈴鹿市", "area_sqm": 974, "reject": 0.451, "ai_level": "検討", "ai_symbol": "△", "confidence": 0.549, "reason": "①青地外(農振)②ハザード外③接道④系統連系 ゲート通過済み(computeCyanLive母集団) / AI衛星判定reject score=0.4510(低いほど優良地寄り) / 閾値cut_ok=0.45以上cut_ng=0.5144未満→検討(△・要目視確認)", "noshin_status": "CLEAR", "hazard_status": "CLEAR"}}, {"type": "Feature", "geometry": {"type": "Point", "coordinates": [136.4615714580001, 34.77438218100008]}, "properties": {"feature_id": "478914359", "city": "津市", "area_sqm": 828, "reject": 0.4522, "ai_level": "検討", "ai_symbol": "△", "confidence": 0.5478, "reason": "①青地外(農振)②ハザード外③接道④系統連系 ゲート通過済み(computeCyanLive母集団) / AI衛星判定reject score=0.4522(低いほど優良地寄り) / 閾値cut_ok=0.45以上cut_ng=0.5144未満→検討(△・要目視確認)", "noshin_status": "CLEAR", "hazard_status": "CLEAR"}}, {"type": "Feature", "geometry": {"type": "Point", "coordinates": [136.4778069880001, 34.91117652500003]}, "properties": {"feature_id": "241478247", "city": "鈴鹿市", "area_sqm": 1435, "reject": 0.4523, "ai_level": "検討", "ai_symbol": "△", "confidence": 0.5477, "reason": "①青地外(農振)②ハザード外③接道④系統連系 ゲート通過済み(computeCyanLive母集団) / AI衛星判定reject score=0.4523(低いほど優良地寄り) / 閾値cut_ok=0.45以上cut_ng=0.5144未満→検討(△・要目視確認)", "noshin_status": "CLEAR", "hazard_status": "CLEAR"}}, {"type": "Feature", "geometry": {"type": "Point", "coordinates": [136.49067939, 34.96248209]}, "properties": {"feature_id": "492649219", "city": "四日市市", "area_sqm": 2231, "reject": 0.4532, "ai_level": "検討", "ai_symbol": "△", "confidence": 0.5468, "reason": "①青地外(農振)②ハザード外③接道④系統連系 ゲート通過済み(computeCyanLive母集団) / AI衛星判定reject score=0.4532(低いほど優良地寄り) / 閾値cut_ok=0.45以上cut_ng=0.5144未満→検討(△・要目視確認)", "noshin_status": "CLEAR", "hazard_status": "CLEAR"}}, {"type": "Feature", "geometry": {"type": "Point", "coordinates": [136.46281321200001, 34.69230968200003]}, "properties": {"feature_id": "478724068", "city": "津市", "area_sqm": 1430, "reject": 0.4542, "ai_level": "検討", "ai_symbol": "△", "confidence": 0.5458, "reason": "①青地外(農振)②ハザード外③接道④系統連系 ゲート通過済み(computeCyanLive母集団) / AI衛星判定reject score=0.4542(低いほど優良地寄り) / 閾値cut_ok=0.45以上cut_ng=0.5144未満→検討(△・要目視確認)", "noshin_status": "CLEAR", "hazard_status": "CLEAR"}}, {"type": "Feature", "geometry": {"type": "Point", "coordinates": [136.52190254100003, 34.78756577900003]}, "properties": {"feature_id": "478792389", "city": "津市", "area_sqm": 1282, "reject": 0.4558, "ai_level": "検討", "ai_symbol": "△", "confidence": 0.5442, "reason": "①青地外(農振)②ハザード外③接道④系統連系 ゲート通過済み(computeCyanLive母集団) / AI衛星判定reject score=0.4558(低いほど優良地寄り) / 閾値cut_ok=0.45以上cut_ng=0.5144未満→検討(△・要目視確認)", "noshin_status": "CLEAR", "hazard_status": "CLEAR"}}, {"type": "Feature", "geometry": {"type": "Point", "coordinates": [136.59562195, 35.00919104]}, "properties": {"feature_id": "492619125", "city": "四日市市", "area_sqm": 1031, "reject": 0.4562, "ai_level": "検討", "ai_symbol": "△", "confidence": 0.5438, "reason": "①青地外(農振)②ハザード外③接道④系統連系 ゲート通過済み(computeCyanLive母集団) / AI衛星判定reject score=0.4562(低いほど優良地寄り) / 閾値cut_ok=0.45以上cut_ng=0.5144未満→検討(△・要目視確認)", "noshin_status": "CLEAR", "hazard_status": "CLEAR"}}, {"type": "Feature", "geometry": {"type": "Point", "coordinates": [136.47514256, 34.98014661]}, "properties": {"feature_id": "492647319", "city": "四日市市", "area_sqm": 1595, "reject": 0.457, "ai_level": "検討", "ai_symbol": "△", "confidence": 0.543, "reason": "①青地外(農振)②ハザード外③接道④系統連系 ゲート通過済み(computeCyanLive母集団) / AI衛星判定reject score=0.4570(低いほど優良地寄り) / 閾値cut_ok=0.45以上cut_ng=0.5144未満→検討(△・要目視確認)", "noshin_status": "CLEAR", "hazard_status": "CLEAR"}}, {"type": "Feature", "geometry": {"type": "Point", "coordinates": [136.46676873700005, 34.68991748800005]}, "properties": {"feature_id": "478723490", "city": "津市", "area_sqm": 846, "reject": 0.4578, "ai_level": "検討", "ai_symbol": "△", "confidence": 0.5422, "reason": "①青地外(農振)②ハザード外③接道④系統連系 ゲート通過済み(computeCyanLive母集団) / AI衛星判定reject score=0.4578(低いほど優良地寄り) / 閾値cut_ok=0.45以上cut_ng=0.5144未満→検討(△・要目視確認)", "noshin_status": "CLEAR", "hazard_status": "CLEAR"}}, {"type": "Feature", "geometry": {"type": "Point", "coordinates": [136.55548180900007, 34.916857331000074]}, "properties": {"feature_id": "241459257", "city": "鈴鹿市", "area_sqm": 3388, "reject": 0.4591, "ai_level": "検討", "ai_symbol": "△", "confidence": 0.5409, "reason": "①青地外(農振)②ハザード外③接道④系統連系 ゲート通過済み(computeCyanLive母集団) / AI衛星判定reject score=0.4591(低いほど優良地寄り) / 閾値cut_ok=0.45以上cut_ng=0.5144未満→検討(△・要目視確認)", "noshin_status": "CLEAR", "hazard_status": "CLEAR"}}, {"type": "Feature", "geometry": {"type": "Point", "coordinates": [136.496494621, 34.85278716100004]}, "properties": {"feature_id": "241381179", "city": "鈴鹿市", "area_sqm": 1001, "reject": 0.4593, "ai_level": "検討", "ai_symbol": "△", "confidence": 0.5407, "reason": "①青地外(農振)②ハザード外③接道④系統連系 ゲート通過済み(computeCyanLive母集団) / AI衛星判定reject score=0.4593(低いほど優良地寄り) / 閾値cut_ok=0.45以上cut_ng=0.5144未満→検討(△・要目視確認)", "noshin_status": "CLEAR", "hazard_status": "CLEAR"}}, {"type": "Feature", "geometry": {"type": "Point", "coordinates": [136.57564281, 35.00811621]}, "properties": {"feature_id": "492626637", "city": "四日市市", "area_sqm": 2433, "reject": 0.46, "ai_level": "検討", "ai_symbol": "△", "confidence": 0.54, "reason": "①青地外(農振)②ハザード外③接道④系統連系 ゲート通過済み(computeCyanLive母集団) / AI衛星判定reject score=0.4600(低いほど優良地寄り) / 閾値cut_ok=0.45以上cut_ng=0.5144未満→検討(△・要目視確認)", "noshin_status": "CLEAR", "hazard_status": "CLEAR"}}, {"type": "Feature", "geometry": {"type": "Point", "coordinates": [136.47298898600002, 34.934250193000025]}, "properties": {"feature_id": "241474256", "city": "鈴鹿市", "area_sqm": 4647, "reject": 0.4602, "ai_level": "検討", "ai_symbol": "△", "confidence": 0.5398, "reason": "①青地外(農振)②ハザード外③接道④系統連系 ゲート通過済み(computeCyanLive母集団) / AI衛星判定reject score=0.4602(低いほど優良地寄り) / 閾値cut_ok=0.45以上cut_ng=0.5144未満→検討(△・要目視確認)", "noshin_status": "CLEAR", "hazard_status": "CLEAR"}}, {"type": "Feature", "geometry": {"type": "Point", "coordinates": [136.4413945780001, 34.805625572000054]}, "properties": {"feature_id": "478861997", "city": "津市", "area_sqm": 1505, "reject": 0.4603, "ai_level": "検討", "ai_symbol": "△", "confidence": 0.5397, "reason": "①青地外(農振)②ハザード外③接道④系統連系 ゲート通過済み(computeCyanLive母集団) / AI衛星判定reject score=0.4603(低いほど優良地寄り) / 閾値cut_ok=0.45以上cut_ng=0.5144未満→検討(△・要目視確認)", "noshin_status": "CLEAR", "hazard_status": "CLEAR"}}, {"type": "Feature", "geometry": {"type": "Point", "coordinates": [136.55641323300006, 34.90192967300004]}, "properties": {"feature_id": "241398536", "city": "鈴鹿市", "area_sqm": 814, "reject": 0.4608, "ai_level": "検討", "ai_symbol": "△", "confidence": 0.5392, "reason": "①青地外(農振)②ハザード外③接道④系統連系 ゲート通過済み(computeCyanLive母集団) / AI衛星判定reject score=0.4608(低いほど優良地寄り) / 閾値cut_ok=0.45以上cut_ng=0.5144未満→検討(△・要目視確認)", "noshin_status": "CLEAR", "hazard_status": "CLEAR"}}, {"type": "Feature", "geometry": {"type": "Point", "coordinates": [136.47225215600008, 34.935339577000036]}, "properties": {"feature_id": "241474246", "city": "鈴鹿市", "area_sqm": 2380, "reject": 0.461, "ai_level": "検討", "ai_symbol": "△", "confidence": 0.539, "reason": "①青地外(農振)②ハザード外③接道④系統連系 ゲート通過済み(computeCyanLive母集団) / AI衛星判定reject score=0.4610(低いほど優良地寄り) / 閾値cut_ok=0.45以上cut_ng=0.5144未満→検討(△・要目視確認)", "noshin_status": "CLEAR", "hazard_status": "CLEAR"}}, {"type": "Feature", "geometry": {"type": "Point", "coordinates": [136.4314064900001, 34.75147229300006]}, "properties": {"feature_id": "478909439", "city": "津市", "area_sqm": 1921, "reject": 0.4614, "ai_level": "検討", "ai_symbol": "△", "confidence": 0.5386, "reason": "①青地外(農振)②ハザード外③接道④系統連系 ゲート通過済み(computeCyanLive母集団) / AI衛星判定reject score=0.4614(低いほど優良地寄り) / 閾値cut_ok=0.45以上cut_ng=0.5144未満→検討(△・要目視確認)", "noshin_status": "CLEAR", "hazard_status": "CLEAR"}}, {"type": "Feature", "geometry": {"type": "Point", "coordinates": [136.54417490100002, 34.88152539200007]}, "properties": {"feature_id": "241394848", "city": "鈴鹿市", "area_sqm": 1234, "reject": 0.4632, "ai_level": "検討", "ai_symbol": "△", "confidence": 0.5368, "reason": "①青地外(農振)②ハザード外③接道④系統連系 ゲート通過済み(computeCyanLive母集団) / AI衛星判定reject score=0.4632(低いほど優良地寄り) / 閾値cut_ok=0.45以上cut_ng=0.5144未満→検討(△・要目視確認)", "noshin_status": "CLEAR", "hazard_status": "CLEAR"}}, {"type": "Feature", "geometry": {"type": "Point", "coordinates": [136.49049457, 34.92003983500007]}, "properties": {"feature_id": "241475519", "city": "鈴鹿市", "area_sqm": 1496, "reject": 0.4636, "ai_level": "検討", "ai_symbol": "△", "confidence": 0.5364, "reason": "①青地外(農振)②ハザード外③接道④系統連系 ゲート通過済み(computeCyanLive母集団) / AI衛星判定reject score=0.4636(低いほど優良地寄り) / 閾値cut_ok=0.45以上cut_ng=0.5144未満→検討(△・要目視確認)", "noshin_status": "CLEAR", "hazard_status": "CLEAR"}}, {"type": "Feature", "geometry": {"type": "Point", "coordinates": [136.46724598000003, 34.68917911200003]}, "properties": {"feature_id": "478753480", "city": "津市", "area_sqm": 926, "reject": 0.4645, "ai_level": "検討", "ai_symbol": "△", "confidence": 0.5355, "reason": "①青地外(農振)②ハザード外③接道④系統連系 ゲート通過済み(computeCyanLive母集団) / AI衛星判定reject score=0.4645(低いほど優良地寄り) / 閾値cut_ok=0.45以上cut_ng=0.5144未満→検討(△・要目視確認)", "noshin_status": "CLEAR", "hazard_status": "CLEAR"}}, {"type": "Feature", "geometry": {"type": "Point", "coordinates": [136.4773538500001, 34.910607140000025]}, "properties": {"feature_id": "241478264", "city": "鈴鹿市", "area_sqm": 1096, "reject": 0.4673, "ai_level": "検討", "ai_symbol": "△", "confidence": 0.5327, "reason": "①青地外(農振)②ハザード外③接道④系統連系 ゲート通過済み(computeCyanLive母集団) / AI衛星判定reject score=0.4673(低いほど優良地寄り) / 閾値cut_ok=0.45以上cut_ng=0.5144未満→検討(△・要目視確認)", "noshin_status": "CLEAR", "hazard_status": "CLEAR"}}, {"type": "Feature", "geometry": {"type": "Point", "coordinates": [136.41759223400004, 34.83290271800007]}, "properties": {"feature_id": "478802813", "city": "津市", "area_sqm": 1246, "reject": 0.4688, "ai_level": "検討", "ai_symbol": "△", "confidence": 0.5312, "reason": "①青地外(農振)②ハザード外③接道④系統連系 ゲート通過済み(computeCyanLive母集団) / AI衛星判定reject score=0.4688(低いほど優良地寄り) / 閾値cut_ok=0.45以上cut_ng=0.5144未満→検討(△・要目視確認)", "noshin_status": "CLEAR", "hazard_status": "CLEAR"}}, {"type": "Feature", "geometry": {"type": "Point", "coordinates": [136.56944541, 35.0075279]}, "properties": {"feature_id": "492625427", "city": "四日市市", "area_sqm": 987, "reject": 0.4692, "ai_level": "検討", "ai_symbol": "△", "confidence": 0.5308, "reason": "①青地外(農振)②ハザード外③接道④系統連系 ゲート通過済み(computeCyanLive母集団) / AI衛星判定reject score=0.4692(低いほど優良地寄り) / 閾値cut_ok=0.45以上cut_ng=0.5144未満→検討(△・要目視確認)", "noshin_status": "CLEAR", "hazard_status": "CLEAR"}}, {"type": "Feature", "geometry": {"type": "Point", "coordinates": [136.49044545, 34.96271745]}, "properties": {"feature_id": "492649221", "city": "四日市市", "area_sqm": 1134, "reject": 0.4712, "ai_level": "検討", "ai_symbol": "△", "confidence": 0.5288, "reason": "①青地外(農振)②ハザード外③接道④系統連系 ゲート通過済み(computeCyanLive母集団) / AI衛星判定reject score=0.4712(低いほど優良地寄り) / 閾値cut_ok=0.45以上cut_ng=0.5144未満→検討(△・要目視確認)", "noshin_status": "CLEAR", "hazard_status": "CLEAR"}}, {"type": "Feature", "geometry": {"type": "Point", "coordinates": [136.46097310800008, 34.95968813200005]}, "properties": {"feature_id": "241462941", "city": "鈴鹿市", "area_sqm": 1173, "reject": 0.4717, "ai_level": "検討", "ai_symbol": "△", "confidence": 0.5283, "reason": "①青地外(農振)②ハザード外③接道④系統連系 ゲート通過済み(computeCyanLive母集団) / AI衛星判定reject score=0.4717(低いほど優良地寄り) / 閾値cut_ok=0.45以上cut_ng=0.5144未満→検討(△・要目視確認)", "noshin_status": "CLEAR", "hazard_status": "CLEAR"}}, {"type": "Feature", "geometry": {"type": "Point", "coordinates": [136.4865542760001, 34.92861145300003]}, "properties": {"feature_id": "241473024", "city": "鈴鹿市", "area_sqm": 1013, "reject": 0.4737, "ai_level": "検討", "ai_symbol": "△", "confidence": 0.5263, "reason": "①青地外(農振)②ハザード外③接道④系統連系 ゲート通過済み(computeCyanLive母集団) / AI衛星判定reject score=0.4737(低いほど優良地寄り) / 閾値cut_ok=0.45以上cut_ng=0.5144未満→検討(△・要目視確認)", "noshin_status": "CLEAR", "hazard_status": "CLEAR"}}, {"type": "Feature", "geometry": {"type": "Point", "coordinates": [136.54022216500005, 34.922101240000075]}, "properties": {"feature_id": "241458725", "city": "鈴鹿市", "area_sqm": 2645, "reject": 0.4746, "ai_level": "検討", "ai_symbol": "△", "confidence": 0.5254, "reason": "①青地外(農振)②ハザード外③接道④系統連系 ゲート通過済み(computeCyanLive母集団) / AI衛星判定reject score=0.4746(低いほど優良地寄り) / 閾値cut_ok=0.45以上cut_ng=0.5144未満→検討(△・要目視確認)", "noshin_status": "CLEAR", "hazard_status": "CLEAR"}}, {"type": "Feature", "geometry": {"type": "Point", "coordinates": [136.4980514990001, 34.85646394100007]}, "properties": {"feature_id": "241381062", "city": "鈴鹿市", "area_sqm": 991, "reject": 0.4746, "ai_level": "検討", "ai_symbol": "△", "confidence": 0.5254, "reason": "①青地外(農振)②ハザード外③接道④系統連系 ゲート通過済み(computeCyanLive母集団) / AI衛星判定reject score=0.4746(低いほど優良地寄り) / 閾値cut_ok=0.45以上cut_ng=0.5144未満→検討(△・要目視確認)", "noshin_status": "CLEAR", "hazard_status": "CLEAR"}}, {"type": "Feature", "geometry": {"type": "Point", "coordinates": [136.49238130100002, 34.852197852000074]}, "properties": {"feature_id": "241381121", "city": "鈴鹿市", "area_sqm": 1256, "reject": 0.4767, "ai_level": "検討", "ai_symbol": "△", "confidence": 0.5233, "reason": "①青地外(農振)②ハザード外③接道④系統連系 ゲート通過済み(computeCyanLive母集団) / AI衛星判定reject score=0.4767(低いほど優良地寄り) / 閾値cut_ok=0.45以上cut_ng=0.5144未満→検討(△・要目視確認)", "noshin_status": "CLEAR", "hazard_status": "CLEAR"}}, {"type": "Feature", "geometry": {"type": "Point", "coordinates": [136.50846663200002, 34.67322932600007]}, "properties": {"feature_id": "478714952", "city": "津市", "area_sqm": 882, "reject": 0.4778, "ai_level": "検討", "ai_symbol": "△", "confidence": 0.5222, "reason": "①青地外(農振)②ハザード外③接道④系統連系 ゲート通過済み(computeCyanLive母集団) / AI衛星判定reject score=0.4778(低いほど優良地寄り) / 閾値cut_ok=0.45以上cut_ng=0.5144未満→検討(△・要目視確認)", "noshin_status": "CLEAR", "hazard_status": "CLEAR"}}, {"type": "Feature", "geometry": {"type": "Point", "coordinates": [136.49155223, 34.96354049]}, "properties": {"feature_id": "492649065", "city": "四日市市", "area_sqm": 2499, "reject": 0.4779, "ai_level": "検討", "ai_symbol": "△", "confidence": 0.5221, "reason": "①青地外(農振)②ハザード外③接道④系統連系 ゲート通過済み(computeCyanLive母集団) / AI衛星判定reject score=0.4779(低いほど優良地寄り) / 閾値cut_ok=0.45以上cut_ng=0.5144未満→検討(△・要目視確認)", "noshin_status": "CLEAR", "hazard_status": "CLEAR"}}, {"type": "Feature", "geometry": {"type": "Point", "coordinates": [136.495349959, 34.84663253800005]}, "properties": {"feature_id": "241380999", "city": "鈴鹿市", "area_sqm": 1738, "reject": 0.4788, "ai_level": "検討", "ai_symbol": "△", "confidence": 0.5212, "reason": "①青地外(農振)②ハザード外③接道④系統連系 ゲート通過済み(computeCyanLive母集団) / AI衛星判定reject score=0.4788(低いほど優良地寄り) / 閾値cut_ok=0.45以上cut_ng=0.5144未満→検討(△・要目視確認)", "noshin_status": "CLEAR", "hazard_status": "CLEAR"}}, {"type": "Feature", "geometry": {"type": "Point", "coordinates": [136.414577709, 34.83843030100007]}, "properties": {"feature_id": "478802134", "city": "津市", "area_sqm": 1350, "reject": 0.4789, "ai_level": "検討", "ai_symbol": "△", "confidence": 0.5211, "reason": "①青地外(農振)②ハザード外③接道④系統連系 ゲート通過済み(computeCyanLive母集団) / AI衛星判定reject score=0.4789(低いほど優良地寄り) / 閾値cut_ok=0.45以上cut_ng=0.5144未満→検討(△・要目視確認)", "noshin_status": "CLEAR", "hazard_status": "CLEAR"}}, {"type": "Feature", "geometry": {"type": "Point", "coordinates": [136.485983882, 34.9234085030001]}, "properties": {"feature_id": "241475081", "city": "鈴鹿市", "area_sqm": 1981, "reject": 0.4791, "ai_level": "検討", "ai_symbol": "△", "confidence": 0.5209, "reason": "①青地外(農振)②ハザード外③接道④系統連系 ゲート通過済み(computeCyanLive母集団) / AI衛星判定reject score=0.4791(低いほど優良地寄り) / 閾値cut_ok=0.45以上cut_ng=0.5144未満→検討(△・要目視確認)", "noshin_status": "CLEAR", "hazard_status": "CLEAR"}}, {"type": "Feature", "geometry": {"type": "Point", "coordinates": [136.659295587, 34.52534001]}, "properties": {"feature_id": "242612995", "city": "明和町", "area_sqm": 975, "reject": 0.4792, "ai_level": "検討", "ai_symbol": "△", "confidence": 0.5208, "reason": "①青地外(農振)②ハザード外③接道④系統連系 ゲート通過済み(computeCyanLive母集団) / AI衛星判定reject score=0.4792(低いほど優良地寄り) / 閾値cut_ok=0.45以上cut_ng=0.5144未満→検討(△・要目視確認)", "noshin_status": "CLEAR", "hazard_status": "CLEAR"}}, {"type": "Feature", "geometry": {"type": "Point", "coordinates": [136.495709994, 34.8828593580001]}, "properties": {"feature_id": "241392521", "city": "鈴鹿市", "area_sqm": 1289, "reject": 0.4795, "ai_level": "検討", "ai_symbol": "△", "confidence": 0.5205, "reason": "①青地外(農振)②ハザード外③接道④系統連系 ゲート通過済み(computeCyanLive母集団) / AI衛星判定reject score=0.4795(低いほど優良地寄り) / 閾値cut_ok=0.45以上cut_ng=0.5144未満→検討(△・要目視確認)", "noshin_status": "CLEAR", "hazard_status": "CLEAR"}}, {"type": "Feature", "geometry": {"type": "Point", "coordinates": [136.33327855100003, 34.66680446500004]}, "properties": {"feature_id": "479044994", "city": "津市", "area_sqm": 984, "reject": 0.4808, "ai_level": "検討", "ai_symbol": "△", "confidence": 0.5192, "reason": "①青地外(農振)②ハザード外③接道④系統連系 ゲート通過済み(computeCyanLive母集団) / AI衛星判定reject score=0.4808(低いほど優良地寄り) / 閾値cut_ok=0.45以上cut_ng=0.5144未満→検討(△・要目視確認)", "noshin_status": "CLEAR", "hazard_status": "CLEAR"}}, {"type": "Feature", "geometry": {"type": "Point", "coordinates": [136.55608521600004, 34.90117597400007]}, "properties": {"feature_id": "241398541", "city": "鈴鹿市", "area_sqm": 1594, "reject": 0.4816, "ai_level": "検討", "ai_symbol": "△", "confidence": 0.5184, "reason": "①青地外(農振)②ハザード外③接道④系統連系 ゲート通過済み(computeCyanLive母集団) / AI衛星判定reject score=0.4816(低いほど優良地寄り) / 閾値cut_ok=0.45以上cut_ng=0.5144未満→検討(△・要目視確認)", "noshin_status": "CLEAR", "hazard_status": "CLEAR"}}, {"type": "Feature", "geometry": {"type": "Point", "coordinates": [136.49955744500005, 34.84691957200005]}, "properties": {"feature_id": "241383823", "city": "鈴鹿市", "area_sqm": 895, "reject": 0.4817, "ai_level": "検討", "ai_symbol": "△", "confidence": 0.5183, "reason": "①青地外(農振)②ハザード外③接道④系統連系 ゲート通過済み(computeCyanLive母集団) / AI衛星判定reject score=0.4817(低いほど優良地寄り) / 閾値cut_ok=0.45以上cut_ng=0.5144未満→検討(△・要目視確認)", "noshin_status": "CLEAR", "hazard_status": "CLEAR"}}, {"type": "Feature", "geometry": {"type": "Point", "coordinates": [136.50030285200012, 34.851523704000044]}, "properties": {"feature_id": "241383507", "city": "鈴鹿市", "area_sqm": 1221, "reject": 0.4822, "ai_level": "検討", "ai_symbol": "△", "confidence": 0.5178, "reason": "①青地外(農振)②ハザード外③接道④系統連系 ゲート通過済み(computeCyanLive母集団) / AI衛星判定reject score=0.4822(低いほど優良地寄り) / 閾値cut_ok=0.45以上cut_ng=0.5144未満→検討(△・要目視確認)", "noshin_status": "CLEAR", "hazard_status": "CLEAR"}}, {"type": "Feature", "geometry": {"type": "Point", "coordinates": [136.45924848700008, 34.68904428700006]}, "properties": {"feature_id": "478768179", "city": "津市", "area_sqm": 1659, "reject": 0.4825, "ai_level": "検討", "ai_symbol": "△", "confidence": 0.5175, "reason": "①青地外(農振)②ハザード外③接道④系統連系 ゲート通過済み(computeCyanLive母集団) / AI衛星判定reject score=0.4825(低いほど優良地寄り) / 閾値cut_ok=0.45以上cut_ng=0.5144未満→検討(△・要目視確認)", "noshin_status": "CLEAR", "hazard_status": "CLEAR"}}, {"type": "Feature", "geometry": {"type": "Point", "coordinates": [136.49746260400002, 34.860834143000034]}, "properties": {"feature_id": "241381357", "city": "鈴鹿市", "area_sqm": 935, "reject": 0.4828, "ai_level": "検討", "ai_symbol": "△", "confidence": 0.5172, "reason": "①青地外(農振)②ハザード外③接道④系統連系 ゲート通過済み(computeCyanLive母集団) / AI衛星判定reject score=0.4828(低いほど優良地寄り) / 閾値cut_ok=0.45以上cut_ng=0.5144未満→検討(△・要目視確認)", "noshin_status": "CLEAR", "hazard_status": "CLEAR"}}, {"type": "Feature", "geometry": {"type": "Point", "coordinates": [136.45087795400002, 34.68121016600003]}, "properties": {"feature_id": "478767584", "city": "津市", "area_sqm": 1022, "reject": 0.484, "ai_level": "検討", "ai_symbol": "△", "confidence": 0.516, "reason": "①青地外(農振)②ハザード外③接道④系統連系 ゲート通過済み(computeCyanLive母集団) / AI衛星判定reject score=0.4840(低いほど優良地寄り) / 閾値cut_ok=0.45以上cut_ng=0.5144未満→検討(△・要目視確認)", "noshin_status": "CLEAR", "hazard_status": "CLEAR"}}, {"type": "Feature", "geometry": {"type": "Point", "coordinates": [136.50021471700006, 34.84575655100008]}, "properties": {"feature_id": "241383833", "city": "鈴鹿市", "area_sqm": 1022, "reject": 0.4845, "ai_level": "検討", "ai_symbol": "△", "confidence": 0.5155, "reason": "①青地外(農振)②ハザード外③接道④系統連系 ゲート通過済み(computeCyanLive母集団) / AI衛星判定reject score=0.4845(低いほど優良地寄り) / 閾値cut_ok=0.45以上cut_ng=0.5144未満→検討(△・要目視確認)", "noshin_status": "CLEAR", "hazard_status": "CLEAR"}}, {"type": "Feature", "geometry": {"type": "Point", "coordinates": [136.5405724850001, 34.921524832000046]}, "properties": {"feature_id": "241458721", "city": "鈴鹿市", "area_sqm": 1709, "reject": 0.4848, "ai_level": "検討", "ai_symbol": "△", "confidence": 0.5152, "reason": "①青地外(農振)②ハザード外③接道④系統連系 ゲート通過済み(computeCyanLive母集団) / AI衛星判定reject score=0.4848(低いほど優良地寄り) / 閾値cut_ok=0.45以上cut_ng=0.5144未満→検討(△・要目視確認)", "noshin_status": "CLEAR", "hazard_status": "CLEAR"}}, {"type": "Feature", "geometry": {"type": "Point", "coordinates": [136.55793816, 35.00966283]}, "properties": {"feature_id": "492623693", "city": "四日市市", "area_sqm": 1826, "reject": 0.4851, "ai_level": "検討", "ai_symbol": "△", "confidence": 0.5149, "reason": "①青地外(農振)②ハザード外③接道④系統連系 ゲート通過済み(computeCyanLive母集団) / AI衛星判定reject score=0.4851(低いほど優良地寄り) / 閾値cut_ok=0.45以上cut_ng=0.5144未満→検討(△・要目視確認)", "noshin_status": "CLEAR", "hazard_status": "CLEAR"}}, {"type": "Feature", "geometry": {"type": "Point", "coordinates": [136.44239465900012, 34.809136211000066]}, "properties": {"feature_id": "478830775", "city": "津市", "area_sqm": 1855, "reject": 0.4853, "ai_level": "検討", "ai_symbol": "△", "confidence": 0.5147, "reason": "①青地外(農振)②ハザード外③接道④系統連系 ゲート通過済み(computeCyanLive母集団) / AI衛星判定reject score=0.4853(低いほど優良地寄り) / 閾値cut_ok=0.45以上cut_ng=0.5144未満→検討(△・要目視確認)", "noshin_status": "CLEAR", "hazard_status": "CLEAR"}}, {"type": "Feature", "geometry": {"type": "Point", "coordinates": [136.46319294900002, 34.69431982100008]}, "properties": {"feature_id": "478724020", "city": "津市", "area_sqm": 1214, "reject": 0.4853, "ai_level": "検討", "ai_symbol": "△", "confidence": 0.5147, "reason": "①青地外(農振)②ハザード外③接道④系統連系 ゲート通過済み(computeCyanLive母集団) / AI衛星判定reject score=0.4853(低いほど優良地寄り) / 閾値cut_ok=0.45以上cut_ng=0.5144未満→検討(△・要目視確認)", "noshin_status": "CLEAR", "hazard_status": "CLEAR"}}, {"type": "Feature", "geometry": {"type": "Point", "coordinates": [136.45421839100004, 34.683453814000075]}, "properties": {"feature_id": "478767780", "city": "津市", "area_sqm": 1000, "reject": 0.4855, "ai_level": "検討", "ai_symbol": "△", "confidence": 0.5145, "reason": "①青地外(農振)②ハザード外③接道④系統連系 ゲート通過済み(computeCyanLive母集団) / AI衛星判定reject score=0.4855(低いほど優良地寄り) / 閾値cut_ok=0.45以上cut_ng=0.5144未満→検討(△・要目視確認)", "noshin_status": "CLEAR", "hazard_status": "CLEAR"}}, {"type": "Feature", "geometry": {"type": "Point", "coordinates": [136.658985185, 34.5255847010001]}, "properties": {"feature_id": "242612997", "city": "明和町", "area_sqm": 1143, "reject": 0.486, "ai_level": "検討", "ai_symbol": "△", "confidence": 0.514, "reason": "①青地外(農振)②ハザード外③接道④系統連系 ゲート通過済み(computeCyanLive母集団) / AI衛星判定reject score=0.4860(低いほど優良地寄り) / 閾値cut_ok=0.45以上cut_ng=0.5144未満→検討(△・要目視確認)", "noshin_status": "CLEAR", "hazard_status": "CLEAR"}}, {"type": "Feature", "geometry": {"type": "Point", "coordinates": [136.47520391, 34.97958027]}, "properties": {"feature_id": "492647315", "city": "四日市市", "area_sqm": 943, "reject": 0.4863, "ai_level": "検討", "ai_symbol": "△", "confidence": 0.5137, "reason": "①青地外(農振)②ハザード外③接道④系統連系 ゲート通過済み(computeCyanLive母集団) / AI衛星判定reject score=0.4863(低いほど優良地寄り) / 閾値cut_ok=0.45以上cut_ng=0.5144未満→検討(△・要目視確認)", "noshin_status": "CLEAR", "hazard_status": "CLEAR"}}, {"type": "Feature", "geometry": {"type": "Point", "coordinates": [136.41993169900002, 34.68061064900007]}, "properties": {"feature_id": "478772646", "city": "津市", "area_sqm": 909, "reject": 0.4866, "ai_level": "検討", "ai_symbol": "△", "confidence": 0.5134, "reason": "①青地外(農振)②ハザード外③接道④系統連系 ゲート通過済み(computeCyanLive母集団) / AI衛星判定reject score=0.4866(低いほど優良地寄り) / 閾値cut_ok=0.45以上cut_ng=0.5144未満→検討(△・要目視確認)", "noshin_status": "CLEAR", "hazard_status": "CLEAR"}}, {"type": "Feature", "geometry": {"type": "Point", "coordinates": [136.56554577, 35.00544499]}, "properties": {"feature_id": "492625253", "city": "四日市市", "area_sqm": 958, "reject": 0.4875, "ai_level": "検討", "ai_symbol": "△", "confidence": 0.5125, "reason": "①青地外(農振)②ハザード外③接道④系統連系 ゲート通過済み(computeCyanLive母集団) / AI衛星判定reject score=0.4875(低いほど優良地寄り) / 閾値cut_ok=0.45以上cut_ng=0.5144未満→検討(△・要目視確認)", "noshin_status": "CLEAR", "hazard_status": "CLEAR"}}, {"type": "Feature", "geometry": {"type": "Point", "coordinates": [136.45724448700003, 34.68413868500005]}, "properties": {"feature_id": "478769518", "city": "津市", "area_sqm": 1000, "reject": 0.4876, "ai_level": "検討", "ai_symbol": "△", "confidence": 0.5124, "reason": "①青地外(農振)②ハザード外③接道④系統連系 ゲート通過済み(computeCyanLive母集団) / AI衛星判定reject score=0.4876(低いほど優良地寄り) / 閾値cut_ok=0.45以上cut_ng=0.5144未満→検討(△・要目視確認)", "noshin_status": "CLEAR", "hazard_status": "CLEAR"}}, {"type": "Feature", "geometry": {"type": "Point", "coordinates": [136.49053059800008, 34.919769202000055]}, "properties": {"feature_id": "241475518", "city": "鈴鹿市", "area_sqm": 1498, "reject": 0.4882, "ai_level": "検討", "ai_symbol": "△", "confidence": 0.5118, "reason": "①青地外(農振)②ハザード外③接道④系統連系 ゲート通過済み(computeCyanLive母集団) / AI衛星判定reject score=0.4882(低いほど優良地寄り) / 閾値cut_ok=0.45以上cut_ng=0.5144未満→検討(△・要目視確認)", "noshin_status": "CLEAR", "hazard_status": "CLEAR"}}, {"type": "Feature", "geometry": {"type": "Point", "coordinates": [136.48711297500006, 34.92872877700006]}, "properties": {"feature_id": "241473016", "city": "鈴鹿市", "area_sqm": 1487, "reject": 0.4882, "ai_level": "検討", "ai_symbol": "△", "confidence": 0.5118, "reason": "①青地外(農振)②ハザード外③接道④系統連系 ゲート通過済み(computeCyanLive母集団) / AI衛星判定reject score=0.4882(低いほど優良地寄り) / 閾値cut_ok=0.45以上cut_ng=0.5144未満→検討(△・要目視確認)", "noshin_status": "CLEAR", "hazard_status": "CLEAR"}}, {"type": "Feature", "geometry": {"type": "Point", "coordinates": [136.57654444, 35.00869149]}, "properties": {"feature_id": "492626640", "city": "四日市市", "area_sqm": 1215, "reject": 0.4885, "ai_level": "検討", "ai_symbol": "△", "confidence": 0.5115, "reason": "①青地外(農振)②ハザード外③接道④系統連系 ゲート通過済み(computeCyanLive母集団) / AI衛星判定reject score=0.4885(低いほど優良地寄り) / 閾値cut_ok=0.45以上cut_ng=0.5144未満→検討(△・要目視確認)", "noshin_status": "CLEAR", "hazard_status": "CLEAR"}}, {"type": "Feature", "geometry": {"type": "Point", "coordinates": [136.49113599700001, 34.91954843700006]}, "properties": {"feature_id": "241475530", "city": "鈴鹿市", "area_sqm": 1486, "reject": 0.4891, "ai_level": "検討", "ai_symbol": "△", "confidence": 0.5109, "reason": "①青地外(農振)②ハザード外③接道④系統連系 ゲート通過済み(computeCyanLive母集団) / AI衛星判定reject score=0.4891(低いほど優良地寄り) / 閾値cut_ok=0.45以上cut_ng=0.5144未満→検討(△・要目視確認)", "noshin_status": "CLEAR", "hazard_status": "CLEAR"}}, {"type": "Feature", "geometry": {"type": "Point", "coordinates": [136.49580661200002, 34.88333827200006]}, "properties": {"feature_id": "241392525", "city": "鈴鹿市", "area_sqm": 928, "reject": 0.4891, "ai_level": "検討", "ai_symbol": "△", "confidence": 0.5109, "reason": "①青地外(農振)②ハザード外③接道④系統連系 ゲート通過済み(computeCyanLive母集団) / AI衛星判定reject score=0.4891(低いほど優良地寄り) / 閾値cut_ok=0.45以上cut_ng=0.5144未満→検討(△・要目視確認)", "noshin_status": "CLEAR", "hazard_status": "CLEAR"}}, {"type": "Feature", "geometry": {"type": "Point", "coordinates": [136.43983705200003, 34.80870882800008]}, "properties": {"feature_id": "478830774", "city": "津市", "area_sqm": 1912, "reject": 0.4897, "ai_level": "検討", "ai_symbol": "△", "confidence": 0.5103, "reason": "①青地外(農振)②ハザード外③接道④系統連系 ゲート通過済み(computeCyanLive母集団) / AI衛星判定reject score=0.4897(低いほど優良地寄り) / 閾値cut_ok=0.45以上cut_ng=0.5144未満→検討(△・要目視確認)", "noshin_status": "CLEAR", "hazard_status": "CLEAR"}}, {"type": "Feature", "geometry": {"type": "Point", "coordinates": [136.46246640200002, 34.69217001900006]}, "properties": {"feature_id": "478723615", "city": "津市", "area_sqm": 1013, "reject": 0.4897, "ai_level": "検討", "ai_symbol": "△", "confidence": 0.5103, "reason": "①青地外(農振)②ハザード外③接道④系統連系 ゲート通過済み(computeCyanLive母集団) / AI衛星判定reject score=0.4897(低いほど優良地寄り) / 閾値cut_ok=0.45以上cut_ng=0.5144未満→検討(△・要目視確認)", "noshin_status": "CLEAR", "hazard_status": "CLEAR"}}, {"type": "Feature", "geometry": {"type": "Point", "coordinates": [136.55833264900002, 34.89881100400004]}, "properties": {"feature_id": "241417307", "city": "鈴鹿市", "area_sqm": 942, "reject": 0.4899, "ai_level": "検討", "ai_symbol": "△", "confidence": 0.5101, "reason": "①青地外(農振)②ハザード外③接道④系統連系 ゲート通過済み(computeCyanLive母集団) / AI衛星判定reject score=0.4899(低いほど優良地寄り) / 閾値cut_ok=0.45以上cut_ng=0.5144未満→検討(△・要目視確認)", "noshin_status": "CLEAR", "hazard_status": "CLEAR"}}, {"type": "Feature", "geometry": {"type": "Point", "coordinates": [136.55571872100006, 34.90083641600006]}, "properties": {"feature_id": "241398551", "city": "鈴鹿市", "area_sqm": 890, "reject": 0.491, "ai_level": "検討", "ai_symbol": "△", "confidence": 0.509, "reason": "①青地外(農振)②ハザード外③接道④系統連系 ゲート通過済み(computeCyanLive母集団) / AI衛星判定reject score=0.4910(低いほど優良地寄り) / 閾値cut_ok=0.45以上cut_ng=0.5144未満→検討(△・要目視確認)", "noshin_status": "CLEAR", "hazard_status": "CLEAR"}}, {"type": "Feature", "geometry": {"type": "Point", "coordinates": [136.4770313580001, 34.91055009000007]}, "properties": {"feature_id": "241478263", "city": "鈴鹿市", "area_sqm": 978, "reject": 0.4921, "ai_level": "検討", "ai_symbol": "△", "confidence": 0.5079, "reason": "①青地外(農振)②ハザード外③接道④系統連系 ゲート通過済み(computeCyanLive母集団) / AI衛星判定reject score=0.4921(低いほど優良地寄り) / 閾値cut_ok=0.45以上cut_ng=0.5144未満→検討(△・要目視確認)", "noshin_status": "CLEAR", "hazard_status": "CLEAR"}}, {"type": "Feature", "geometry": {"type": "Point", "coordinates": [136.495248436, 34.8829851840001]}, "properties": {"feature_id": "241392508", "city": "鈴鹿市", "area_sqm": 1370, "reject": 0.4929, "ai_level": "検討", "ai_symbol": "△", "confidence": 0.5071, "reason": "①青地外(農振)②ハザード外③接道④系統連系 ゲート通過済み(computeCyanLive母集団) / AI衛星判定reject score=0.4929(低いほど優良地寄り) / 閾値cut_ok=0.45以上cut_ng=0.5144未満→検討(△・要目視確認)", "noshin_status": "CLEAR", "hazard_status": "CLEAR"}}, {"type": "Feature", "geometry": {"type": "Point", "coordinates": [136.46001409200005, 34.969178691000025]}, "properties": {"feature_id": "241464908", "city": "鈴鹿市", "area_sqm": 1038, "reject": 0.4938, "ai_level": "検討", "ai_symbol": "△", "confidence": 0.5062, "reason": "①青地外(農振)②ハザード外③接道④系統連系 ゲート通過済み(computeCyanLive母集団) / AI衛星判定reject score=0.4938(低いほど優良地寄り) / 閾値cut_ok=0.45以上cut_ng=0.5144未満→検討(△・要目視確認)", "noshin_status": "CLEAR", "hazard_status": "CLEAR"}}, {"type": "Feature", "geometry": {"type": "Point", "coordinates": [136.50054702400007, 34.85500537300004]}, "properties": {"feature_id": "241382006", "city": "鈴鹿市", "area_sqm": 1031, "reject": 0.4942, "ai_level": "検討", "ai_symbol": "△", "confidence": 0.5058, "reason": "①青地外(農振)②ハザード外③接道④系統連系 ゲート通過済み(computeCyanLive母集団) / AI衛星判定reject score=0.4942(低いほど優良地寄り) / 閾値cut_ok=0.45以上cut_ng=0.5144未満→検討(△・要目視確認)", "noshin_status": "CLEAR", "hazard_status": "CLEAR"}}, {"type": "Feature", "geometry": {"type": "Point", "coordinates": [136.4787158590001, 34.91112832600004]}, "properties": {"feature_id": "241478749", "city": "鈴鹿市", "area_sqm": 938, "reject": 0.4955, "ai_level": "検討", "ai_symbol": "△", "confidence": 0.5045, "reason": "①青地外(農振)②ハザード外③接道④系統連系 ゲート通過済み(computeCyanLive母集団) / AI衛星判定reject score=0.4955(低いほど優良地寄り) / 閾値cut_ok=0.45以上cut_ng=0.5144未満→検討(△・要目視確認)", "noshin_status": "CLEAR", "hazard_status": "CLEAR"}}, {"type": "Feature", "geometry": {"type": "Point", "coordinates": [136.50816097, 34.99036151]}, "properties": {"feature_id": "492615669", "city": "四日市市", "area_sqm": 945, "reject": 0.4961, "ai_level": "検討", "ai_symbol": "△", "confidence": 0.5039, "reason": "①青地外(農振)②ハザード外③接道④系統連系 ゲート通過済み(computeCyanLive母集団) / AI衛星判定reject score=0.4961(低いほど優良地寄り) / 閾値cut_ok=0.45以上cut_ng=0.5144未満→検討(△・要目視確認)", "noshin_status": "CLEAR", "hazard_status": "CLEAR"}}, {"type": "Feature", "geometry": {"type": "Point", "coordinates": [136.49191633700002, 34.926360755000076]}, "properties": {"feature_id": "241475121", "city": "鈴鹿市", "area_sqm": 1074, "reject": 0.4967, "ai_level": "検討", "ai_symbol": "△", "confidence": 0.5033, "reason": "①青地外(農振)②ハザード外③接道④系統連系 ゲート通過済み(computeCyanLive母集団) / AI衛星判定reject score=0.4967(低いほど優良地寄り) / 閾値cut_ok=0.45以上cut_ng=0.5144未満→検討(△・要目視確認)", "noshin_status": "CLEAR", "hazard_status": "CLEAR"}}, {"type": "Feature", "geometry": {"type": "Point", "coordinates": [136.4705521520001, 34.69268798400003]}, "properties": {"feature_id": "478723795", "city": "津市", "area_sqm": 2211, "reject": 0.4972, "ai_level": "検討", "ai_symbol": "△", "confidence": 0.5028, "reason": "①青地外(農振)②ハザード外③接道④系統連系 ゲート通過済み(computeCyanLive母集団) / AI衛星判定reject score=0.4972(低いほど優良地寄り) / 閾値cut_ok=0.45以上cut_ng=0.5144未満→検討(△・要目視確認)", "noshin_status": "CLEAR", "hazard_status": "CLEAR"}}, {"type": "Feature", "geometry": {"type": "Point", "coordinates": [136.5013146240001, 34.85154235400006]}, "properties": {"feature_id": "241383509", "city": "鈴鹿市", "area_sqm": 1285, "reject": 0.4975, "ai_level": "検討", "ai_symbol": "△", "confidence": 0.5025, "reason": "①青地外(農振)②ハザード外③接道④系統連系 ゲート通過済み(computeCyanLive母集団) / AI衛星判定reject score=0.4975(低いほど優良地寄り) / 閾値cut_ok=0.45以上cut_ng=0.5144未満→検討(△・要目視確認)", "noshin_status": "CLEAR", "hazard_status": "CLEAR"}}, {"type": "Feature", "geometry": {"type": "Point", "coordinates": [136.47653363300003, 34.91041785800007]}, "properties": {"feature_id": "241478259", "city": "鈴鹿市", "area_sqm": 1448, "reject": 0.4979, "ai_level": "検討", "ai_symbol": "△", "confidence": 0.5021, "reason": "①青地外(農振)②ハザード外③接道④系統連系 ゲート通過済み(computeCyanLive母集団) / AI衛星判定reject score=0.4979(低いほど優良地寄り) / 閾値cut_ok=0.45以上cut_ng=0.5144未満→検討(△・要目視確認)", "noshin_status": "CLEAR", "hazard_status": "CLEAR"}}, {"type": "Feature", "geometry": {"type": "Point", "coordinates": [136.46275723200006, 34.68547706500004]}, "properties": {"feature_id": "478724284", "city": "津市", "area_sqm": 942, "reject": 0.4983, "ai_level": "検討", "ai_symbol": "△", "confidence": 0.5017, "reason": "①青地外(農振)②ハザード外③接道④系統連系 ゲート通過済み(computeCyanLive母集団) / AI衛星判定reject score=0.4983(低いほど優良地寄り) / 閾値cut_ok=0.45以上cut_ng=0.5144未満→検討(△・要目視確認)", "noshin_status": "CLEAR", "hazard_status": "CLEAR"}}, {"type": "Feature", "geometry": {"type": "Point", "coordinates": [136.59081595, 34.91796149]}, "properties": {"feature_id": "492645454", "city": "四日市市", "area_sqm": 2033, "reject": 0.4998, "ai_level": "検討", "ai_symbol": "△", "confidence": 0.5002, "reason": "①青地外(農振)②ハザード外③接道④系統連系 ゲート通過済み(computeCyanLive母集団) / AI衛星判定reject score=0.4998(低いほど優良地寄り) / 閾値cut_ok=0.45以上cut_ng=0.5144未満→検討(△・要目視確認)", "noshin_status": "CLEAR", "hazard_status": "CLEAR"}}, {"type": "Feature", "geometry": {"type": "Point", "coordinates": [136.55602359500006, 34.90172213400007]}, "properties": {"feature_id": "241398538", "city": "鈴鹿市", "area_sqm": 1931, "reject": 0.5, "ai_level": "検討", "ai_symbol": "△", "confidence": 0.5, "reason": "①青地外(農振)②ハザード外③接道④系統連系 ゲート通過済み(computeCyanLive母集団) / AI衛星判定reject score=0.5000(低いほど優良地寄り) / 閾値cut_ok=0.45以上cut_ng=0.5144未満→検討(△・要目視確認)", "noshin_status": "CLEAR", "hazard_status": "CLEAR"}}, {"type": "Feature", "geometry": {"type": "Point", "coordinates": [136.55337324, 35.06368132]}, "properties": {"feature_id": "492655386", "city": "四日市市", "area_sqm": 1525, "reject": 0.5032, "ai_level": "検討", "ai_symbol": "△", "confidence": 0.4968, "reason": "①青地外(農振)②ハザード外③接道④系統連系 ゲート通過済み(computeCyanLive母集団) / AI衛星判定reject score=0.5032(低いほど優良地寄り) / 閾値cut_ok=0.45以上cut_ng=0.5144未満→検討(△・要目視確認)", "noshin_status": "CLEAR", "hazard_status": "CLEAR"}}, {"type": "Feature", "geometry": {"type": "Point", "coordinates": [136.50193831600006, 34.81699972900003]}, "properties": {"feature_id": "241452019", "city": "鈴鹿市", "area_sqm": 1644, "reject": 0.5033, "ai_level": "検討", "ai_symbol": "△", "confidence": 0.4967, "reason": "①青地外(農振)②ハザード外③接道④系統連系 ゲート通過済み(computeCyanLive母集団) / AI衛星判定reject score=0.5033(低いほど優良地寄り) / 閾値cut_ok=0.45以上cut_ng=0.5144未満→検討(△・要目視確認)", "noshin_status": "CLEAR", "hazard_status": "CLEAR"}}, {"type": "Feature", "geometry": {"type": "Point", "coordinates": [136.48652171300012, 34.92991122800004]}, "properties": {"feature_id": "241473006", "city": "鈴鹿市", "area_sqm": 991, "reject": 0.505, "ai_level": "検討", "ai_symbol": "△", "confidence": 0.495, "reason": "①青地外(農振)②ハザード外③接道④系統連系 ゲート通過済み(computeCyanLive母集団) / AI衛星判定reject score=0.5050(低いほど優良地寄り) / 閾値cut_ok=0.45以上cut_ng=0.5144未満→検討(△・要目視確認)", "noshin_status": "CLEAR", "hazard_status": "CLEAR"}}, {"type": "Feature", "geometry": {"type": "Point", "coordinates": [136.5333944, 34.96103545]}, "properties": {"feature_id": "492581879", "city": "四日市市", "area_sqm": 6039, "reject": 0.5116, "ai_level": "検討", "ai_symbol": "△", "confidence": 0.4884, "reason": "①青地外(農振)②ハザード外③接道④系統連系 ゲート通過済み(computeCyanLive母集団) / AI衛星判定reject score=0.5116(低いほど優良地寄り) / 閾値cut_ok=0.45以上cut_ng=0.5144未満→検討(△・要目視確認)", "noshin_status": "CLEAR", "hazard_status": "CLEAR"}}, {"type": "Feature", "geometry": {"type": "Point", "coordinates": [136.47673098100006, 34.93230663200006]}, "properties": {"feature_id": "241472460", "city": "鈴鹿市", "area_sqm": 2441, "reject": 0.514, "ai_level": "検討", "ai_symbol": "△", "confidence": 0.486, "reason": "①青地外(農振)②ハザード外③接道④系統連系 ゲート通過済み(computeCyanLive母集団) / AI衛星判定reject score=0.5140(低いほど優良地寄り) / 閾値cut_ok=0.45以上cut_ng=0.5144未満→検討(△・要目視確認)", "noshin_status": "CLEAR", "hazard_status": "CLEAR"}}]}